"id","name","year","api_pitch_type","team_name","bat_side_formatted","miss_distance","flawed_percent","perfect_percent","tied_up_percent","avg_x_tied_up","centered_percent","flailed_percent","avg_x_flail","early_percent","avg_y_early","on_time_percent","late_percent","avg_y_late","n_swings","whiff_rate","competitive_percent","over_percent","avg_z_over","lined_up_percent","under_percent","avg_z_under"
694819,"Misiorowski, Jacob",2026,"FF","Brewers","R","1.310511146",0.08614232209737828,0.1348314606741573,0.10112359550561797,-6.24825098813202,0.7191011235955056,0.1797752808988764,7.651156896329836,0.0056179775280898875,9.559416039788118,0.653558052434457,0.3408239700374532,-10.603976169569183,534,0.4250936329588015,0.8838951310861424,0.003745318352059925,-2.8783701228343044,0.3838951310861423,0.6123595505617978,3.5184457562353386
592332,"Gausman, Kevin",2026,"FF","Blue Jays","R","0.966340687",0.018036072144288578,0.250501002004008,0.09418837675350701,-5.540828256675413,0.8176352705410822,0.08817635270541083,5.809696781778955,0.002004008016032064,7.951439178312443,0.6673346693386774,0.3306613226452906,-10.06438356874237,499,0.17034068136272545,0.9218436873747495,0.01002004008016032,-2.248550234460259,0.5791583166332666,0.41082164328657317,2.954237913640734
693645,"Schlittler, Cam",2026,"FF","Yankees","R","1.17686588",0.039337474120082816,0.15320910973084886,0.08074534161490683,-5.585402753539387,0.782608695652174,0.13664596273291926,7.108560611869421,0.004140786749482402,8.46197478686278,0.7122153209109731,0.2836438923395445,-10.276640534450946,483,0.34782608695652173,0.8840579710144928,0,,0.422360248447205,0.577639751552795,3.3126092477355904
642547,"Peralta, Freddy",2026,"FF","Mets","R","1.118154056",0.02536997885835095,0.26215644820295986,0.06976744186046512,-5.635908266601774,0.8245243128964059,0.10570824524312897,6.160938968674711,0.008456659619450317,8.880359455619026,0.758985200845666,0.23255813953488372,-9.869286597353906,473,0.2219873150105708,0.9408033826638478,0.006342494714587738,-2.5112747258626316,0.5264270613107822,0.46723044397463004,3.1059764386956177
695505,"Burns, Chase",2026,"FF","Reds","R","0.854955172",0.01702127659574468,0.2553191489361702,0.07021276595744681,-5.107825342636083,0.8319148936170213,0.09787234042553192,5.567495282435898,0.019148936170212766,8.2359559760278,0.7914893617021277,0.18936170212765957,-10.235121978475837,470,0.17446808510638298,0.9276595744680851,0.01276595744680851,-2.581116032584594,0.574468085106383,0.4127659574468085,2.878164402575118
694973,"Skenes, Paul",2026,"FF","Pirates","R","1.12154204",0.05010893246187364,0.17429193899782136,0.09586056644880174,-5.4139081086717065,0.7908496732026143,0.11328976034858387,6.5786473711305105,0.010893246187363835,8.045083805423642,0.7145969498910676,0.27450980392156865,-10.54778400985678,459,0.3093681917211329,0.8932461873638344,0.006535947712418301,-2.252432500264752,0.41830065359477125,0.5751633986928104,3.239921539544378
669022,"Gore, MacKenzie",2026,"FF","Rangers","L","0.963493878",0.053811659192825115,0.19955156950672645,0.10089686098654709,-5.542364177310043,0.7690582959641256,0.13004484304932734,6.309068185010167,0.008968609865470852,9.492803949270806,0.726457399103139,0.2645739910313901,-10.87041561189529,446,0.2399103139013453,0.905829596412556,0.006726457399103139,-3.0507588963399828,0.531390134529148,0.4618834080717489,3.068718906372379
657746,"Ryan, Joe",2026,"FF","Twins","R","1.069999373",0.031818181818181815,0.20227272727272727,0.09545454545454546,-5.69579513874857,0.8045454545454546,0.1,6.028155145921022,0.015909090909090907,8.820492995248703,0.7818181818181819,0.20227272727272727,-10.218821817437032,440,0.275,0.9340909090909091,0.006818181818181818,-2.1557249603127127,0.45,0.5431818181818182,3.0729713592359538
672282,"Detmers, Reid",2026,"FF","Angels","L","1.064702125",0.04555808656036447,0.24829157175398633,0.06150341685649203,-6.1149695192468245,0.8200455580865603,0.11845102505694761,7.067602322893381,0.004555808656036446,7.828133342987572,0.7585421412300684,0.23690205011389523,-10.67041773212355,439,0.23006833712984054,0.9134396355353075,0.00683371298405467,-2.4988992407783552,0.5056947608200456,0.4874715261958998,2.9700945953176845
693433,"Woo, Bryan",2026,"FF","Mariners","R","0.978355114",0.03218390804597701,0.2413793103448276,0.059770114942528735,-5.493809446362213,0.8114942528735632,0.12873563218390804,6.27916477938099,0,,0.7724137931034483,0.22758620689655173,-10.56104209701412,435,0.26666666666666666,0.9103448275862069,0,,0.45977011494252873,0.5402298850574713,3.1451326391638745
650911,"Sánchez, Cristopher",2026,"CH","Phillies","L","3.869504588",0.18202764976958524,0.14055299539170507,0.01152073732718894,-7.573439194015437,0.35714285714285715,0.631336405529954,8.937313151641465,0.5483870967741935,12.000758072623155,0.43548387096774194,0.016129032258064516,-11.906805583654041,434,0.45852534562211983,0.9354838709677419,0.3456221198156682,-3.207981865757397,0.6290322580645161,0.02534562211981567,2.665888010290499
671737,"Bradley, Taj",2026,"FF","Twins","R","0.840598636",0.016166281755196306,0.302540415704388,0.053117782909930716,-5.100041131496299,0.8775981524249422,0.06928406466512702,6.421457651517787,0.006928406466512702,8.10945648501339,0.8221709006928406,0.17090069284064666,-10.012289109257594,433,0.15011547344110854,0.9353348729792148,0.009237875288683603,-2.346488876342881,0.5750577367205543,0.41570438799076215,2.86190090220459
690986,"Harrison, Kyle",2026,"FF","Brewers","L","0.974547611",0.06264501160092807,0.17633410672853828,0.058004640371229696,-6.0496007574573145,0.7911832946635731,0.15081206496519722,6.60041127285914,0.0069605568445475635,8.558784176105144,0.6450116009280742,0.3480278422273782,-10.544899877958386,431,0.31786542923433875,0.9303944315545244,0.004640371229698376,-2.6318749101832695,0.4222737819025522,0.5730858468677494,3.186545812350566
671096,"Abbott, Andrew",2026,"FF","Reds","L","0.994556052",0.03349282296650718,0.3229665071770335,0.07177033492822966,-5.898192229630693,0.7870813397129187,0.14114832535885166,6.282249702868906,0.014354066985645933,8.251685585029248,0.7607655502392344,0.22488038277511962,-10.503251972056932,418,0.13157894736842105,0.9234449760765551,0.014354066985645933,-3.1920547934157195,0.6435406698564593,0.34210526315789475,2.7973687571340387
622491,"Castillo, Luis",2026,"FF","Mariners","R","0.983575803",0.04271356783919598,0.20854271356783918,0.08040201005025126,-5.1645797507105256,0.8115577889447236,0.10804020100502512,6.440280767622007,0.005025125628140704,8.120958651447907,0.7713567839195979,0.2236180904522613,-9.604921693123798,398,0.2814070351758794,0.9296482412060302,0,,0.45226130653266333,0.5477386934673367,3.069905561645341
696149,"Chandler, Bubba",2026,"FF","Pirates","R","0.945161638",0.030456852791878174,0.2233502538071066,0.09898477157360407,-5.572041124449669,0.8020304568527918,0.09898477157360407,7.548643936599349,0.005076142131979695,9.650962612515379,0.7436548223350253,0.2512690355329949,-10.626594378440018,394,0.21573604060913706,0.868020304568528,0.005076142131979695,-2.225481236232763,0.5101522842639594,0.4847715736040609,2.9833564223634075
669432,"Rogers, Trevor",2026,"FF","Orioles","L","1.227045016",0.035897435897435895,0.2076923076923077,0.06666666666666667,-5.925139708931306,0.8282051282051283,0.10512820512820513,6.592483711245312,0.017948717948717947,8.32225303813404,0.7512820512820513,0.23076923076923078,-9.957341732419854,390,0.24615384615384617,0.9179487179487179,0.005128205128205128,-11.832872043900313,0.4897435897435897,0.5051282051282051,3.039943406952552
669302,"Gilbert, Logan",2026,"FF","Mariners","R","0.86159892",0.015384615384615385,0.23076923076923078,0.06923076923076923,-5.658497138945246,0.8641025641025641,0.06666666666666667,6.153325501828245,0.010256410256410256,8.386030518897414,0.7948717948717948,0.19487179487179487,-9.510340969720211,390,0.2564102564102564,0.9256410256410257,0.007692307692307693,-4.29111161715987,0.48205128205128206,0.5102564102564102,2.9159809016067832
650911,"Sánchez, Cristopher",2026,"SI","Phillies","L","1.082084268",0.01804123711340206,0.3324742268041237,0.1134020618556701,-6.1856651943875525,0.6958762886597938,0.19072164948453607,6.7096123380692525,0.007731958762886598,7.86969588438047,0.7989690721649485,0.19329896907216496,-10.233666230732894,388,0.1211340206185567,0.9587628865979382,0.12371134020618557,-2.706210830946544,0.7216494845360825,0.15463917525773196,2.6798728965490257
543135,"Eovaldi, Nathan",2026,"FS","Rangers","R","2.299971458",0.09560723514211886,0.21188630490956073,0.041343669250646,-5.607673673038579,0.5684754521963824,0.39018087855297157,6.789293817426401,0.2661498708010336,9.932100349296356,0.689922480620155,0.04392764857881137,-10.282241643958386,387,0.3488372093023256,0.9715762273901809,0.38242894056847543,-3.062846590585151,0.5684754521963824,0.04909560723514212,2.780629018450669
680732,"Burke, Sean",2026,"FF","White Sox","R","0.951643811",0.038860103626943004,0.20466321243523317,0.07512953367875648,-5.517756610069485,0.7953367875647669,0.12953367875647667,6.465067423414734,0.0025906735751295338,7.424141293284451,0.7020725388601037,0.29533678756476683,-10.26946111473784,386,0.27202072538860106,0.883419689119171,0.0051813471502590676,-3.8800789560818427,0.5077720207253886,0.48704663212435234,3.079984776256185
691587,"Pérez, Eury",2026,"FF","Marlins","R","1.004706843",0.023376623376623377,0.2077922077922078,0.08831168831168831,-5.516176698789245,0.7740259740259741,0.13766233766233765,6.987548497320182,0.033766233766233764,8.609037614694907,0.8285714285714286,0.13766233766233765,-10.193405567493903,385,0.23636363636363636,0.9402597402597402,0.01818181818181818,-3.064405447783299,0.5298701298701298,0.45194805194805193,2.968661881453574
680736,"Wrobleski, Justin",2026,"FF","Dodgers","L","1.054757604",0.033766233766233764,0.24675324675324675,0.12727272727272726,-5.270190565522694,0.7896103896103897,0.08311688311688312,7.934205858836285,0.005194805194805195,8.040943055706503,0.6779220779220779,0.3168831168831169,-10.535838772131832,385,0.22337662337662337,0.9272727272727272,0.005194805194805195,-2.784461672228861,0.5506493506493506,0.44415584415584414,3.1661986866761236
669194,"Nelson, Ryne",2026,"FF","Diamondbacks","R","0.778879978",0.0079155672823219,0.2638522427440633,0.08179419525065963,-5.77090130333135,0.8311345646437994,0.0870712401055409,6.1262685879012295,0.002638522427440633,9.571082496334538,0.7519788918205804,0.24538258575197888,-9.83111433474586,379,0.19788918205804748,0.9129287598944591,0.005277044854881266,-2.448212666266079,0.554089709762533,0.44063324538258575,2.8881526922733514
594798,"deGrom, Jacob",2026,"FF","Rangers","R","0.918069656",0.03968253968253968,0.23544973544973544,0.037037037037037035,-5.154588985774194,0.798941798941799,0.164021164021164,6.562157634545076,0.013227513227513227,8.61871602404589,0.7804232804232805,0.20634920634920634,-9.801522240965978,378,0.26455026455026454,0.9259259259259259,0.005291005291005291,-2.2886970815566166,0.5423280423280423,0.4523809523809524,3.1510404586087666
519242,"Sale, Chris",2026,"FF","Braves","L","1.047979752",0.06613756613756613,0.1984126984126984,0.06613756613756613,-5.071475696933657,0.7433862433862434,0.19047619047619047,6.760526615606796,0.005291005291005291,9.340315383594437,0.5793650793650794,0.41534391534391535,-10.768621496201295,378,0.26455026455026454,0.8862433862433863,0,,0.4603174603174603,0.5396825396825397,3.103629406679024
676106,"Hancock, Emerson",2026,"FF","Mariners","R","0.685329519",0.05929919137466307,0.18059299191374664,0.09973045822102426,-5.700716972133443,0.7628032345013477,0.13746630727762804,6.239000842578366,0,,0.7035040431266847,0.29649595687331537,-9.95072747702368,371,0.23450134770889489,0.9272237196765498,0.008086253369272238,-2.5309522454565982,0.5256064690026954,0.46630727762803237,2.9551339918709925
656427,"Flaherty, Jack",2026,"FF","Tigers","R","0.979317084",0.02702702702702703,0.22702702702702704,0.05675675675675676,-5.787986864870759,0.7891891891891892,0.15405405405405406,6.181467373560472,0.043243243243243246,9.456432572687099,0.7837837837837838,0.17297297297297298,-10.160383921368581,370,0.21081081081081082,0.9540540540540541,0.013513513513513514,-3.0077585346922544,0.5432432432432432,0.44324324324324327,2.9052903829057555
592332,"Gausman, Kevin",2026,"FS","Blue Jays","R","4.725147403",0.1837837837837838,0.14594594594594595,0.024324324324324326,-5.4460509993940445,0.3864864864864865,0.5891891891891892,9.64918399556411,0.5864864864864865,12.761044066626626,0.4,0.013513513513513514,-11.887900820168515,370,0.4027027027027027,0.8945945945945946,0.3,-3.3368191899367483,0.6432432432432432,0.05675675675675676,2.704172554999216
656492,"Griffin, Foster",2026,"FC","Nationals","L","1.024572109",0.03571428571428571,0.22527472527472528,0.18956043956043955,-5.795689608639189,0.7087912087912088,0.10164835164835165,6.990552750899638,0.04395604395604396,9.246291227799398,0.6675824175824175,0.28846153846153844,-10.923583754787375,364,0.21153846153846154,0.9203296703296703,0.06043956043956044,-3.0099709831271046,0.6620879120879121,0.2774725274725275,3.0954356765475057
684007,"Imanaga, Shota",2026,"FF","Cubs","L","0.809304119",0.022099447513812154,0.26519337016574585,0.06077348066298342,-5.270934062121762,0.8314917127071824,0.10773480662983426,5.798469541467087,0.027624309392265192,8.323974234816315,0.8011049723756906,0.1712707182320442,-10.049778880726983,362,0.20165745856353592,0.93646408839779,0.0027624309392265192,-3.0245015607496852,0.6104972375690608,0.3867403314917127,3.0437500553038204
684007,"Imanaga, Shota",2026,"FS","Cubs","L","4.946672418",0.17548746518105848,0.12813370473537605,0.005571030640668524,-6.895248063480526,0.4373259052924791,0.5571030640668524,9.822869535055926,0.6629526462395543,13.662526737160269,0.3203342618384401,0.016713091922005572,-12.681358775824002,359,0.40668523676880225,0.9108635097493036,0.25348189415041783,-3.6427047933937673,0.6713091922005571,0.07520891364902507,2.7246870782099197
801139,"Tolle, Payton",2026,"FF","Red Sox","L","1.166798829",0.052924791086350974,0.17827298050139276,0.09192200557103064,-6.0842477905522765,0.7938718662952646,0.11420612813370473,7.435538308475634,0.019498607242339833,8.787710635159826,0.7437325905292479,0.23676880222841226,-10.466276901879219,359,0.29526462395543174,0.9275766016713092,0.005571030640668524,-4.707302796780291,0.4011142061281337,0.5933147632311978,3.094410234056164
664285,"Valdez, Framber",2026,"SI","Tigers","L","1.633074592",0.036312849162011177,0.3547486033519553,0.10614525139664804,-5.68179040687927,0.7541899441340782,0.13966480446927373,6.64491476653307,0.013966480446927373,9.04779424190606,0.7318435754189944,0.2541899441340782,-10.487154913531361,358,0.11731843575418995,0.9357541899441341,0.10335195530726257,-3.1200315638188107,0.7039106145251397,0.19273743016759776,2.9013735712356503
593958,"Rodriguez, Eduardo",2026,"FF","Diamondbacks","L","0.866766089",0.039660056657223795,0.21246458923512748,0.0708215297450425,-5.4900297882846845,0.8158640226628895,0.11331444759206799,6.377402785550462,0.0056657223796034,8.576867853541476,0.6515580736543909,0.34277620396600567,-11.003697161328438,353,0.21813031161473087,0.8810198300283286,0.0028328611898017,-2.0001553459600006,0.46458923512747874,0.5325779036827195,2.9400107602137786
808963,"Sasaki, Roki",2026,"FF","Dodgers","R","1.114623871",0.05475504322766571,0.23919308357348704,0.09798270893371758,-5.562631088874712,0.7377521613832853,0.1642651296829971,6.328866459117716,0.020172910662824207,8.350791107174375,0.7636887608069164,0.21613832853025935,-10.610410538624969,347,0.2017291066282421,0.9337175792507204,0.011527377521613832,-2.348031374065587,0.5734870317002881,0.414985590778098,2.9512247115906236
607067,"Rea, Colin",2026,"FF","Cubs","R","0.995618991",0.029498525073746312,0.30678466076696165,0.07669616519174041,-6.083417516545041,0.7905604719764012,0.13274336283185842,6.231177294947462,0.0058997050147492625,7.839819734990181,0.6873156342182891,0.30678466076696165,-9.795460296065265,339,0.1504424778761062,0.9203539823008849,0.008849557522123894,-2.7507075954908355,0.640117994100295,0.35103244837758113,2.9986688446918652
592662,"Ray, Robbie",2026,"FF","Giants","L","1.244642666",0.04142011834319527,0.19230769230769232,0.06804733727810651,-5.251480013571773,0.8195266272189349,0.11242603550295859,6.244795236973526,0.005917159763313609,8.90044893693179,0.6597633136094675,0.3343195266272189,-10.421255241786387,338,0.21301775147928995,0.8846153846153846,0,,0.4349112426035503,0.5650887573964497,3.0695156096682896
695505,"Burns, Chase",2026,"SL","Reds","R","5.457944659",0.24925816023738873,0.16913946587537093,0.04747774480712166,-6.154778936744008,0.5341246290801187,0.41839762611275966,9.362934563263579,0.3857566765578635,11.198537264537759,0.5786350148367952,0.03560830860534125,-11.145680353429842,337,0.5222551928783383,0.8605341246290801,0.5341246290801187,-5.025240586850611,0.43026706231454004,0.03560830860534125,2.5869529042542405
656302,"Cease, Dylan",2026,"FF","Blue Jays","R","0.901915813",0.06824925816023739,0.1543026706231454,0.10385756676557864,-6.044035132497906,0.7537091988130564,0.142433234421365,6.905983764115767,0.002967359050445104,16.06105735119716,0.5905044510385756,0.4065281899109792,-10.36915895984542,337,0.2997032640949555,0.8664688427299704,0.008902077151335312,-2.4836201900830943,0.4391691394658754,0.5519287833827893,3.066375492623857
663903,"Singer, Brady",2026,"SI","Reds","R","0.911394244",0.03592814371257485,0.36227544910179643,0.10778443113772455,-6.210611140491819,0.7035928143712575,0.18862275449101795,6.787142109971439,0.02694610778443114,8.97803239992081,0.7604790419161677,0.2125748502994012,-11.07786796399949,334,0.15568862275449102,0.9221556886227545,0.023952095808383235,-2.542585804970865,0.6916167664670658,0.2844311377245509,2.9479619100581895
686218,"Sheehan, Emmet",2026,"FF","Dodgers","R","0.981127532",0.04819277108433735,0.21686746987951808,0.1144578313253012,-5.01046311347732,0.786144578313253,0.09939759036144578,6.243744735800949,0.024096385542168676,8.589117716475275,0.7831325301204819,0.1927710843373494,-10.397047713703541,332,0.2740963855421687,0.8975903614457831,0,,0.46686746987951805,0.5331325301204819,3.0832606852346545
687064,"Young, Brandon",2026,"FF","Orioles","R","0.907257393",0.04559270516717325,0.2553191489361702,0.10030395136778116,-5.775573265976487,0.7963525835866262,0.1033434650455927,6.5894884381811005,0.0121580547112462,7.819458394673585,0.7112462006079028,0.2765957446808511,-10.077828620678869,329,0.21580547112462006,0.9057750759878419,0.00303951367781155,-2.057760194517305,0.5349544072948328,0.46200607902735563,2.9155731662408844
605400,"Nola, Aaron",2026,"CU","Phillies","R","4.156850647",0.182370820668693,0.12462006079027356,0.00911854103343465,-9.54313834389304,0.49240121580547114,0.49848024316109424,8.930624605561482,0.7112462006079028,14.649235249437703,0.2735562310030395,0.015197568389057751,-11.601867301787887,329,0.4194528875379939,0.8905775075987842,0.3890577507598784,-3.5997055208528757,0.5896656534954408,0.02127659574468085,2.7053895773333188
594798,"deGrom, Jacob",2026,"SL","Rangers","R","3.718573651",0.09259259259259259,0.21296296296296297,0.06790123456790123,-6.307784155336326,0.5493827160493827,0.38271604938271603,9.550659225003535,0.24074074074074073,11.058070931671413,0.7037037037037037,0.05555555555555555,-10.371560777958589,324,0.4012345679012346,0.9012345679012346,0.30246913580246915,-3.6732289341286917,0.6172839506172839,0.08024691358024691,3.197132599560519
660271,"Ohtani, Shohei",2026,"FF","Dodgers","R","1.126397449",0.062111801242236024,0.1956521739130435,0.12422360248447205,-6.279812472453265,0.717391304347826,0.15838509316770186,7.311698610763843,0.003105590062111801,8.803094706845542,0.6801242236024845,0.3167701863354037,-10.3714106377607,322,0.2701863354037267,0.9503105590062112,0.015527950310559006,-3.0832081254809456,0.5403726708074534,0.4440993788819876,3.212706015737857
676917,"Cavalli, Cade",2026,"FF","Nationals","R","0.874194286",0.031055900621118012,0.2422360248447205,0.11801242236024845,-5.569243291354561,0.7453416149068323,0.13664596273291926,6.670491594775345,0.009316770186335404,8.315698967221454,0.7857142857142857,0.20496894409937888,-9.864189891085967,322,0.22981366459627328,0.922360248447205,0.021739130434782608,-2.9496706773608743,0.6055900621118012,0.37267080745341613,2.9700496597556882
702056,"Yesavage, Trey",2026,"FF","Blue Jays","R","1.29344623",0.03773584905660377,0.2641509433962264,0.09119496855345911,-5.9096659440526125,0.7924528301886793,0.11635220125786164,6.24571512881435,0.009433962264150943,7.945676186171849,0.7327044025157232,0.2578616352201258,-9.685975129748282,318,0.20754716981132076,0.9182389937106918,0.015723270440251572,-5.2219322821407355,0.5471698113207547,0.4371069182389937,2.9819694508792893
672282,"Detmers, Reid",2026,"SL","Angels","L","4.259358145",0.10126582278481013,0.17405063291139242,0.1360759493670886,-6.142661333997588,0.6677215189873418,0.1962025316455696,8.288308404012062,0.3037974683544304,11.133752546330145,0.6012658227848101,0.0949367088607595,-11.288715302869669,316,0.35443037974683544,0.8639240506329114,0.3575949367088608,-4.810883323203873,0.5759493670886076,0.06645569620253164,2.996009289113824
800048,"Messick, Parker",2026,"FF","Guardians","L","1.291511136",0.07278481012658228,0.19936708860759494,0.08227848101265822,-5.61725704477153,0.7753164556962026,0.14240506329113925,6.339438625962247,0.0189873417721519,8.48223344791069,0.6455696202531646,0.33544303797468356,-10.724725629737412,316,0.27531645569620256,0.8860759493670886,0.006329113924050633,-2.20932059755125,0.4778481012658228,0.5158227848101266,3.2453031026253836
641778,"Lauer, Eric",2026,"FF","zMLB","L","0.847695575",0.03492063492063492,0.2,0.08888888888888889,-5.427559671639499,0.7873015873015873,0.12380952380952381,5.98698225985516,0.025396825396825397,8.626838711719133,0.7238095238095238,0.2507936507936508,-10.46275234876974,315,0.2126984126984127,0.8984126984126984,0.0031746031746031746,-3.2220295863846844,0.5047619047619047,0.49206349206349204,2.9704121372024406
519242,"Sale, Chris",2026,"SL","Braves","L","5.840939652",0.1832797427652733,0.09967845659163987,0.05787781350482315,-10.495990878239533,0.5048231511254019,0.43729903536977494,10.87009059311376,0.6945337620578779,15.054477611039138,0.2765273311897106,0.028938906752411574,-11.491988159498275,311,0.3762057877813505,0.819935691318328,0.3215434083601286,-4.155644458955149,0.6527331189710611,0.02572347266881029,2.4584700149668444
669358,"Baz, Shane",2026,"CU","Orioles","R","4.563796963",0.11254019292604502,0.2765273311897106,0.12540192926045016,-5.8765779761137376,0.6655948553054662,0.2090032154340836,9.161311668328004,0.24437299035369775,12.18710615380697,0.684887459807074,0.0707395498392283,-10.396528306991364,311,0.2958199356913183,0.8971061093247589,0.35691318327974275,-4.287707688640381,0.6141479099678456,0.028938906752411574,2.909224318427472
656302,"Cease, Dylan",2026,"SL","Blue Jays","R","4.018695745",0.19032258064516128,0.11290322580645161,0.035483870967741936,-6.357186337995668,0.44516129032258067,0.5193548387096775,8.869705523026742,0.4096774193548387,10.995022611165966,0.5387096774193548,0.05161290322580645,-10.82913906549813,310,0.45161290322580644,0.8225806451612904,0.36451612903225805,-3.780680161862383,0.5258064516129032,0.10967741935483871,3.278926236734394
666200,"Luzardo, Jesús",2026,"ST","Phillies","L","5.994364669",0.16558441558441558,0.11038961038961038,0.12987012987012986,-6.768916659558921,0.5097402597402597,0.36038961038961037,11.953529796329411,0.4090909090909091,13.243602313982,0.5194805194805194,0.07142857142857142,-10.791935454661665,308,0.4837662337662338,0.8116883116883117,0.44155844155844154,-4.517520126299097,0.4967532467532468,0.06168831168831169,2.6907440013603283
669923,"Kirby, George",2026,"FF","Mariners","R","0.989154557",0.025974025974025976,0.2305194805194805,0.06168831168831169,-4.780551950437001,0.7954545454545454,0.14285714285714285,6.90835030736618,0.006493506493506494,8.601506123015294,0.7142857142857143,0.2792207792207792,-10.495534870679903,308,0.2435064935064935,0.8993506493506493,0,,0.4967532467532468,0.5032467532467533,3.0167316911025943
605488,"Springs, Jeffrey",2026,"FF","Athletics","L","0.91184836",0.029411764705882353,0.29411764705882354,0.049019607843137254,-5.1310118939809755,0.8464052287581699,0.10457516339869281,6.247829586619882,0.026143790849673203,8.780723435507204,0.7516339869281046,0.2222222222222222,-10.354057615904757,306,0.16339869281045752,0.9117647058823529,0.0032679738562091504,-2.29509258595442,0.5555555555555556,0.4411764705882353,2.904891156157631
693645,"Schlittler, Cam",2026,"FC","Yankees","R","1.020662511",0.033112582781456956,0.2119205298013245,0.17218543046357615,-5.646416078254522,0.6788079470198676,0.1490066225165563,6.4067474604598775,0.04304635761589404,9.054268864707792,0.7615894039735099,0.19536423841059603,-10.505342178441769,302,0.23509933774834438,0.9105960264900662,0.039735099337748346,-2.747913875129112,0.6125827814569537,0.347682119205298,3.1412454889789476
701542,"Warren, Will",2026,"FF","Yankees","R","0.910339265",0.03642384105960265,0.24834437086092714,0.039735099337748346,-5.1926537532420305,0.7483443708609272,0.2119205298013245,5.867757512780623,0.016556291390728478,8.77370451034954,0.8211920529801324,0.16225165562913907,-9.8420605701209,302,0.2185430463576159,0.9337748344370861,0.006622516556291391,-2.2557106891300087,0.5165562913907285,0.4768211920529801,3.0333099159548005
625643,"López, Reynaldo",2026,"FF","Braves","R","1.015905117",0.026755852842809364,0.23745819397993312,0.10702341137123746,-5.565587155757772,0.7525083612040134,0.14046822742474915,6.212391942244476,0.010033444816053512,10.463511453342038,0.6989966555183946,0.2909698996655518,-10.334792118221095,299,0.16722408026755853,0.8963210702341137,0.006688963210702341,-2.51077748698318,0.6153846153846154,0.3779264214046823,2.9867895455491187
656550,"Holmes, Grant",2026,"SL","Braves","R","5.871591741",0.1891891891891892,0.17567567567567569,0.037162162162162164,-7.99613277747132,0.5135135135135135,0.44932432432432434,10.002152589486334,0.5202702702702703,12.638221780858892,0.4155405405405405,0.06418918918918919,-11.993522447259538,296,0.39864864864864863,0.8885135135135135,0.31756756756756754,-4.453127806615622,0.6216216216216216,0.060810810810810814,2.7827501265337333
677958,"Rocker, Kumar",2026,"SL","Rangers","R","5.978423472",0.22491349480968859,0.15570934256055363,0.04152249134948097,-5.918610098160427,0.5121107266435986,0.4463667820069204,10.340790591814883,0.5778546712802768,13.758374398056,0.39100346020761245,0.031141868512110725,-11.218544987029151,289,0.4117647058823529,0.8166089965397924,0.3771626297577855,-4.452184571099318,0.5847750865051903,0.03806228373702422,2.655402657564156
805123,"Blubaugh, AJ",2026,"FF","Astros","R","0.876409065",0.03819444444444445,0.20833333333333334,0.052083333333333336,-4.93852818283119,0.8333333333333334,0.11458333333333333,6.266924741240557,0,,0.6493055555555556,0.3506944444444444,-10.121275592906597,288,0.2361111111111111,0.9166666666666666,0.010416666666666666,-2.582568387393556,0.4861111111111111,0.5034722222222222,3.0793399515444695
607200,"Fedde, Erick",2026,"ST","White Sox","R","3.618337735",0.04529616724738676,0.23344947735191637,0.04878048780487805,-6.061768162364381,0.6167247386759582,0.3344947735191638,8.240841767477258,0.43902439024390244,12.135626319821254,0.5226480836236934,0.03832752613240418,-8.473673421129998,287,0.21254355400696864,0.9024390243902439,0.0975609756097561,-3.916591452768016,0.7630662020905923,0.13937282229965156,2.619379972311269
690997,"McLean, Nolan",2026,"SI","Mets","R","1.605508986",0.05964912280701754,0.22807017543859648,0.17192982456140352,-7.16524872786893,0.5684210526315789,0.2596491228070175,6.860667711227095,0.007017543859649123,9.098009224649827,0.7403508771929824,0.25263157894736843,-11.086174531098399,285,0.15087719298245614,0.887719298245614,0.12280701754385964,-3.0452703078198846,0.7192982456140351,0.15789473684210525,2.7561601084278124
595345,"Okert, Steven",2026,"SL","Astros","L","3.644205757",0.07801418439716312,0.15602836879432624,0.03546099290780142,-5.566756920837392,0.6418439716312057,0.32269503546099293,10.37025141160486,0.48936170212765956,13.394138745007702,0.4645390070921986,0.04609929078014184,-11.173916158559047,282,0.3546099290780142,0.9397163120567376,0.10283687943262411,-3.9369727974152573,0.6595744680851063,0.2375886524822695,2.9990594161747355
677952,"Ashcraft, Braxton",2026,"FF","Pirates","R","0.964890898",0.02127659574468085,0.2765957446808511,0.05673758865248227,-5.958460168249214,0.8120567375886525,0.13120567375886524,6.0194711992079055,0.0035460992907801418,7.045515995648889,0.8546099290780141,0.14184397163120568,-9.771627632487991,282,0.17375886524822695,0.9326241134751773,0.014184397163120567,-3.3392822887153675,0.5602836879432624,0.425531914893617,2.8681562405909484
554430,"Wheeler, Zack",2026,"FF","Phillies","R","1.128458393",0.04964539007092199,0.18085106382978725,0.0673758865248227,-6.5114943721663145,0.8156028368794326,0.11702127659574468,7.268235828939238,0.010638297872340425,8.603395909250697,0.6914893617021277,0.2978723404255319,-10.671073682150789,282,0.31560283687943264,0.8829787234042553,0.0070921985815602835,-4.230727582237006,0.4574468085106383,0.5354609929078015,3.1599911416608104
669358,"Baz, Shane",2026,"FF","Orioles","R","1.003474872",0.03914590747330961,0.21352313167259787,0.09608540925266904,-5.362563305777127,0.8185053380782918,0.08540925266903915,7.457544654039251,0.010676156583629894,14.154012430061726,0.708185053380783,0.28113879003558717,-10.074039605782101,281,0.17437722419928825,0.896797153024911,0,,0.5231316725978647,0.47686832740213525,2.792222979974306
800311,"Fuentes, Didier",2026,"FF","Braves","R","1.149421648",0.05776173285198556,0.18411552346570398,0.07220216606498195,-6.111598533187655,0.7111913357400722,0.21660649819494585,6.5636913400086065,0.0036101083032490976,7.455646830892004,0.740072202166065,0.2563176895306859,-10.029637857958626,277,0.259927797833935,0.924187725631769,0.007220216606498195,-3.7789131960724625,0.4981949458483754,0.49458483754512633,3.0575717698973524
686790,"McDonald, Trevor",2026,"SI","Giants","R","1.241074555",0.021739130434782608,0.36594202898550726,0.08333333333333333,-5.975862203150364,0.7536231884057971,0.16304347826086957,6.809807463644251,0.014492753623188406,8.608906820812098,0.8152173913043478,0.17028985507246377,-10.040610296165845,276,0.09782608695652174,0.9492753623188406,0.10144927536231885,-2.797754604924931,0.7681159420289855,0.13043478260869565,2.9186584328276775
650633,"King, Michael",2026,"CH","Padres","R","3.357244943",0.09090909090909091,0.2,0.025454545454545455,-6.024398139868411,0.4618181818181818,0.5127272727272727,8.387460340893991,0.5490909090909091,11.932489099558811,0.43636363636363634,0.014545454545454545,-8.499469315087765,275,0.29818181818181816,0.9418181818181818,0.13818181818181818,-3.0907301880415456,0.7927272727272727,0.06909090909090909,2.653982846430576
656605,"Keller, Mitch",2026,"FF","Pirates","R","0.944617728",0.022058823529411766,0.25735294117647056,0.06985294117647059,-5.025530112803306,0.8382352941176471,0.09191176470588236,8.350637676374069,0,,0.7022058823529411,0.2977941176470588,-10.24951846548428,272,0.17279411764705882,0.8860294117647058,0.007352941176470588,-3.253891791814925,0.5367647058823529,0.45588235294117646,2.9775365396801785
656876,"Rasmussen, Drew",2026,"FC","Rays","R","2.924705265",0.05555555555555555,0.23703703703703705,0.23333333333333334,-5.982540833013542,0.6185185185185185,0.14814814814814814,8.770257087119678,0.13703703703703704,9.952121180072478,0.7555555555555555,0.10740740740740741,-9.783200245778577,270,0.25925925925925924,0.8925925925925926,0.21851851851851853,-4.006220417416235,0.6703703703703704,0.1111111111111111,2.892988736839501
813349,"Early, Connelly",2026,"FF","Red Sox","L","0.682943443",0.04460966542750929,0.21561338289962825,0.08921933085501858,-6.015393962170234,0.8252788104089219,0.08550185873605948,6.73549580079076,0.01858736059479554,7.956624679399263,0.7806691449814126,0.20074349442379183,-9.856047100006602,269,0.24535315985130113,0.9182156133828996,0.011152416356877323,-2.1974241689471206,0.49814126394052044,0.49070631970260226,2.9466172342321775
669373,"Skubal, Tarik",2026,"FF","Tigers","L","0.956027385",0.055970149253731345,0.208955223880597,0.12686567164179105,-5.210211641412938,0.7798507462686567,0.09328358208955224,7.288690645337752,0.0037313432835820895,8.364429314533217,0.6604477611940298,0.3358208955223881,-11.043097859024451,268,0.26492537313432835,0.917910447761194,0.011194029850746268,-3.7583007818942584,0.503731343283582,0.48507462686567165,3.0467313579218946
808967,"Yamamoto, Yoshinobu",2026,"FS","Dodgers","R","2.75712915",0.08582089552238806,0.23507462686567165,0.048507462686567165,-5.610350383842262,0.582089552238806,0.3694029850746269,6.866035119156974,0.13432835820895522,9.976559168730422,0.8097014925373134,0.055970149253731345,-11.011354722880524,268,0.3358208955223881,0.9477611940298507,0.41044776119402987,-3.4113728301884194,0.5708955223880597,0.018656716417910446,2.618321907778615
640455,"Manaea, Sean",2026,"FF","Mets","L","1.195665393",0.056179775280898875,0.22846441947565543,0.056179775280898875,-5.183348344026436,0.7340823970037453,0.20973782771535582,7.992769994330363,0.00749063670411985,7.532478383589858,0.6704119850187266,0.32209737827715357,-11.898689932034378,267,0.1947565543071161,0.8838951310861424,0,,0.550561797752809,0.449438202247191,3.0581389931619474
641816,"Mahle, Tyler",2026,"FF","Giants","R","1.030674264",0.03383458646616541,0.2781954887218045,0.05639097744360902,-6.075966815359501,0.8270676691729323,0.11654135338345864,6.546349070683026,0.007518796992481203,10.268455526877158,0.7706766917293233,0.22180451127819548,-10.05699768865384,266,0.20300751879699247,0.9060150375939849,0.0037593984962406013,-4.112875623212557,0.5488721804511278,0.4473684210526316,3.085377539797554
645261,"Alcantara, Sandy",2026,"SI","Marlins","R","1.182124743",0.052830188679245285,0.2981132075471698,0.16226415094339622,-6.228178270904453,0.6150943396226415,0.22264150943396227,7.335286526080748,0.0037735849056603774,7.34975251571102,0.7358490566037735,0.26037735849056604,-9.524068248579942,265,0.10943396226415095,0.9358490566037736,0.04150943396226415,-2.869025506982206,0.7660377358490567,0.19245283018867926,2.8911633927587843
837227,"Imai, Tatsuya",2026,"SL","Astros","R","3.804434413",0.1596958174904943,0.1520912547528517,0.060836501901140684,-6.1955757569476395,0.49809885931558934,0.44106463878326996,8.319201027566708,0.4752851711026616,12.036639700068132,0.4828897338403042,0.04182509505703422,-10.283296622301892,263,0.4068441064638783,0.9239543726235742,0.30798479087452474,-4.185895142296336,0.6007604562737643,0.09125475285171103,3.0154541649487765
681035,"Scott, Christian",2026,"FF","Mets","R","1.110706925",0.07224334600760456,0.1444866920152091,0.08365019011406843,-5.756875420628128,0.7604562737642585,0.155893536121673,8.654573124104061,0,,0.6349809885931559,0.3650190114068441,-11.316221995199754,263,0.2737642585551331,0.8631178707224335,0,,0.42585551330798477,0.5741444866920152,3.116321998589363
663567,"Lambert, Peter",2026,"FF","Astros","R","1.095904872",0.030418250950570342,0.23193916349809887,0.053231939163498096,-5.123333362932708,0.844106463878327,0.10266159695817491,6.434986962473851,0.0076045627376425855,8.329600189866172,0.7756653992395437,0.21673003802281368,-10.57929197743938,263,0.25475285171102663,0.9011406844106464,0,,0.467680608365019,0.532319391634981,3.009796845635312
608379,"Wacha, Michael",2026,"FF","Royals","R","0.782374453",0.022988505747126436,0.23754789272030652,0.11877394636015326,-5.309473661697994,0.8007662835249042,0.08045977011494253,6.634492205421098,0.01532567049808429,8.35707880238005,0.6781609195402298,0.3065134099616858,-10.802376025175239,261,0.21839080459770116,0.8697318007662835,0.0038314176245210726,-2.176400477163613,0.5632183908045977,0.4329501915708812,2.9316604063989877
694477,"Patrick, Chad",2026,"FC","Brewers","R","1.850744704",0.034482758620689655,0.20306513409961685,0.0842911877394636,-5.739168854281217,0.6091954022988506,0.3065134099616858,8.363971504959851,0.1839080459770115,10.931865812535573,0.7432950191570882,0.07279693486590039,-10.468134369436354,261,0.31800766283524906,0.9386973180076629,0.04980842911877394,-2.8319224710037214,0.5632183908045977,0.38697318007662834,3.1028740218208477
683004,"Leiter, Jack",2026,"FF","Rangers","R","0.996510283",0.03474903474903475,0.2277992277992278,0.05405405405405406,-6.573111744626406,0.8378378378378378,0.10810810810810811,5.863793930873729,0.015444015444015444,9.879971890495696,0.7953667953667953,0.1891891891891892,-9.944712206755927,259,0.23166023166023167,0.8957528957528957,0.015444015444015444,-3.13548118782467,0.47876447876447875,0.5057915057915058,3.0147356843478885
643511,"Rogers, Tyler",2026,"SI","Blue Jays","R","1.000666555",0.058823529411764705,0.19215686274509805,0.10196078431372549,-5.717816896835778,0.6392156862745098,0.25882352941176473,6.99911015827512,0.00392156862745098,13.027223752746151,0.45098039215686275,0.5450980392156862,-12.370035952005146,255,0.10980392156862745,0.8941176470588236,0.10588235294117647,-2.563037678879394,0.7607843137254902,0.13333333333333333,3.1410496077954235
668909,"Williams, Gavin",2026,"ST","Guardians","R","5.920151658",0.14960629921259844,0.14960629921259844,0.16141732283464566,-7.881744726813734,0.484251968503937,0.3543307086614173,11.907444939517518,0.3661417322834646,12.562775047389144,0.562992125984252,0.07086614173228346,-10.765355828416329,254,0.43700787401574803,0.8031496062992126,0.33070866141732286,-5.1189399734049505,0.5393700787401575,0.12992125984251968,2.919049411810758
645261,"Alcantara, Sandy",2026,"CH","Marlins","R","2.450513458",0.10276679841897234,0.2608695652173913,0.043478260869565216,-6.538186914026554,0.4901185770750988,0.466403162055336,7.27963105247097,0.2766798418972332,10.320364537644302,0.6996047430830039,0.023715415019762844,-9.735920390007308,253,0.30039525691699603,0.9604743083003953,0.26877470355731226,-3.100927227551239,0.691699604743083,0.039525691699604744,2.793252502014594
663556,"McClanahan, Shane",2026,"FF","Rays","L","1.129304651",0.019762845849802372,0.2766798418972332,0.06719367588932806,-5.448458672122001,0.8221343873517787,0.11067193675889328,7.040452577078388,0.007905138339920948,10.124099572758764,0.7984189723320159,0.19367588932806323,-10.22956682193177,253,0.18972332015810275,0.9407114624505929,0.023715415019762844,-2.664098776368392,0.5691699604743083,0.40711462450592883,3.022797851356526
669923,"Kirby, George",2026,"ST","Mariners","R","4.102362778",0.09090909090909091,0.20553359683794467,0.09090909090909091,-6.381325564993366,0.5731225296442688,0.3359683794466403,8.869610228000713,0.2766798418972332,11.205617744413162,0.6324110671936759,0.09090909090909091,-10.322471165757516,253,0.2727272727272727,0.8972332015810277,0.22924901185770752,-3.7192334170809644,0.6561264822134387,0.11462450592885376,2.739106773334687
676974,"Meyer, Max",2026,"ST","Marlins","R","3.658950148",0.05555555555555555,0.20238095238095238,0.1865079365079365,-7.220456881713334,0.5912698412698413,0.2222222222222222,8.559639958756115,0.1111111111111111,9.788934633722205,0.7380952380952381,0.15079365079365079,-10.425351974148255,252,0.3611111111111111,0.8452380952380952,0.36507936507936506,-4.4794932640912934,0.5634920634920635,0.07142857142857142,2.8740636285042123
686218,"Sheehan, Emmet",2026,"SL","Dodgers","R","5.447481903",0.136,0.16,0.092,-7.168574077552582,0.472,0.436,11.188598968421235,0.452,12.940256347160267,0.512,0.036,-11.041808769148053,250,0.388,0.88,0.236,-4.127698708932982,0.68,0.084,2.8270464996147697
669467,"Pallante, Andre",2026,"SL","Cardinals","R","3.417664748",0.116,0.26,0.036,-5.14190582413849,0.612,0.352,8.521524407107552,0.28,11.238254305870566,0.656,0.064,-11.740015940053839,250,0.308,0.896,0.192,-3.672076302049811,0.668,0.14,3.216065053355391
669461,"Liberatore, Matthew",2026,"FF","Cardinals","L","1.069932046",0.024,0.312,0.064,-5.536785671452826,0.808,0.128,6.420317443006747,0.016,8.78780962138947,0.792,0.192,-10.114778099886701,250,0.124,0.94,0.012,-2.7585339608181925,0.636,0.352,2.9675370157149166
666200,"Luzardo, Jesús",2026,"FF","Phillies","L","0.918975995",0.032,0.244,0.104,-5.637996756638168,0.804,0.092,6.221007751771498,0,,0.612,0.388,-10.573233171510521,250,0.164,0.872,0.004,-2.2722095727672493,0.616,0.38,2.9005898027269654
676282,"Cantillo, Joey",2026,"FF","Guardians","L","1.293738877",0.020080321285140562,0.3373493975903614,0.07228915662650602,-6.011773294541274,0.8152610441767069,0.11244979919678715,7.411046320212039,0.03614457831325301,9.0504227931298,0.7590361445783133,0.20481927710843373,-11.072481414723393,249,0.15261044176706828,0.9196787148594378,0.020080321285140562,-2.1739691675799753,0.6465863453815262,0.3333333333333333,3.1101043060609657
671922,"Smith, Cade",2026,"FF","Guardians","R","1.108378541",0.032388663967611336,0.2145748987854251,0.04048582995951417,-6.563683626343643,0.8299595141700404,0.12955465587044535,5.847884302771958,0,,0.6275303643724697,0.3724696356275304,-9.821304394733673,247,0.2874493927125506,0.8785425101214575,0,,0.47368421052631576,0.5263157894736842,3.278188658188066
605288,"Houser, Adrian",2026,"SI","Giants","R","1.04955287",0.020242914979757085,0.3765182186234818,0.1417004048582996,-5.5943771346426034,0.7165991902834008,0.1417004048582996,5.788778724749478,0.016194331983805668,8.33257632293962,0.8218623481781376,0.16194331983805668,-9.759228646063676,247,0.10526315789473684,0.9635627530364372,0.07692307692307693,-2.728862626374504,0.757085020242915,0.1659919028340081,2.821681278044974
667755,"Soriano, José",2026,"SI","Angels","R","1.694350983",0.02857142857142857,0.31020408163265306,0.10204081632653061,-6.694143976520377,0.673469387755102,0.22448979591836735,6.304658456009569,0.036734693877551024,9.124010420793775,0.8693877551020408,0.09387755102040816,-9.69234646783456,245,0.21224489795918366,0.9551020408163265,0.2857142857142857,-3.1323342611710383,0.6530612244897959,0.061224489795918366,2.755761101330667
682243,"Miller, Bryce",2026,"FF","Mariners","R","0.833330364",0.012345679012345678,0.24279835390946503,0.09053497942386832,-5.66603241488768,0.7860082304526749,0.12345679012345678,5.673782227018134,0.012345679012345678,12.107017070247357,0.8847736625514403,0.102880658436214,-10.1415646502904,243,0.24279835390946503,0.9465020576131687,0.00823045267489712,-2.2343382285648743,0.51440329218107,0.4773662551440329,2.9651408988371926
678606,"Ferrer, José A.",2026,"SI","Mariners","L","1.174846608",0.03734439834024896,0.1825726141078838,0.11618257261410789,-6.326176538275191,0.7136929460580913,0.17012448132780084,6.225708157783848,0.012448132780082987,7.904708997283535,0.6141078838174274,0.37344398340248963,-10.487326892800855,241,0.15767634854771784,0.9004149377593361,0.0995850622406639,-2.995191403652517,0.6348547717842323,0.26556016597510373,2.745218330258153
694738,"Roupp, Landen",2026,"SI","Giants","R","1.024517672",0.020833333333333332,0.3333333333333333,0.14583333333333334,-5.05090001675444,0.725,0.12916666666666668,7.307765327738375,0.016666666666666666,8.221189305079607,0.7875,0.19583333333333333,-11.988000038240928,240,0.09166666666666666,0.9375,0.05416666666666667,-2.6170565153700616,0.7458333333333333,0.2,2.576442159249745
669467,"Pallante, Andre",2026,"FF","Cardinals","R","1.330380909",0.05,0.25833333333333336,0.2,-5.757117584850205,0.6958333333333333,0.10416666666666667,7.483008965635488,0,,0.6291666666666667,0.37083333333333335,-10.24291441619955,240,0.1375,0.8833333333333333,0.075,-3.6225336883896597,0.7791666666666667,0.14583333333333334,2.9780426222285845
593958,"Rodriguez, Eduardo",2026,"CH","Diamondbacks","L","2.216230045",0.058333333333333334,0.24166666666666667,0.025,-5.894198040482575,0.45,0.525,7.163037941102883,0.3333333333333333,10.271083106371158,0.6375,0.029166666666666667,-11.803104255621763,240,0.22916666666666666,0.925,0.15416666666666667,-3.0127563872324723,0.8,0.04583333333333333,2.657863818726726
671737,"Bradley, Taj",2026,"FC","Twins","R","3.599739835",0.11715481171548117,0.18410041841004185,0.08368200836820083,-5.7889465959421855,0.5815899581589958,0.33472803347280333,9.363540971848323,0.26359832635983266,10.944094476463464,0.6485355648535565,0.08786610878661087,-12.83696323519406,239,0.37656903765690375,0.8744769874476988,0.26778242677824265,-3.9190896081235382,0.5648535564853556,0.16736401673640167,3.2410052732882986
607259,"Martinez, Nick",2026,"SI","Rays","R","0.6627641",0.012552301255230125,0.2719665271966527,0.2217573221757322,-6.148978577238156,0.7238493723849372,0.05439330543933055,8.49536614782214,0.02510460251046025,8.69904404348191,0.7405857740585774,0.23430962343096234,-10.596811154158708,239,0.09205020920502092,0.9288702928870293,0.03347280334728033,-2.431974225689055,0.698744769874477,0.26778242677824265,2.729367425771458
700712,"Ureña, Walbert",2026,"CH","Angels","R","3.644220072",0.15481171548117154,0.18410041841004185,0.029288702928870293,-6.137930584769766,0.4895397489539749,0.4811715481171548,8.266236084050638,0.4435146443514644,11.596016384209015,0.5439330543933054,0.012552301255230125,-15.203461193153963,239,0.3723849372384937,0.9456066945606695,0.34309623430962344,-3.640772904195518,0.5983263598326359,0.058577405857740586,2.6996967941208263
656848,"Petersen, Michael",2026,"FF","Marlins","R","0.786950329",0.012658227848101266,0.1729957805907173,0.06329113924050633,-5.661480871825238,0.8396624472573839,0.0970464135021097,5.886709579836925,0.008438818565400843,10.982711196806402,0.8227848101265823,0.16877637130801687,-9.450537884283039,237,0.270042194092827,0.9282700421940928,0.004219409282700422,-2.1930991518643483,0.459915611814346,0.5358649789029536,2.9292270136946357
608379,"Wacha, Michael",2026,"CH","Royals","R","3.713571542",0.10970464135021098,0.22784810126582278,0.012658227848101266,-6.110795167959536,0.6413502109704642,0.3459915611814346,9.489113187717821,0.510548523206751,13.927529119854771,0.4641350210970464,0.02531645569620253,-11.337540301732991,237,0.27848101265822783,0.8945147679324894,0.16877637130801687,-3.107913960834023,0.6962025316455697,0.1350210970464135,2.5873734666786192
518876,"Kelly, Merrill",2026,"CH","Diamondbacks","R","2.477452113",0.11392405063291139,0.21940928270042195,0.046413502109704644,-7.09202550701558,0.5358649789029536,0.4177215189873418,6.907937101550345,0.2742616033755274,9.887523971054428,0.6962025316455697,0.029535864978902954,-13.08831437041019,237,0.31645569620253167,0.8945147679324894,0.35864978902953587,-3.3070865681970023,0.6160337552742616,0.02531645569620253,2.42107444662251
669302,"Gilbert, Logan",2026,"SL","Mariners","R","4.216516492",0.15611814345991562,0.24050632911392406,0.06329113924050633,-6.0292281691482845,0.6497890295358649,0.2869198312236287,8.827068208743771,0.41350210970464135,12.226832128171926,0.5611814345991561,0.02531645569620253,-10.401466937823336,237,0.37130801687763715,0.9029535864978903,0.3670886075949367,-4.171859503036512,0.5738396624472574,0.05907172995780591,2.520779149752767
680694,"Bradish, Kyle",2026,"SL","Orioles","R","5.262750991",0.11440677966101695,0.1483050847457627,0.08898305084745763,-5.758774343389553,0.4745762711864407,0.4364406779661017,10.157148051677096,0.3516949152542373,11.961182822988128,0.5889830508474576,0.059322033898305086,-10.898286090870185,236,0.3644067796610169,0.8771186440677966,0.2584745762711864,-3.944346525150791,0.614406779661017,0.1271186440677966,2.8834131214318277
695611,"Jump, Gage",2026,"FF","Athletics","L","1.164169486",0.05106382978723404,0.2425531914893617,0.09361702127659574,-5.218458544914405,0.7787234042553192,0.1276595744680851,6.887656555740181,0.00425531914893617,7.872831919735113,0.6851063829787234,0.31063829787234043,-10.417519404799254,235,0.19574468085106383,0.902127659574468,0.00425531914893617,-2.6421982668475286,0.5234042553191489,0.4723404255319149,3.1543005840784395
681190,"Vásquez, Randy",2026,"FF","Padres","R","0.843691004",0.03404255319148936,0.25957446808510637,0.08085106382978724,-5.364456637229717,0.7872340425531915,0.13191489361702127,6.043479694624004,0.01276595744680851,7.95068016350226,0.7787234042553192,0.20851063829787234,-8.981149006140965,235,0.2170212765957447,0.9446808510638298,0.01276595744680851,-2.356033351155145,0.4978723404255319,0.48936170212765956,2.8965104598799782
693821,"Elder, Bryce",2026,"SL","Braves","R","3.924862949",0.11538461538461539,0.26495726495726496,0.021367521367521368,-6.665469658233621,0.6752136752136753,0.3034188034188034,8.60780045483427,0.4230769230769231,11.96730710778116,0.5598290598290598,0.017094017094017096,-9.159595407469062,234,0.31196581196581197,0.9444444444444444,0.23931623931623933,-3.9399128066889038,0.6666666666666666,0.09401709401709402,2.3701695830112337
656876,"Rasmussen, Drew",2026,"FF","Rays","R","1.166587469",0.05982905982905983,0.1794871794871795,0.08974358974358974,-6.0316283589827595,0.811965811965812,0.09829059829059829,6.917428250915181,0,,0.6282051282051282,0.3717948717948718,-10.7527898308685,234,0.2564102564102564,0.8376068376068376,0.01282051282051282,-2.244837831707722,0.46153846153846156,0.5256410256410257,3.1818683648921624
657277,"Webb, Logan",2026,"SI","Giants","R","0.988759299",0.03862660944206009,0.3605150214592275,0.13304721030042918,-5.8824199770286105,0.7253218884120172,0.14163090128755365,6.926119780452366,0.017167381974248927,8.472226202862403,0.7811158798283262,0.2017167381974249,-9.91551365039124,233,0.11158798283261803,0.9527896995708155,0.09012875536480687,-2.887840458431497,0.7639484978540773,0.1459227467811159,2.715697487234158
680694,"Bradish, Kyle",2026,"SI","Orioles","R","1.111738016",0.02575107296137339,0.3218884120171674,0.10300429184549356,-6.17298185605459,0.6909871244635193,0.20600858369098712,6.357820995876567,0.004291845493562232,7.917355739478448,0.8068669527896996,0.1888412017167382,-10.157572569233142,233,0.09871244635193133,0.9012875536480687,0.05150214592274678,-3.1581769879745125,0.7639484978540773,0.18454935622317598,2.835227443377436
808967,"Yamamoto, Yoshinobu",2026,"FF","Dodgers","R","1.052622749",0.03862660944206009,0.2145922746781116,0.0944206008583691,-5.193583486368393,0.8111587982832618,0.0944206008583691,5.848710957026422,0,,0.6952789699570815,0.30472103004291845,-9.9285376685183,233,0.2918454935622318,0.8798283261802575,0.004291845493562232,-10.088317737080185,0.44206008583690987,0.5536480686695279,3.0577126116678057
677952,"Ashcraft, Braxton",2026,"CU","Pirates","R","4.333370217",0.1939655172413793,0.15948275862068967,0.05603448275862069,-6.983109250297738,0.6206896551724138,0.3232758620689655,8.91146254309786,0.5,12.463388548901014,0.46120689655172414,0.03879310344827586,-9.64522218145333,232,0.4051724137931034,0.8706896551724138,0.4224137931034483,-4.383915795690928,0.5344827586206896,0.04310344827586207,2.7656094330889216
808963,"Sasaki, Roki",2026,"FS","Dodgers","R","3.870933645",0.11637931034482758,0.22413793103448276,0.05603448275862069,-5.804640773877202,0.6551724137931034,0.28879310344827586,7.761255236973838,0.22844827586206898,10.310442107062368,0.7241379310344828,0.04741379310344827,-11.294485799688717,232,0.36637931034482757,0.8922413793103449,0.4482758620689655,-4.114632501547315,0.521551724137931,0.03017241379310345,2.816249657133904
676282,"Cantillo, Joey",2026,"CH","Guardians","L","5.326506387",0.18181818181818182,0.10822510822510822,0.03463203463203463,-6.132179099959388,0.3939393939393939,0.5714285714285714,11.710985303674969,0.7316017316017316,16.063247361210347,0.24242424242424243,0.025974025974025976,-8.769087586334676,231,0.42424242424242425,0.8787878787878788,0.22077922077922077,-3.4516855301646343,0.7272727272727273,0.05194805194805195,2.8288828093044454
663903,"Singer, Brady",2026,"SL","Reds","R","4.578588917",0.14285714285714285,0.22943722943722944,0.03896103896103896,-7.083889842303492,0.6103896103896104,0.35064935064935066,8.828365116886445,0.4329004329004329,12.880916811445058,0.5497835497835498,0.017316017316017316,-11.033823672221304,231,0.3463203463203463,0.9134199134199135,0.36363636363636365,-3.7547181412691297,0.5974025974025974,0.03896103896103896,2.3394597734070928
657277,"Webb, Logan",2026,"CH","Giants","R","2.804786887",0.08658008658008658,0.22077922077922077,0.030303030303030304,-8.818070597434259,0.6190476190476191,0.35064935064935066,7.139777492386539,0.30303030303030304,10.429571244444892,0.670995670995671,0.025974025974025976,-9.008920897215972,231,0.29004329004329005,0.9437229437229437,0.3722943722943723,-3.1719971291159172,0.6190476190476191,0.008658008658008658,3.072353121184781
676282,"Cantillo, Joey",2026,"CU","Guardians","L","3.617803732",0.12608695652173912,0.18695652173913044,0.10869565217391304,-5.856581149026436,0.7130434782608696,0.1782608695652174,7.882607501395515,0.3391304347826087,12.201272181833927,0.591304347826087,0.06956521739130435,-9.10504819716292,230,0.3695652173913043,0.8956521739130435,0.5347826086956522,-4.067869756721733,0.45652173913043476,0.008695652173913044,2.2219618301595956
571510,"Boyd, Matthew",2026,"FF","Cubs","L","1.25458518",0.013100436681222707,0.2794759825327511,0.05240174672489083,-5.1240971121079095,0.8122270742358079,0.13537117903930132,8.063430420450615,0.03056768558951965,8.039069922788963,0.7379912663755459,0.2314410480349345,-10.70249134487911,229,0.18340611353711792,0.9170305676855895,0.004366812227074236,-2.2536573851593924,0.5545851528384279,0.4410480349344978,3.072936852294673
676440,"Bibee, Tanner",2026,"FC","Guardians","R","3.594147087",0.07423580786026202,0.22707423580786026,0.07860262008733625,-7.851210310840538,0.6375545851528385,0.2838427947598253,9.778081873457744,0.31004366812227074,12.804025414139012,0.6550218340611353,0.034934497816593885,-9.173613360266865,229,0.3406113537117904,0.8908296943231441,0.1615720524017467,-4.4896941830222765,0.6593886462882096,0.17903930131004367,3.050254064823082
800048,"Messick, Parker",2026,"CH","Guardians","L","3.571288203",0.17982456140350878,0.14035087719298245,0.03070175438596491,-5.520258640643904,0.4298245614035088,0.5394736842105263,8.583839765267525,0.47368421052631576,11.590004350562978,0.5043859649122807,0.021929824561403508,-10.516784422880377,228,0.37719298245614036,0.9122807017543859,0.3201754385964912,-3.207789039820979,0.6491228070175439,0.03070175438596491,3.3156468961161454
663542,"Hudson, Bryan",2026,"FF","White Sox","L","0.827689399",0.1013215859030837,0.22026431718061673,0.11894273127753303,-5.92157362486591,0.6607929515418502,0.22026431718061673,6.401825679690013,0.022026431718061675,8.985397089055942,0.6211453744493393,0.3568281938325991,-11.142611697976115,227,0.2643171806167401,0.8810572687224669,0.022026431718061675,-2.6893578497632276,0.5726872246696035,0.4052863436123348,3.0958984351012604
667755,"Soriano, José",2026,"CU","Angels","R","7.938014208",0.19383259911894274,0.13215859030837004,0.07929515418502203,-7.328954549868853,0.4669603524229075,0.45374449339207046,12.943311232149318,0.4889867841409692,14.314766912677063,0.44933920704845814,0.06167400881057269,-12.559056903368782,227,0.4669603524229075,0.775330396475771,0.4185022026431718,-4.710677721502417,0.5154185022026432,0.06607929515418502,2.4111271891075052
677958,"Rocker, Kumar",2026,"SI","Rangers","R","0.918601473",0.02643171806167401,0.32599118942731276,0.20704845814977973,-6.046911598454961,0.6696035242290749,0.12334801762114538,6.393206273067656,0.004405286343612335,8.174157188708527,0.8281938325991189,0.16740088105726872,-10.139991847215002,227,0.09691629955947137,0.9383259911894273,0.05726872246696035,-2.961480674372453,0.7841409691629956,0.15859030837004406,2.720941304899274
680736,"Wrobleski, Justin",2026,"SL","Dodgers","L","2.450077393",0.02643171806167401,0.33480176211453744,0.09691629955947137,-6.479543649429705,0.762114537444934,0.14096916299559473,6.528637796145117,0.18502202643171806,10.385418807217723,0.7092511013215859,0.10572687224669604,-10.809377670597508,227,0.2026431718061674,0.920704845814978,0.23788546255506607,-3.8068266328408424,0.6872246696035242,0.07488986784140969,2.5322128790374077
687911,"King, Bryan",2026,"FF","Astros","L","1.630222295",0.06637168141592921,0.20353982300884957,0.19469026548672566,-5.706672042095236,0.7079646017699115,0.09734513274336283,7.531318813061866,0.008849557522123894,9.44130692235697,0.6460176991150443,0.34513274336283184,-11.138237044175447,226,0.17699115044247787,0.8849557522123894,0.022123893805309734,-5.285513184889442,0.6548672566371682,0.3230088495575221,3.2013031210403216
702070,"Cameron, Noah",2026,"FF","Royals","L","0.859393957",0.022123893805309734,0.3185840707964602,0.07079646017699115,-5.208231708727875,0.8539823008849557,0.0752212389380531,6.312840504797577,0.01327433628318584,8.377995206340497,0.7787610619469026,0.2079646017699115,-10.434129921840178,226,0.168141592920354,0.9247787610619469,0.004424778761061947,-2.599756479813846,0.6460176991150443,0.3495575221238938,2.861974761554852
677952,"Ashcraft, Braxton",2026,"SL","Pirates","R","2.813859054",0.084070796460177,0.18141592920353983,0.061946902654867256,-6.360165557742581,0.5663716814159292,0.37168141592920356,8.347311159687973,0.25663716814159293,10.296143317036934,0.6902654867256637,0.05309734513274336,-9.642412407506196,226,0.33185840707964603,0.9424778761061947,0.24336283185840707,-3.4348270107438372,0.6592920353982301,0.09734513274336283,2.693506870161427
676974,"Meyer, Max",2026,"SL","Marlins","R","3.334430276",0.12444444444444444,0.18666666666666668,0.09777777777777778,-6.711335027077956,0.6088888888888889,0.29333333333333333,7.82830969856803,0.19555555555555557,10.158792217343247,0.68,0.12444444444444444,-11.593733628411924,225,0.40444444444444444,0.8888888888888888,0.4177777777777778,-4.263277985295846,0.47555555555555556,0.10666666666666667,2.823311510366919
656550,"Holmes, Grant",2026,"FF","Braves","R","0.80315577",0.035555555555555556,0.31555555555555553,0.044444444444444446,-5.47440872749889,0.8044444444444444,0.1511111111111111,5.651279262975452,0.022222222222222223,9.338351496609146,0.7777777777777778,0.2,-9.701930015260295,225,0.15555555555555556,0.9466666666666667,0.013333333333333334,-2.4677029343091488,0.6533333333333333,0.3333333333333333,2.9048758987525067
640455,"Manaea, Sean",2026,"ST","Mets","L","5.353881693",0.0990990990990991,0.08108108108108109,0.07657657657657657,-6.04156439287532,0.4864864864864865,0.4369369369369369,11.215161015449793,0.7117117117117117,15.398733301809555,0.24324324324324326,0.04504504504504504,-13.081469456278375,222,0.3063063063063063,0.7612612612612613,0.15765765765765766,-3.2156560327087234,0.7342342342342343,0.10810810810810811,2.8772321555942635
668909,"Williams, Gavin",2026,"FF","Guardians","R","1.246836996",0.04524886877828054,0.17194570135746606,0.049773755656108594,-5.59368034533757,0.8190045248868778,0.13122171945701358,6.954468967385011,0,,0.6244343891402715,0.3755656108597285,-10.036694079241753,221,0.31221719457013575,0.9004524886877828,0.013574660633484163,-3.6695349476563273,0.38461538461538464,0.6018099547511312,3.174972234290034
669372,"Ginn, J.T.",2026,"SI","Athletics","R","1.80063942",0.04524886877828054,0.2579185520361991,0.18099547511312217,-6.6158375698597665,0.6018099547511312,0.2171945701357466,6.838371287664675,0.04524886877828054,9.222114163072414,0.8416289592760181,0.11312217194570136,-10.196553896577353,221,0.24434389140271492,0.9547511312217195,0.24434389140271492,-3.173472752422732,0.6470588235294118,0.1085972850678733,3.0501715661848037
641793,"Littell, Zack",2026,"SL","Nationals","R","1.078620641",0.049773755656108594,0.27149321266968324,0.13574660633484162,-6.469773506984166,0.6923076923076923,0.17194570135746606,7.076667911803618,0.14027149321266968,9.458154239930309,0.7737556561085973,0.08597285067873303,-12.224147746888447,221,0.20361990950226244,0.9411764705882353,0.058823529411764705,-2.8669231571709153,0.6470588235294118,0.29411764705882354,2.8456839604444406
677960,"Weathers, Ryan",2026,"CH","Yankees","L","4.006251208",0.17272727272727273,0.17272727272727273,0.022727272727272728,-7.742981917013427,0.4409090909090909,0.5363636363636364,8.395538673713922,0.4818181818181818,12.295941933261911,0.4909090909090909,0.02727272727272727,-9.897125472383333,220,0.37727272727272726,0.9181818181818182,0.32272727272727275,-3.764883905641688,0.6181818181818182,0.05909090909090909,2.959609571665585
676755,"Mattson, Isaac",2026,"FF","Pirates","R","0.898963594",0.0547945205479452,0.2420091324200913,0.0684931506849315,-5.209680504674433,0.7671232876712328,0.1643835616438356,6.121188855538722,0.0182648401826484,8.397107870370512,0.634703196347032,0.3470319634703196,-10.41439322594095,219,0.2054794520547945,0.8995433789954338,0.0045662100456621,-2.213850602258706,0.5753424657534246,0.4200913242009132,2.940669738704526
607259,"Martinez, Nick",2026,"CH","Rays","R","5.889243051",0.1461187214611872,0.1506849315068493,0.0273972602739726,-13.683450434909089,0.4931506849315068,0.4794520547945205,10.474904604617988,0.6940639269406392,14.831020431943347,0.2831050228310502,0.0228310502283105,-10.022857840002416,219,0.3424657534246575,0.7808219178082192,0.1872146118721461,-4.126813371288691,0.7168949771689498,0.0958904109589041,2.698220180897054
678394,"Bello, Brayan",2026,"SI","Red Sox","R","1.688231231",0.0228310502283105,0.3698630136986301,0.1278538812785388,-7.002837616956459,0.726027397260274,0.1461187214611872,6.650589186801142,0.0273972602739726,9.10048956675112,0.8493150684931506,0.1232876712328767,-9.82132596513472,219,0.1552511415525114,0.9497716894977168,0.1963470319634703,-3.264307695334919,0.6484018264840182,0.1552511415525114,2.65771674074739
670950,"Richards, Trevor",2026,"FF","zMLB","R","0.739622389",0.0136986301369863,0.2694063926940639,0.0547945205479452,-5.302399702833549,0.821917808219178,0.1232876712328767,5.892830804139149,0.0365296803652968,8.596894568645784,0.771689497716895,0.1917808219178082,-9.905335973661948,219,0.1232876712328767,0.9497716894977168,0,,0.589041095890411,0.410958904109589,2.775730862745292
641927,"Ober, Bailey",2026,"CH","Twins","R","3.824530837",0.1095890410958904,0.2100456621004566,0.0091324200913242,-5.8563699804693865,0.5662100456621004,0.4246575342465753,8.468097987952168,0.5570776255707762,12.829668733937995,0.4246575342465753,0.0182648401826484,-9.536878907176842,219,0.2328767123287671,0.9315068493150684,0.1552511415525114,-2.851648047899278,0.771689497716895,0.0730593607305936,2.6702765671621234
668678,"Gallen, Zac",2026,"FF","Diamondbacks","R","0.886804411",0.013761467889908258,0.40825688073394495,0.05504587155963303,-4.7796310843763266,0.8027522935779816,0.14220183486238533,6.299201072945098,0.013761467889908258,8.85713707817844,0.8211009174311926,0.1651376146788991,-11.041498505859506,218,0.06422018348623854,0.9174311926605505,0.0045871559633027525,-2.377134904143014,0.7201834862385321,0.27522935779816515,2.716128369056889
527048,"Pérez, Martín",2026,"CH","Braves","L","3.718702545",0.13302752293577982,0.12844036697247707,0.01834862385321101,-4.886000971801114,0.42660550458715596,0.555045871559633,8.456631814272754,0.6559633027522935,12.55334721595118,0.3348623853211009,0.009174311926605505,-10.1094929146752,218,0.3302752293577982,0.9678899082568807,0.22018348623853212,-2.7480351704703017,0.7431192660550459,0.03669724770642202,2.358292500952745
681347,"Burrows, Mike",2026,"CH","Astros","R","3.89672602",0.14678899082568808,0.16972477064220184,0.022935779816513763,-4.375821084496056,0.4724770642201835,0.5045871559633027,8.014146842996995,0.591743119266055,12.205182685599267,0.38990825688073394,0.01834862385321101,-8.032836975219645,218,0.3073394495412844,0.944954128440367,0.24770642201834864,-3.439169122544704,0.7155963302752294,0.03669724770642202,2.348531159079082
691799,"Taylor, Grant",2026,"FF","White Sox","R","1.491951857",0.0779816513761468,0.18807339449541285,0.09174311926605505,-5.02682266728361,0.7706422018348624,0.13761467889908258,9.18303353177135,0.009174311926605505,8.535811535580528,0.5779816513761468,0.41284403669724773,-10.958564238848735,218,0.3073394495412844,0.8211009174311926,0.022935779816513763,-2.3018541867275766,0.47706422018348627,0.5,3.3454215238133354
592662,"Ray, Robbie",2026,"SL","Giants","L","3.995069737",0.12903225806451613,0.16129032258064516,0.059907834101382486,-7.33640389394606,0.5161290322580645,0.423963133640553,9.203400109887955,0.43317972350230416,11.993571398761645,0.5299539170506913,0.03686635944700461,-8.99399385408595,217,0.35023041474654376,0.9308755760368663,0.24423963133640553,-3.7501607513159425,0.6543778801843319,0.10138248847926268,2.89624155612825
645261,"Alcantara, Sandy",2026,"FF","Marlins","R","0.988286239",0.05069124423963134,0.2672811059907834,0.05069124423963134,-5.035860926834412,0.7926267281105991,0.15668202764976957,6.288738622436843,0.004608294930875576,8.91788004866693,0.7327188940092166,0.2626728110599078,-9.811368826317475,217,0.2119815668202765,0.9262672811059908,0.004608294930875576,-3.820689838900084,0.5668202764976958,0.42857142857142855,3.008439163619771
672456,"Montero, Keider",2026,"FF","Tigers","R","0.831395139",0.018433179723502304,0.29493087557603687,0.07834101382488479,-5.572285119787669,0.8294930875576036,0.09216589861751152,6.3059156103762115,0,,0.7788018433179723,0.22119815668202766,-9.551372501811269,217,0.14746543778801843,0.9308755760368663,0.004608294930875576,-4.246129962808168,0.576036866359447,0.41935483870967744,2.8548146484260757
677960,"Weathers, Ryan",2026,"FF","Yankees","L","1.146913207",0.041474654377880185,0.28110599078341014,0.04608294930875576,-5.1469394987657155,0.8202764976958525,0.1336405529953917,6.424572646521826,0.004608294930875576,9.28411602673933,0.7188940092165899,0.2764976958525346,-10.030597642495175,217,0.21658986175115208,0.9400921658986175,0.018433179723502304,-2.2303957834726926,0.4700460829493088,0.511520737327189,3.036625986425278
650644,"Civale, Aaron",2026,"FC","zMLB","R","1.557342693",0.04608294930875576,0.25806451612903225,0.11059907834101383,-5.531343179308239,0.6820276497695853,0.2073732718894009,7.301115661138881,0.17050691244239632,10.316195753119738,0.7096774193548387,0.11981566820276497,-10.373247706622998,217,0.2626728110599078,0.9032258064516129,0.07373271889400922,-2.8416074048917115,0.6221198156682027,0.30414746543778803,3.0382750863702666
663556,"McClanahan, Shane",2026,"CH","Rays","L","4.540477489",0.1889400921658986,0.18433179723502305,0.013824884792626729,-4.79839669036479,0.45622119815668205,0.5299539170506913,9.61236811470249,0.4838709677419355,12.8794014747892,0.5023041474654378,0.013824884792626729,-9.130180316038327,217,0.391705069124424,0.9216589861751152,0.29493087557603687,-3.260381436467032,0.6589861751152074,0.04608294930875576,2.6418207751722553
656641,"Latz, Jacob",2026,"FF","Rangers","L","1.130828116",0.013953488372093023,0.24651162790697675,0.037209302325581395,-7.383026091241973,0.8232558139534883,0.13953488372093023,6.045664491103915,0.03255813953488372,9.40323026689288,0.8046511627906977,0.16279069767441862,-10.268187060123326,215,0.2186046511627907,0.9302325581395349,0.004651162790697674,-2.123298521322514,0.4744186046511628,0.5209302325581395,3.061927401807142
663687,"Harris, Hogan",2026,"FF","Athletics","L","0.90007457",0.06046511627906977,0.17674418604651163,0.07906976744186046,-5.292208165984563,0.8,0.12093023255813953,7.028733816697699,0.004651162790697674,7.242973770301136,0.641860465116279,0.35348837209302325,-10.54689974712859,215,0.24651162790697675,0.8837209302325582,0.009302325581395349,-2.588321136543966,0.5162790697674419,0.4744186046511628,2.944221081703512
622491,"Castillo, Luis",2026,"SL","Mariners","R","4.180184795",0.09813084112149532,0.20093457943925233,0.06074766355140187,-7.40036939898882,0.6495327102803738,0.2897196261682243,9.279203076535035,0.4485981308411215,11.848603215990998,0.5186915887850467,0.03271028037383177,-9.770208052846547,214,0.2570093457943925,0.8925233644859814,0.19626168224299065,-3.9846831024875002,0.6915887850467289,0.11214953271028037,2.6458933480936273
694738,"Roupp, Landen",2026,"CU","Giants","R","4.453287142",0.14485981308411214,0.11214953271028037,0.04205607476635514,-8.275254723910187,0.4719626168224299,0.48598130841121495,8.936564155992516,0.7663551401869159,13.999720039869027,0.22897196261682243,0.004672897196261682,-10.620295442103593,214,0.35046728971962615,0.8785046728971962,0.2803738317757009,-3.702883724518491,0.6915887850467289,0.028037383177570093,2.4722829841234955
663436,"Martin, Davis",2026,"FF","White Sox","R","1.138299579",0.04205607476635514,0.21962616822429906,0.13551401869158877,-6.093545365133108,0.7149532710280374,0.14953271028037382,6.62350425785164,0.014018691588785047,7.550953211818925,0.7383177570093458,0.24766355140186916,-9.452394547079336,214,0.2616822429906542,0.9345794392523364,0.009345794392523364,-3.972509306539632,0.5794392523364486,0.411214953271028,3.1064622044942034
650633,"King, Michael",2026,"SI","Padres","R","1.258597682",0.028037383177570093,0.2570093457943925,0.13551401869158877,-6.979160278925545,0.6588785046728972,0.205607476635514,7.283365308253944,0.028037383177570093,7.927517275763558,0.7757009345794392,0.19626168224299065,-10.666705723040653,214,0.16822429906542055,0.9112149532710281,0.102803738317757,-2.979163643811308,0.6822429906542056,0.21495327102803738,2.800805255678811
543037,"Cole, Gerrit",2026,"FF","Yankees","R","0.95784249",0.051643192488262914,0.2535211267605634,0.051643192488262914,-5.672366825270014,0.7934272300469484,0.15492957746478872,5.950504771654482,0.004694835680751174,7.5095054027153605,0.7793427230046949,0.215962441314554,-10.421811962710404,213,0.22065727699530516,0.9154929577464789,0.004694835680751174,-2.840218431523694,0.5070422535211268,0.48826291079812206,3.00557298511927
621237,"Alvarado, José",2026,"SI","Phillies","L","1.232464764",0.046948356807511735,0.20657276995305165,0.1784037558685446,-6.122005051205511,0.6338028169014085,0.18779342723004694,7.739302482593697,0.018779342723004695,10.521109881370375,0.7605633802816901,0.22065727699530516,-10.075355949254474,213,0.2347417840375587,0.9389671361502347,0.08450704225352113,-2.814368929484098,0.6056338028169014,0.30985915492957744,3.004542072046745
571945,"Mikolas, Miles",2026,"SI","Nationals","R","2.135123465",0.018779342723004695,0.3755868544600939,0.1267605633802817,-5.8811389105456895,0.7370892018779343,0.13615023474178403,7.08776169096415,0.023474178403755867,10.305595416982014,0.7981220657276995,0.1784037558685446,-10.155759886553964,213,0.09389671361502347,0.9295774647887324,0.04225352112676056,-3.2368948384719354,0.7934272300469484,0.1643192488262911,2.596094381930492
571945,"Mikolas, Miles",2026,"FF","Nationals","R","0.955906632",0.0047169811320754715,0.33490566037735847,0.02830188679245283,-6.121526142878451,0.8962264150943396,0.07547169811320754,6.279801456264102,0.018867924528301886,7.926455913416236,0.8349056603773585,0.14622641509433962,-9.385679907553191,212,0.14622641509433962,0.9528301886792453,0,,0.6415094339622641,0.3584905660377358,2.833169346956231
669276,"Lee, Dylan",2026,"SL","Braves","L","5.267256909",0.24528301886792453,0.10377358490566038,0.02830188679245283,-4.738348621565457,0.4811320754716981,0.49056603773584906,10.938436224497767,0.6415094339622641,13.887760785620667,0.33962264150943394,0.018867924528301886,-9.279597017811591,212,0.45754716981132076,0.8584905660377359,0.33962264150943394,-3.848981589288674,0.6037735849056604,0.05660377358490566,2.73601973652121
687396,"Headrick, Brent",2026,"FF","Yankees","L","0.942670093",0.04265402843601896,0.25118483412322273,0.052132701421800945,-5.039466539145348,0.8056872037914692,0.14218009478672985,7.069362915825891,0.023696682464454975,9.09039742619494,0.8199052132701422,0.15639810426540285,-11.47538993682585,211,0.22748815165876776,0.9620853080568721,0.02843601895734597,-3.0854494868038094,0.5402843601895735,0.4312796208530806,2.9698779713834824
805673,"Matthews, Zebby",2026,"FF","Twins","R","0.92142113",0.023809523809523808,0.28095238095238095,0.047619047619047616,-4.972372988365892,0.8380952380952381,0.11428571428571428,5.811902508230609,0.014285714285714285,8.605621551031383,0.8095238095238095,0.1761904761904762,-9.831274536670639,210,0.13333333333333333,0.9619047619047619,0,,0.6190476190476191,0.38095238095238093,2.9053401592756813
647336,"Soroka, Michael",2026,"FF","Diamondbacks","R","1.070520854",0.03333333333333333,0.2619047619047619,0.12380952380952381,-6.131901844294019,0.7952380952380952,0.08095238095238096,6.946678069168119,0.004761904761904762,9.093712086898135,0.7380952380952381,0.2571428571428571,-9.84722938066449,210,0.15714285714285714,0.8857142857142857,0,,0.5619047619047619,0.4380952380952381,2.8952640894916155
660825,"Bazardo, Eduard",2026,"SI","Mariners","R","0.994303908",0.02857142857142857,0.3,0.09047619047619047,-6.284678936852921,0.719047619047619,0.19047619047619047,6.702514502103284,0.01904761904761905,10.513577716445203,0.8238095238095238,0.15714285714285714,-10.982523817097436,210,0.14761904761904762,0.9333333333333333,0.0380952380952381,-2.733941567150392,0.6619047619047619,0.3,2.784943822248857
668909,"Williams, Gavin",2026,"CU","Guardians","R","3.718461235",0.09569377990430622,0.2583732057416268,0.04784688995215311,-5.100731104872827,0.7416267942583732,0.21052631578947367,7.094258603909743,0.36363636363636365,11.513734511695626,0.6124401913875598,0.023923444976076555,-10.601273084250645,209,0.2822966507177033,0.9282296650717703,0.3588516746411483,-4.083280222694142,0.6172248803827751,0.023923444976076555,2.4867206570933713
665795,"Cabrera, Edward",2026,"CH","Cubs","R","2.478782026",0.05263157894736842,0.19138755980861244,0.07655502392344497,-7.1923518129082575,0.5645933014354066,0.3588516746411483,7.122418481574499,0.19138755980861244,9.161463742023622,0.7799043062200957,0.028708133971291867,-12.77637354048901,209,0.3157894736842105,0.9617224880382775,0.31100478468899523,-3.6692897098329884,0.6507177033492823,0.03827751196172249,3.1407997256571303
694738,"Roupp, Landen",2026,"CH","Giants","R","3.150338601",0.14832535885167464,0.19138755980861244,0.023923444976076555,-5.35830628643974,0.5263157894736842,0.44976076555023925,7.587349466561123,0.3397129186602871,10.956623058778844,0.6363636363636364,0.023923444976076555,-8.813349770803962,209,0.31100478468899523,0.9330143540669856,0.3014354066985646,-3.101009792002046,0.6842105263157895,0.014354066985645933,2.5044144076229804
700712,"Ureña, Walbert",2026,"SI","Angels","R","1.955587763",0.023923444976076555,0.2535885167464115,0.22488038277511962,-5.835052598940664,0.6028708133971292,0.1722488038277512,7.718065424239031,0.023923444976076555,10.226745222872093,0.8421052631578947,0.1339712918660287,-9.922797148266566,209,0.21052631578947367,0.9473684210526315,0.20574162679425836,-3.671426548646534,0.7272727272727273,0.06698564593301436,2.5202043815386226
623454,"Anderson, Drew",2026,"FF","Tigers","R","1.032988223",0.05263157894736842,0.20574162679425836,0.0861244019138756,-5.788702714512594,0.7942583732057417,0.11961722488038277,6.5178393229547265,0.009569377990430622,10.21217165390869,0.6507177033492823,0.3397129186602871,-10.190864259755143,209,0.215311004784689,0.8899521531100478,0.014354066985645933,-3.0696454427401494,0.49760765550239233,0.4880382775119617,3.006740745730383
666200,"Luzardo, Jesús",2026,"CH","Phillies","L","4.085902554",0.17307692307692307,0.13942307692307693,0.004807692307692308,-4.380005511547022,0.4230769230769231,0.5721153846153846,9.360703446330103,0.6153846153846154,12.93887202699556,0.3605769230769231,0.02403846153846154,-9.919277329480654,208,0.38461538461538464,0.9182692307692307,0.24519230769230768,-3.2598126916005796,0.6634615384615384,0.09134615384615384,2.6514454314108873
676917,"Cavalli, Cade",2026,"CU","Nationals","R","4.904244551",0.1346153846153846,0.20192307692307693,0.12980769230769232,-6.853964846127721,0.6394230769230769,0.23076923076923078,10.862627562071435,0.3173076923076923,12.173214952393181,0.6105769230769231,0.07211538461538461,-11.835043084778086,208,0.40865384615384615,0.8365384615384616,0.44711538461538464,-4.879442307145779,0.5192307692307693,0.03365384615384615,3.1320171978735747
657612,"Hill, Tim",2026,"SI","Yankees","L","1.164071818",0.009615384615384616,0.3125,0.14423076923076922,-5.845644890053469,0.7019230769230769,0.15384615384615385,6.049969694189972,0.028846153846153848,9.516915690291935,0.7019230769230769,0.2692307692307692,-10.70385136021557,208,0.11057692307692307,0.9326923076923077,0.1346153846153846,-2.9053275610200595,0.7692307692307693,0.09615384615384616,2.5814587097560264
664285,"Valdez, Framber",2026,"CU","Tigers","L","4.436196037",0.13526570048309178,0.16908212560386474,0.057971014492753624,-5.762854528850206,0.6666666666666666,0.2753623188405797,9.229394476699905,0.5652173913043478,13.604845091918552,0.4057971014492754,0.028985507246376812,-9.457797355880908,207,0.3188405797101449,0.9033816425120773,0.38164251207729466,-3.6903386122387514,0.5893719806763285,0.028985507246376812,2.189981605603285
641835,"Mayza, Tim",2026,"SI","Phillies","L","1.552561742",0.05825242718446602,0.24271844660194175,0.15048543689320387,-6.038687608987136,0.5533980582524272,0.2961165048543689,7.309744999250822,0.014563106796116505,10.037523017189335,0.7233009708737864,0.2621359223300971,-10.932237759167162,206,0.18446601941747573,0.883495145631068,0.12135922330097088,-3.023900442442476,0.6019417475728155,0.2766990291262136,3.0205987992423666
677944,"Cecconi, Slade",2026,"FC","Guardians","R","2.038521004",0.04854368932038835,0.24757281553398058,0.11165048543689321,-5.31833198939179,0.6213592233009708,0.2669902912621359,7.437303359069237,0.1941747572815534,10.524353066849928,0.7135922330097088,0.09223300970873786,-11.793622085918635,206,0.21844660194174756,0.9320388349514563,0.13592233009708737,-2.887812948173881,0.7233009708737864,0.1407766990291262,2.8039001501163363
676879,"Ashby, Aaron",2026,"SI","Brewers","L","2.347475392",0.019417475728155338,0.23300970873786409,0.13106796116504854,-6.06815877709587,0.5679611650485437,0.30097087378640774,6.780100972976821,0.019417475728155338,8.552994240652184,0.7669902912621359,0.21359223300970873,-10.83892823172665,206,0.14563106796116504,0.9223300970873787,0.1262135922330097,-3.8142432182853376,0.6941747572815534,0.1796116504854369,2.7653838029283926
676440,"Bibee, Tanner",2026,"SI","Guardians","R","2.138860844",0.02912621359223301,0.34951456310679613,0.11165048543689321,-6.098634130702918,0.7087378640776699,0.1796116504854369,7.103857875284333,0.03398058252427184,8.048783886198152,0.8155339805825242,0.15048543689320387,-10.456106699568958,206,0.1553398058252427,0.9368932038834952,0.1262135922330097,-2.8600481414178804,0.7427184466019418,0.13106796116504854,2.932243637143356
641793,"Littell, Zack",2026,"FF","Nationals","R","0.663285476",0.024271844660194174,0.3155339805825243,0.03398058252427184,-4.680722380222393,0.8689320388349514,0.0970873786407767,6.201518987551548,0.014563106796116505,7.707525317717917,0.8252427184466019,0.16019417475728157,-9.787552240509893,206,0.15048543689320387,0.9514563106796117,0,,0.5728155339805825,0.42718446601941745,2.781249477982372
669373,"Skubal, Tarik",2026,"CH","Tigers","L","5.136914668",0.2048780487804878,0.11707317073170732,0.024390243902439025,-8.467331520770468,0.33170731707317075,0.6439024390243903,10.602472486617517,0.5951219512195122,13.995829125541576,0.3804878048780488,0.024390243902439025,-9.304393591007017,205,0.5219512195121951,0.8926829268292683,0.3121951219512195,-3.913540569895966,0.6146341463414634,0.07317073170731707,2.6989466199341683
682254,"Montgomery, Mason",2026,"FF","Pirates","L","1.19233202",0.0975609756097561,0.18048780487804877,0.08292682926829269,-5.527591213292985,0.7317073170731707,0.18536585365853658,7.088564701716813,0.004878048780487805,8.365505129761655,0.5853658536585366,0.4097560975609756,-10.988150238775187,205,0.2926829268292683,0.8634146341463415,0.014634146341463415,-3.413806452614931,0.47317073170731705,0.5121951219512195,3.3119366126942102
676106,"Hancock, Emerson",2026,"SI","Mariners","R","0.715406109",0.004901960784313725,0.31862745098039214,0.11274509803921569,-5.681359903010434,0.7303921568627451,0.1568627450980392,5.8530903031109025,0.004901960784313725,7.550881552241156,0.8235294117647058,0.1715686274509804,-10.014563630053221,204,0.11764705882352941,0.9754901960784313,0.17647058823529413,-2.6678727583917476,0.7254901960784313,0.09803921568627451,2.6199011814308886
641816,"Mahle, Tyler",2026,"FS","Giants","R","3.320328491",0.11764705882352941,0.19607843137254902,0.004901960784313725,-5.148106068973764,0.5490196078431373,0.44607843137254904,7.414488626131861,0.4362745098039216,10.51784157501632,0.5392156862745098,0.024509803921568627,-11.425097271556723,204,0.2647058823529412,0.9509803921568627,0.31862745098039214,-3.1853985484653915,0.6421568627450981,0.0392156862745098,2.623785930625412
669461,"Liberatore, Matthew",2026,"SL","Cardinals","L","3.626877799",0.13725490196078433,0.19607843137254902,0.09803921568627451,-6.318237361469269,0.6176470588235294,0.28431372549019607,9.231414091773424,0.3627450980392157,11.229853394488648,0.5637254901960784,0.07352941176470588,-11.053732281563779,204,0.37745098039215685,0.8872549019607843,0.31862745098039214,-3.9696420625098012,0.5343137254901961,0.14705882352941177,2.945021474190184
642547,"Peralta, Freddy",2026,"CH","Mets","R","3.474173325",0.11330049261083744,0.1724137931034483,0.04433497536945813,-5.456025840794023,0.43349753694581283,0.5221674876847291,7.816375019467122,0.35467980295566504,10.72923572053698,0.6157635467980296,0.029556650246305417,-8.50152808105741,203,0.28078817733990147,0.9556650246305419,0.2561576354679803,-3.0228481173979116,0.6748768472906403,0.06896551724137931,2.4438132019824605
675848,"Mejia, Juan",2026,"FF","Rockies","R","1.134585873",0.054455445544554455,0.23267326732673269,0.0891089108910891,-6.019566867658114,0.693069306930693,0.21782178217821782,7.158282279928713,0,,0.6683168316831684,0.3316831683168317,-10.09759682379787,202,0.19306930693069307,0.8861386138613861,0.01485148514851485,-3.1631352962844486,0.6138613861386139,0.3712871287128713,2.977697434170348
607259,"Martinez, Nick",2026,"FC","Rays","R","2.134372809",0.019801980198019802,0.27722772277227725,0.17326732673267325,-5.331463777733696,0.6485148514851485,0.1782178217821782,7.313709438879817,0.11386138613861387,9.757892281366855,0.801980198019802,0.08415841584158416,-10.212084698602231,202,0.12376237623762376,0.9702970297029703,0.04950495049504951,-2.718651579605236,0.7524752475247525,0.19801980198019803,2.910584748240092
671096,"Abbott, Andrew",2026,"ST","Reds","L","6.228635556",0.0845771144278607,0.13930348258706468,0.08955223880597014,-6.82646980841271,0.572139303482587,0.3383084577114428,10.12285467065846,0.39800995024875624,13.132342602395893,0.5522388059701493,0.04975124378109453,-9.764258932881415,201,0.3034825870646766,0.8159203980099502,0.1791044776119403,-5.970844112416148,0.6268656716417911,0.19402985074626866,2.554196088275626
641743,"Kay, Anthony",2026,"FF","White Sox","L","0.87819496",0.025,0.26,0.145,-5.5488509472656125,0.805,0.05,7.135574051651201,0.005,8.080027746279704,0.785,0.21,-10.143433072690094,200,0.195,0.92,0.01,-2.7565120010350914,0.595,0.395,2.9613534539994624
681347,"Burrows, Mike",2026,"FF","Astros","R","0.858325554",0.025,0.28,0.08,-5.779462216689465,0.805,0.115,7.040906155657935,0.005,11.10622292618903,0.82,0.175,-10.165296820408829,200,0.13,0.9,0,,0.615,0.385,2.8456881705750545
669432,"Rogers, Trevor",2026,"CH","Orioles","L","2.775285142",0.075,0.285,0.04,-5.751129793759604,0.615,0.345,7.8484899683073035,0.335,10.944042827392067,0.635,0.03,-9.742702387298566,200,0.255,0.93,0.23,-3.1007912064430063,0.745,0.025,2.6660446528598833
605488,"Springs, Jeffrey",2026,"CH","Athletics","L","4.68337793",0.1,0.09,0,,0.325,0.675,10.554663905542599,0.72,14.939060922837816,0.27,0.01,-11.835772126463777,200,0.41,0.855,0.12,-2.935601807216859,0.755,0.125,2.9104950668539593
667755,"Soriano, José",2026,"FF","Angels","R","0.943078763",0.01507537688442211,0.2613065326633166,0.07035175879396985,-5.263553654407825,0.8040201005025126,0.12562814070351758,6.098831095748879,0.005025125628140704,8.106309169219218,0.7989949748743719,0.19597989949748743,-9.507417936651246,199,0.20603015075376885,0.9396984924623115,0.010050251256281407,-2.7628964330723047,0.592964824120603,0.3969849246231156,3.062890770725759
693686,"Miles, Spencer",2026,"SI","Blue Jays","R","1.16250059",0.05025125628140704,0.21105527638190955,0.1507537688442211,-7.142998941769742,0.6834170854271356,0.1658291457286432,7.440920413078918,0,,0.6030150753768844,0.3969849246231156,-10.612749691426972,199,0.1507537688442211,0.8592964824120602,0.07035175879396985,-2.4556713512892845,0.678391959798995,0.25125628140703515,3.0912401827671534
663554,"Mize, Casey",2026,"FF","Tigers","R","0.943723151",0.04040404040404041,0.23232323232323232,0.050505050505050504,-4.963102270576709,0.7878787878787878,0.16161616161616163,5.904844232084385,0.025252525252525252,9.864625272990462,0.7929292929292929,0.18181818181818182,-10.233812141473848,198,0.2676767676767677,0.9090909090909091,0.010101010101010102,-5.8725978617734995,0.43434343434343436,0.5555555555555556,2.9950367367961688
700241,"McGreevy, Michael",2026,"FF","Cardinals","R","0.783600326",0.030303030303030304,0.36363636363636365,0.010101010101010102,-5.91244593114275,0.8585858585858586,0.13131313131313133,7.1315841196312055,0.005050505050505051,11.434216799730828,0.7222222222222222,0.2727272727272727,-10.692748354561026,198,0.13636363636363635,0.9191919191919192,0.005050505050505051,-2.3470025831915455,0.6262626262626263,0.3686868686868687,2.7851400772132786
681293,"Arrighetti, Spencer",2026,"FF","Astros","R","1.042329861",0.050505050505050504,0.21212121212121213,0.10101010101010101,-5.525195952187629,0.7777777777777778,0.12121212121212122,6.261233830877448,0.020202020202020204,10.144025766516599,0.7575757575757576,0.2222222222222222,-10.541608494272179,198,0.21212121212121213,0.9343434343434344,0.005050505050505051,-2.0233641824198734,0.5707070707070707,0.42424242424242425,3.225610473621299
647336,"Soroka, Michael",2026,"SV","Diamondbacks","R","5.374058353",0.12690355329949238,0.16751269035532995,0.06091370558375635,-6.557965970467295,0.6446700507614214,0.29441624365482233,10.843649189036933,0.4619289340101523,14.375155033687745,0.49238578680203043,0.04568527918781726,-11.223506537667626,197,0.3350253807106599,0.8730964467005076,0.27411167512690354,-4.44384816605897,0.6345177664974619,0.09137055837563451,2.7393429587478493
571927,"Matz, Steven",2026,"SI","Rays","L","1.060726933",0.050761421319796954,0.2436548223350254,0.09644670050761421,-4.991838756208304,0.7715736040609137,0.1319796954314721,7.29334540890354,0.01015228426395939,7.227200931352316,0.7106598984771574,0.27918781725888325,-10.185852558211403,197,0.19796954314720813,0.9543147208121827,0.015228426395939087,-2.5243674717042044,0.5380710659898477,0.4467005076142132,2.894197013689861
665871,"Assad, Javier",2026,"SI","Cubs","R","1.019092451",0.02040816326530612,0.3469387755102041,0.12244897959183673,-6.051463767723568,0.7346938775510204,0.14285714285714285,6.045671220705781,0.02040816326530612,8.644136520589836,0.7806122448979592,0.1989795918367347,-10.511869365192746,196,0.08163265306122448,0.9693877551020408,0.025510204081632654,-2.3659452106575083,0.75,0.22448979591836735,2.915723328657757
669160,"May, Dustin",2026,"FF","Cardinals","R","0.831221678",0.046153846153846156,0.26153846153846155,0.07179487179487179,-5.3474621211635185,0.8153846153846154,0.11282051282051282,6.085734986060646,0.010256410256410256,9.459586889974124,0.7435897435897436,0.24615384615384617,-9.535121274519899,195,0.20512820512820512,0.9230769230769231,0.005128205128205128,-2.3779149594941957,0.5076923076923077,0.48717948717948717,2.9383544619376347
669387,"Mlodzinski, Carmen",2026,"FF","Pirates","R","1.21512779",0.05128205128205128,0.28205128205128205,0.046153846153846156,-4.564955424964677,0.8153846153846154,0.13846153846153847,7.592691576944324,0,,0.676923076923077,0.3230769230769231,-10.197575006530442,195,0.1641025641025641,0.9025641025641026,0.010256410256410256,-2.136098321394462,0.6102564102564103,0.37948717948717947,3.1131723299074845
680570,"Rodriguez, Grayson",2026,"FF","Angels","R","0.806904019",0.005128205128205128,0.29743589743589743,0.11282051282051282,-5.027242393674791,0.7846153846153846,0.10256410256410256,6.176530428288362,0.015384615384615385,8.476911305201508,0.8,0.18461538461538463,-9.8139353306364,195,0.14358974358974358,0.9384615384615385,0.005128205128205128,-2.960208513769282,0.6410256410256411,0.35384615384615387,2.8576081610832844
693645,"Schlittler, Cam",2026,"SI","Yankees","R","1.51632797",0.05154639175257732,0.23711340206185566,0.23711340206185566,-6.820611752398629,0.6030927835051546,0.15979381443298968,6.1303696569697035,0,,0.7731958762886598,0.2268041237113402,-10.083044463133511,194,0.16494845360824742,0.9226804123711341,0.07731958762886598,-3.698840302193411,0.6649484536082474,0.25773195876288657,2.7568105507973377
677944,"Cecconi, Slade",2026,"FF","Guardians","R","1.490906325",0.031088082901554404,0.2849740932642487,0.03626943005181347,-6.892274352361558,0.8290155440414507,0.13471502590673576,5.574620172643414,0.031088082901554404,9.096795919483615,0.7512953367875648,0.21761658031088082,-10.354008004407893,193,0.19170984455958548,0.9067357512953368,0.02072538860103627,-3.614062937630228,0.5751295336787565,0.40414507772020725,3.032799891906026
685299,"Gordon, Tanner",2026,"FF","Rockies","R","0.712544366",0.05181347150259067,0.26424870466321243,0.05181347150259067,-4.948363831055289,0.8290155440414507,0.11917098445595854,5.8130722655601685,0,,0.6476683937823834,0.35233160621761656,-10.656079586705262,193,0.2694300518134715,0.8963730569948186,0.0051813471502590676,-2.253067276189725,0.48704663212435234,0.5077720207253886,2.9164806689495673
669160,"May, Dustin",2026,"FC","Cardinals","R","1.902543914",0.02072538860103627,0.25906735751295334,0.24870466321243523,-6.293443170533671,0.6476683937823834,0.10362694300518134,10.116513231857548,0.05699481865284974,8.858414681714759,0.8238341968911918,0.11917098445595854,-10.215564491075082,193,0.22279792746113988,0.9222797927461139,0.16062176165803108,-3.358689602033797,0.689119170984456,0.15025906735751296,3.264536359564657
680755,"Fisher, Braydon",2026,"SL","Blue Jays","R","3.988213856",0.125,0.20833333333333334,0.046875,-6.20629002422057,0.5677083333333334,0.3854166666666667,8.595688523344133,0.3489583333333333,11.955655586880322,0.6041666666666666,0.046875,-10.70806072595449,192,0.3229166666666667,0.890625,0.21875,-3.8944799627535844,0.6197916666666666,0.16145833333333334,2.9349349898609254
702070,"Cameron, Noah",2026,"FC","Royals","L","1.279554023",0.026041666666666668,0.25,0.21875,-5.90521519150314,0.6614583333333334,0.11979166666666667,7.846445738150156,0.0625,9.484099025989408,0.7708333333333334,0.16666666666666666,-12.03501080380893,192,0.23958333333333334,0.9375,0.109375,-3.2472600972256966,0.6875,0.203125,3.2360056010928724
660853,"De Los Santos, Enyel",2026,"FF","Astros","R","0.762844475",0.041666666666666664,0.2552083333333333,0.09375,-5.2736231050740665,0.7916666666666666,0.11458333333333333,6.5856868838571625,0,,0.7083333333333334,0.2916666666666667,-10.799438378766588,192,0.21354166666666666,0.9114583333333334,0,,0.5260416666666666,0.4739583333333333,2.914080134105401
641927,"Ober, Bailey",2026,"FF","Twins","R","0.948427924",0.026041666666666668,0.2604166666666667,0.036458333333333336,-5.299028983776716,0.8489583333333334,0.11458333333333333,5.816669674569389,0.11458333333333333,10.082322459256064,0.78125,0.10416666666666667,-9.805164074997716,192,0.16145833333333334,0.96875,0.005208333333333333,-2.699444858845254,0.59375,0.4010416666666667,3.0140520206176973
669387,"Mlodzinski, Carmen",2026,"FS","Pirates","R","2.939851467",0.1256544502617801,0.2198952879581152,0.031413612565445025,-5.78542443136195,0.5235602094240838,0.44502617801047123,7.556384399141156,0.3717277486910995,11.38048558741926,0.6020942408376964,0.02617801047120419,-9.648306754453541,191,0.3089005235602094,0.9109947643979057,0.28272251308900526,-3.184458997347811,0.6492146596858639,0.06806282722513089,2.7673174016190965
680573,"Woods Richardson, Simeon",2026,"FF","zMLB","R","1.017565592",0.020942408376963352,0.3036649214659686,0.09947643979057591,-5.824899667952212,0.806282722513089,0.09424083769633508,5.84441800514245,0.005235602094240838,11.922108600481831,0.7329842931937173,0.2617801047120419,-9.32689946681465,191,0.19895287958115182,0.9214659685863874,0.010471204188481676,-7.639709898589809,0.5392670157068062,0.450261780104712,2.818382923056085
543135,"Eovaldi, Nathan",2026,"CU","Rangers","R","5.671674924",0.1631578947368421,0.12105263157894737,0.031578947368421054,-4.971377939455637,0.4473684210526316,0.5210526315789473,11.78733072760093,0.7631578947368421,17.275822065609635,0.22631578947368422,0.010526315789473684,-7.832690583309055,190,0.4,0.9157894736842105,0.21578947368421053,-3.221004537750414,0.7473684210526316,0.03684210526315789,2.6076181714382702
518876,"Kelly, Merrill",2026,"FF","Diamondbacks","R","0.687237052",0,0.3368421052631579,0.042105263157894736,-5.45175546357444,0.8894736842105263,0.06842105263157895,5.778354780344037,0.021052631578947368,8.277353201277332,0.9105263157894737,0.06842105263157895,-9.803094229114178,190,0.12105263157894737,0.9736842105263158,0,,0.6684210526315789,0.33157894736842103,2.815045883289356
695418,"Lord, Brad",2026,"FF","Nationals","R","0.992731872",0.05263157894736842,0.15789473684210525,0.05789473684210526,-6.803025779580968,0.7526315789473684,0.18947368421052632,7.442934261714062,0.005263157894736842,7.478455318264561,0.5631578947368421,0.43157894736842106,-10.895266001573635,190,0.25263157894736843,0.8789473684210526,0,,0.5157894736842106,0.4842105263157895,3.15201531558739
518585,"Cruz, Fernando",2026,"FS","Yankees","R","7.841438009",0.2962962962962963,0.07936507936507936,0.037037037037037035,-5.873967445440403,0.3862433862433862,0.5767195767195767,14.824626940131003,0.7671957671957672,17.37950785062328,0.21693121693121692,0.015873015873015872,-15.613612482047534,189,0.544973544973545,0.7777777777777778,0.35978835978835977,-4.948556076205425,0.5608465608465608,0.07936507936507936,2.560669563721762
605280,"Holmes, Clay",2026,"SI","Mets","R","1.317698018",0.021164021164021163,0.31746031746031744,0.07407407407407407,-5.589347828801915,0.7142857142857143,0.21164021164021163,6.340025200181836,0.037037037037037035,9.826472748801992,0.8571428571428571,0.10582010582010581,-9.555956578812129,189,0.13227513227513227,0.9735449735449735,0.1693121693121693,-2.6906329832965272,0.6984126984126984,0.13227513227513227,2.746974769981411
681293,"Arrighetti, Spencer",2026,"CU","Astros","R","3.946961095",0.17553191489361702,0.12234042553191489,0.026595744680851064,-6.507578070638201,0.5425531914893617,0.4308510638297872,8.85447155675692,0.7287234042553191,14.823233915926348,0.26595744680851063,0.005319148936170213,-20.280362187251626,188,0.39893617021276595,0.8936170212765957,0.3404255319148936,-3.428868135980733,0.6170212765957447,0.0425531914893617,2.6056640145798076
680694,"Bradish, Kyle",2026,"CU","Orioles","R","6.646930153",0.1595744680851064,0.21808510638297873,0.010638297872340425,-4.871679272992388,0.7180851063829787,0.2712765957446808,9.585801156911856,0.32978723404255317,13.021251927375248,0.6436170212765957,0.026595744680851064,-10.998941413243374,188,0.4148936170212766,0.8670212765957447,0.4627659574468085,-5.869895435569737,0.4946808510638298,0.0425531914893617,2.3212973119869535
663567,"Lambert, Peter",2026,"CH","Astros","R","3.308039407",0.1595744680851064,0.13829787234042554,0.015957446808510637,-6.408497081253422,0.4627659574468085,0.5212765957446809,8.158953632539852,0.5585106382978723,11.724157329461878,0.425531914893617,0.015957446808510637,-9.621722124923059,188,0.3670212765957447,0.9308510638297872,0.26595744680851063,-3.1126266175044788,0.6808510638297872,0.05319148936170213,2.558227967386722
686799,"Kochanowicz, Jack",2026,"SI","Angels","R","1.457318509",0.02127659574468085,0.3404255319148936,0.026595744680851064,-5.143470479095283,0.7819148936170213,0.19148936170212766,6.38917692841725,0.015957446808510637,10.090209783979931,0.776595744680851,0.2074468085106383,-10.870675946996496,188,0.18085106382978725,0.9095744680851063,0.2393617021276596,-3.094081129110863,0.6702127659574468,0.09042553191489362,2.8628481373807495
676440,"Bibee, Tanner",2026,"FF","Guardians","R","1.309718077",0.026595744680851064,0.2925531914893617,0.07446808510638298,-6.164047103803207,0.8351063829787234,0.09042553191489362,6.667842725982961,0.010638297872340425,8.993625499591136,0.7446808510638298,0.24468085106382978,-11.013044370473795,188,0.1702127659574468,0.8936170212765957,0.015957446808510637,-2.8957078286908833,0.601063829787234,0.3829787234042553,2.910793273975378
678906,"Teng, Kai-Wei",2026,"ST","Astros","R","5.068001209",0.0855614973262032,0.20855614973262032,0.1925133689839572,-7.133801263361217,0.5294117647058824,0.27807486631016043,11.532169422134768,0.2994652406417112,12.135323290463287,0.6256684491978609,0.0748663101604278,-12.113554801665641,187,0.3048128342245989,0.8663101604278075,0.1711229946524064,-4.670356422815658,0.6631016042780749,0.1657754010695187,3.1784510463113644
702193,"Morris, Andrew",2026,"FF","Twins","R","0.920045921",0.021621621621621623,0.1783783783783784,0.0918918918918919,-6.083136364083594,0.8162162162162162,0.0918918918918919,7.4071272090322235,0,,0.6810810810810811,0.31891891891891894,-10.143192456004217,185,0.21081081081081082,0.9081081081081082,0.005405405405405406,-3.384067073690811,0.5405405405405406,0.4540540540540541,2.8830851410376863
701542,"Warren, Will",2026,"SI","Yankees","R","1.546151432",0.021621621621621623,0.31891891891891894,0.0972972972972973,-6.158386646611973,0.6810810810810811,0.22162162162162163,7.339943122871144,0.06486486486486487,8.29087541897821,0.7837837837837838,0.15135135135135136,-10.893132790271595,185,0.2,0.9351351351351351,0.16216216216216217,-3.0795647951050293,0.7243243243243244,0.11351351351351352,2.921445535628205
676617,"O'Brien, Riley",2026,"SI","Cardinals","R","1.181315758",0.02702702702702703,0.25405405405405407,0.0918918918918919,-6.816416934241918,0.6648648648648648,0.24324324324324326,6.705674046967441,0.005405405405405406,7.043633698870603,0.7567567567567568,0.23783783783783785,-10.263510693135785,185,0.1945945945945946,0.9351351351351351,0.11891891891891893,-2.8813883936100972,0.6756756756756757,0.20540540540540542,3.1504701471051058
676962,"Brown, Ben",2026,"CU","Cubs","R","5.336379776",0.21081081081081082,0.21621621621621623,0.043243243243243246,-6.582173471172866,0.5405405405405406,0.41621621621621624,9.147006861278715,0.40540540540540543,12.20344121107881,0.5567567567567567,0.03783783783783784,-8.834810514043756,185,0.44324324324324327,0.8918918918918919,0.40540540540540543,-4.868313596618489,0.5243243243243243,0.07027027027027027,2.620041252640932
693855,"Seymour, Ian",2026,"CH","Rays","L","3.834678891",0.15135135135135136,0.17297297297297298,0.021621621621621623,-6.377931453571664,0.44324324324324327,0.5351351351351351,9.44036670549644,0.5567567567567567,12.669777429418186,0.43243243243243246,0.010810810810810811,-16.629811104769416,185,0.3783783783783784,0.9243243243243243,0.14594594594594595,-3.533925452807832,0.7243243243243244,0.12972972972972974,2.817826287639384
676760,"Marinaccio, Ron",2026,"FF","zMLB","R","1.180330492",0.07027027027027027,0.1783783783783784,0.08648648648648649,-5.949160259813416,0.745945945945946,0.16756756756756758,6.916581994455776,0.016216216216216217,8.671055145665303,0.6270270270270271,0.3567567567567568,-10.861680957066406,185,0.2864864864864865,0.8648648648648649,0.005405405405405406,-2.373791618122704,0.4540540540540541,0.5405405405405406,3.2677974521259667
642121,"Sulser, Cole",2026,"FF","Rays","R","0.599031781",0,0.22162162162162163,0.07027027027027027,-5.009251276519365,0.8918918918918919,0.03783783783783784,6.790636233650078,0,,0.745945945945946,0.25405405405405407,-10.290774651485705,185,0.22702702702702704,0.918918918918919,0,,0.4594594594594595,0.5405405405405406,2.9265339389977214
656849,"Peterson, David",2026,"SI","zMLB","L","1.276473421",0.03278688524590164,0.4207650273224044,0.12021857923497267,-6.451813410443061,0.6775956284153005,0.20218579234972678,6.6434479959471044,0.01639344262295082,9.574958748531465,0.7923497267759563,0.1912568306010929,-9.767051463320861,183,0.12568306010928962,0.9398907103825137,0.10382513661202186,-3.11254332353729,0.7486338797814208,0.14754098360655737,2.6370258862391953
641755,"Kinley, Tyler",2026,"SL","Braves","R","4.695822362",0.10382513661202186,0.20765027322404372,0.03825136612021858,-6.860862479805371,0.6065573770491803,0.3551912568306011,10.085158663464618,0.43169398907103823,12.816953885312039,0.5355191256830601,0.03278688524590164,-11.673698634849726,183,0.3114754098360656,0.8852459016393442,0.20765027322404372,-3.9510618116278025,0.6721311475409836,0.12021857923497267,3.0017266394111437
656730,"Megill, Trevor",2026,"FF","Brewers","R","1.483665801",0.054945054945054944,0.24725274725274726,0.04945054945054945,-7.370555989604736,0.7472527472527473,0.2032967032967033,6.303722212742953,0.02197802197802198,9.549843019567541,0.7417582417582418,0.23626373626373626,-10.764290804311559,182,0.22527472527472528,0.8956043956043956,0.02197802197802198,-4.380758577874562,0.4835164835164835,0.4945054945054945,3.1083197940525076
668964,"Myers, Tobias",2026,"FF","Mets","R","1.249121089",0.005494505494505495,0.34615384615384615,0.02197802197802198,-5.325454674092915,0.8736263736263736,0.1043956043956044,7.137805493283597,0.04945054945054945,8.234459529752291,0.8076923076923077,0.14285714285714285,-9.42768619693878,182,0.12087912087912088,0.9505494505494505,0.01098901098901099,-2.738297584708758,0.6923076923076923,0.2967032967032967,2.879142555304259
675660,"Drohan, Shane",2026,"FF","Brewers","L","1.299192464",0.06593406593406594,0.1813186813186813,0.1043956043956044,-6.7696005853810926,0.7692307692307693,0.12637362637362637,7.328095183737738,0.005494505494505495,7.141831227898892,0.7087912087912088,0.2857142857142857,-10.611860561043356,182,0.32967032967032966,0.9285714285714286,0,,0.45054945054945056,0.5494505494505495,3.330645876103568
623149,"Sewald, Paul",2026,"FF","Diamondbacks","R","1.023431052",0.06043956043956044,0.24175824175824176,0.09340659340659341,-5.734740563775139,0.7692307692307693,0.13736263736263737,6.031926576238461,0.016483516483516484,8.16440305638575,0.7692307692307693,0.21428571428571427,-9.525625985308682,182,0.23626373626373626,0.9120879120879121,0.005494505494505495,-2.836610943083088,0.5164835164835165,0.47802197802197804,3.0236659918459203
677944,"Cecconi, Slade",2026,"SI","Guardians","R","2.033594142",0.038461538461538464,0.3516483516483517,0.10989010989010989,-7.056913877513539,0.6868131868131868,0.2032967032967033,6.352571834880221,0.016483516483516484,8.227861154179575,0.7692307692307693,0.21428571428571427,-9.544443559806208,182,0.10989010989010989,0.9285714285714286,0.038461538461538464,-2.278482912245865,0.7582417582417582,0.2032967032967033,2.7891802551790184
682842,"Uribe, Abner",2026,"SI","Brewers","R","2.587245426",0.03314917127071823,0.27071823204419887,0.0718232044198895,-5.709430692348288,0.6629834254143646,0.26519337016574585,6.854635171871788,0,,0.850828729281768,0.14917127071823205,-10.458935024778445,181,0.19889502762430938,0.9392265193370166,0.13812154696132597,-4.071692742820561,0.6629834254143646,0.19889502762430938,3.0195884841032687
592773,"Stanek, Ryne",2026,"FF","Cardinals","R","0.946308301",0.022099447513812154,0.18232044198895028,0.0718232044198895,-6.5756102494882,0.7237569060773481,0.20441988950276244,6.651561556126916,0.011049723756906077,8.908139832681282,0.8397790055248618,0.14917127071823205,-10.228630335128134,181,0.24861878453038674,0.9060773480662984,0.011049723756906077,-2.0545319126873824,0.5138121546961326,0.47513812154696133,3.042452065514756
686973,"Varland, Louis",2026,"FF","Blue Jays","R","1.487229973",0.0718232044198895,0.13812154696132597,0.0718232044198895,-5.738040448984576,0.7348066298342542,0.19337016574585636,7.082742603490222,0,,0.56353591160221,0.43646408839779005,-10.582996398481319,181,0.2430939226519337,0.8121546961325967,0.0055248618784530384,-2.4972754360153027,0.49171270718232046,0.5027624309392266,3.2273368093429697
519141,"Pomeranz, Drew",2026,"FF","zMLB","L","0.740115385",0.005555555555555556,0.25,0.08333333333333333,-5.328832187594096,0.6833333333333333,0.23333333333333334,6.174454464714722,0.06111111111111111,9.260250268456554,0.8333333333333334,0.10555555555555556,-9.798302552213704,180,0.18888888888888888,0.9333333333333333,0.005555555555555556,-2.8435252930938053,0.6111111111111112,0.38333333333333336,2.8751286021255407
650911,"Sánchez, Cristopher",2026,"SL","Phillies","L","5.061815864",0.19444444444444445,0.18888888888888888,0.1,-7.377568533629867,0.5166666666666667,0.38333333333333336,10.661434369729246,0.37222222222222223,12.616190695505372,0.5722222222222222,0.05555555555555555,-12.222169547877066,180,0.45555555555555555,0.8833333333333333,0.4222222222222222,-3.8313585365007827,0.5444444444444444,0.03333333333333333,3.020436071190679
676974,"Meyer, Max",2026,"FF","Marlins","R","0.801304616",0.03333333333333333,0.3611111111111111,0.027777777777777776,-4.958383090413902,0.8722222222222222,0.1,5.606850337700042,0.011111111111111112,7.462918589842951,0.8388888888888889,0.15,-10.26613497175153,180,0.12777777777777777,0.9611111111111111,0,,0.6555555555555556,0.34444444444444444,2.8094734997106836
656849,"Peterson, David",2026,"SL","zMLB","L","2.572723756",0.061452513966480445,0.2346368715083799,0.061452513966480445,-5.8344014099033865,0.6312849162011173,0.30726256983240224,8.20851098529435,0.35195530726256985,10.931174000904292,0.5698324022346368,0.0782122905027933,-9.60621029899199,179,0.3128491620111732,0.9329608938547486,0.24022346368715083,-3.0553426508929182,0.6871508379888268,0.07262569832402235,3.3138619520196984
669467,"Pallante, Andre",2026,"SI","Cardinals","R","1.140584998",0.0335195530726257,0.22905027932960895,0.24581005586592178,-5.78756445188239,0.6927374301675978,0.061452513966480445,9.666072154277417,0,,0.6703910614525139,0.329608938547486,-10.497825093767121,179,0.12290502793296089,0.8715083798882681,0.027932960893854747,-2.288156611053976,0.7094972067039106,0.26256983240223464,2.9489718075804974
696147,"Bachman, Sam",2026,"SL","Angels","R","6.594112174",0.15730337078651685,0.16292134831460675,0.12359550561797752,-6.099803312430932,0.5056179775280899,0.3707865168539326,12.058506100979855,0.48314606741573035,12.645911505738699,0.4438202247191011,0.07303370786516854,-10.663236305318025,178,0.39325842696629215,0.9157303370786517,0.28651685393258425,-4.678791565169889,0.6404494382022472,0.07303370786516854,2.7686382469649313
607200,"Fedde, Erick",2026,"SI","White Sox","R","0.892661077",0.05056179775280899,0.2808988764044944,0.1797752808988764,-5.767218206718014,0.6460674157303371,0.17415730337078653,6.897846121349899,0.0056179775280898875,7.698422562031529,0.7134831460674157,0.2808988764044944,-10.876295995225917,178,0.1404494382022472,0.9382022471910112,0.028089887640449437,-2.6582451050339464,0.6966292134831461,0.2752808988764045,3.0262426379809653
670970,"Morejon, Adrian",2026,"SI","Padres","L","1.199795257",0.02247191011235955,0.19101123595505617,0.20786516853932585,-6.229333326712825,0.601123595505618,0.19101123595505617,6.345858562428848,0,,0.6460674157303371,0.3539325842696629,-10.31161915932203,178,0.19101123595505617,0.8820224719101124,0.06741573033707865,-2.8375140470981566,0.651685393258427,0.2808988764044944,3.130405457572249
518886,"Kimbrel, Craig",2026,"FF","zMLB","R","1.17871123",0.033707865168539325,0.24157303370786518,0.12359550561797752,-6.257283791246166,0.7584269662921348,0.11797752808988764,5.760192471680881,0.0056179775280898875,7.5159187000138985,0.7921348314606742,0.20224719101123595,-9.345939170178355,178,0.25280898876404495,0.9044943820224719,0.011235955056179775,-7.021265270746346,0.5337078651685393,0.4550561797752809,3.1517350097327084
678022,"Perkins, Jack",2026,"FF","Athletics","R","0.697527693",0.033707865168539325,0.24719101123595505,0.07865168539325842,-5.034901857570207,0.8146067415730337,0.10674157303370786,5.79487505817123,0.016853932584269662,8.115445661200258,0.6797752808988764,0.30337078651685395,-10.034030112775373,178,0.14606741573033707,0.8764044943820225,0.016853932584269662,-2.2578407878999514,0.6123595505617978,0.3707865168539326,2.8661675290122197
621111,"Buehler, Walker",2026,"FC","Padres","R","1.452553874",0.056179775280898875,0.2303370786516854,0.12921348314606743,-5.942005343250822,0.6966292134831461,0.17415730337078653,7.347043454689649,0.06741573033707865,9.842249820600667,0.7584269662921348,0.17415730337078653,-11.153972183534268,178,0.21910112359550563,0.9101123595505618,0.08426966292134831,-2.7878314475696584,0.5786516853932584,0.33707865168539325,2.9825887252425356
669358,"Baz, Shane",2026,"FC","Orioles","R","2.047496909",0.0449438202247191,0.30337078651685395,0.08426966292134831,-5.662886937861884,0.651685393258427,0.2640449438202247,7.4565364377823045,0.1797752808988764,10.31275658192663,0.7247191011235955,0.09550561797752809,-11.302250764739085,178,0.21910112359550563,0.9382022471910112,0.07865168539325842,-3.1735111573077486,0.7584269662921348,0.16292134831460675,3.2439387841584537
657097,"Webb, Jacob",2026,"FF","Cubs","R","0.888336848",0.04519774011299435,0.23163841807909605,0.05649717514124294,-5.494728832179538,0.7909604519774012,0.15254237288135594,6.927214212427404,0,,0.7288135593220338,0.2711864406779661,-11.71313050460713,177,0.2598870056497175,0.8870056497175142,0,,0.4971751412429379,0.5028248587570622,3.114144687006257
687330,"Kelly, Kevin",2026,"SI","Rays","R","1.19581206",0.022598870056497175,0.3050847457627119,0.21468926553672316,-6.920629628321913,0.6497175141242938,0.13559322033898305,6.648359886524527,0.01694915254237288,9.257583149290943,0.751412429378531,0.23163841807909605,-10.039309267193046,177,0.12994350282485875,0.96045197740113,0.1694915254237288,-2.888490998278779,0.7457627118644068,0.0847457627118644,2.504184177018969
693821,"Elder, Bryce",2026,"SI","Braves","R","2.312336046",0.03389830508474576,0.3502824858757062,0.15819209039548024,-6.936207160705457,0.7005649717514124,0.14124293785310735,10.838235307550717,0.02824858757062147,9.765261165545535,0.7401129943502824,0.23163841807909605,-10.626641679104294,177,0.12429378531073447,0.9096045197740112,0.096045197740113,-3.700183883463894,0.7570621468926554,0.14689265536723164,2.8465018800200164
690997,"McLean, Nolan",2026,"FF","Mets","R","1.190705462",0.03954802259887006,0.22033898305084745,0.05084745762711865,-5.345253600457226,0.7796610169491526,0.1694915254237288,6.429639403787087,0.01694915254237288,7.119260090193641,0.7288135593220338,0.2542372881355932,-10.32065233130692,177,0.2768361581920904,0.9322033898305084,0,,0.4745762711864407,0.5254237288135594,3.2697801942163074
592662,"Ray, Robbie",2026,"CH","Giants","L","3.735738051",0.06779661016949153,0.2655367231638418,0.005649717514124294,-5.596733978956021,0.5141242937853108,0.480225988700565,7.796347761814445,0.4463276836158192,11.393279457270351,0.5310734463276836,0.022598870056497175,-9.893874931972675,177,0.23163841807909605,0.96045197740113,0.13559322033898305,-3.3797461627184333,0.7344632768361582,0.12994350282485875,2.5216077031600466
676083,"Junk, Janson",2026,"FF","Marlins","R","0.976385103",0.03389830508474576,0.288135593220339,0.096045197740113,-5.794584752386567,0.8361581920903954,0.06779661016949153,5.365060625279639,0.02824858757062147,9.868337401843231,0.7344632768361582,0.23728813559322035,-9.584790521601901,177,0.12994350282485875,0.9322033898305084,0.01694915254237288,-2.580975842863668,0.6666666666666666,0.3163841807909605,2.6615719181501025
623211,"Brazobán, Huascar",2026,"SI","Mets","R","1.747188792",0.056818181818181816,0.19886363636363635,0.1534090909090909,-6.846894165652021,0.5511363636363636,0.29545454545454547,6.779436512233821,0.11363636363636363,9.18726412471415,0.7840909090909091,0.10227272727272728,-10.54994275248099,176,0.19886363636363635,0.9488636363636364,0.14204545454545456,-3.4009339282374786,0.7159090909090909,0.14204545454545456,3.004251881395412
667755,"Soriano, José",2026,"FS","Angels","R","2.887298187",0.1534090909090909,0.19886363636363635,0.045454545454545456,-5.730872968224315,0.4431818181818182,0.5113636363636364,7.415324670902323,0.2215909090909091,9.634709860078667,0.7159090909090909,0.0625,-11.382905150999957,176,0.3977272727272727,0.9602272727272727,0.38636363636363635,-3.357106734544807,0.5852272727272727,0.028409090909090908,3.882833919557181
605400,"Nola, Aaron",2026,"FF","Phillies","R","0.695452521",0.017045454545454544,0.3181818181818182,0.045454545454545456,-5.557720744590572,0.8636363636363636,0.09090909090909091,5.186261946461838,0.011363636363636364,7.901395890751925,0.8295454545454546,0.1590909090909091,-10.183754911452116,176,0.14204545454545456,0.9431818181818182,0.005681818181818182,-2.1829327772925224,0.5625,0.4318181818181818,2.799944612011808
691725,"Painter, Andrew",2026,"FF","Phillies","R","1.052588152",0.017045454545454544,0.30113636363636365,0.18181818181818182,-6.262008904090651,0.6988636363636364,0.11931818181818182,6.913657680735961,0,,0.8352272727272727,0.16477272727272727,-9.907585806121949,176,0.10795454545454546,0.9204545454545454,0.022727272727272728,-3.071277083261261,0.7215909090909091,0.2556818181818182,2.8114843116081825
445276,"Jansen, Kenley",2026,"FC","Tigers","R","0.951430599",0.03977272727272727,0.16477272727272727,0.14204545454545456,-5.2287510441461205,0.7102272727272727,0.14772727272727273,6.484174212313905,0.09659090909090909,9.502006894801614,0.7954545454545454,0.10795454545454546,-10.428183412495262,176,0.2784090909090909,0.9318181818181818,0.028409090909090908,-2.4122381964499855,0.5113636363636364,0.4602272727272727,3.0811285708426297
622608,"Senzatela, Antonio",2026,"FF","Rockies","R","1.213017031",0.07954545454545454,0.1590909090909091,0.09090909090909091,-6.095293736282345,0.7272727272727273,0.18181818181818182,8.346981690054248,0,,0.5511363636363636,0.44886363636363635,-11.299894182500527,176,0.3068181818181818,0.8068181818181818,0.022727272727272728,-3.1177163344022194,0.4602272727272727,0.5170454545454546,3.1352450748716234
690986,"Harrison, Kyle",2026,"SV","Brewers","L","5.471538426",0.11931818181818182,0.21022727272727273,0.045454545454545456,-6.354924019871852,0.6534090909090909,0.30113636363636365,9.533221247435847,0.4375,12.289028594091784,0.5284090909090909,0.03409090909090909,-9.588941511366203,176,0.26704545454545453,0.8181818181818182,0.3068181818181818,-4.278580611020368,0.6193181818181818,0.07386363636363637,2.739702463189739
702056,"Yesavage, Trey",2026,"FS","Blue Jays","R","6.654109229",0.16,0.14285714285714285,0.06857142857142857,-6.464256608998102,0.44,0.49142857142857144,11.92947253728623,0.5942857142857143,14.276267807901723,0.3942857142857143,0.011428571428571429,-9.909016877302651,175,0.3942857142857143,0.8228571428571428,0.22857142857142856,-4.397091481239697,0.6685714285714286,0.10285714285714286,2.587364899007169
663554,"Mize, Casey",2026,"FS","Tigers","R","3.399417143",0.17714285714285713,0.19428571428571428,0.02857142857142857,-4.978838248403145,0.52,0.4514285714285714,7.857163780147029,0.44571428571428573,11.541965038891533,0.5371428571428571,0.017142857142857144,-9.471854783629464,175,0.3485714285714286,0.9542857142857143,0.32571428571428573,-3.238629470518263,0.6342857142857142,0.04,2.7666818774083786
682052,"Lopez, Jacob",2026,"FF","Athletics","L","1.518607179",0.05142857142857143,0.26857142857142857,0.08571428571428572,-5.781227074642281,0.7257142857142858,0.18857142857142858,6.9079602328957135,0.06857142857142857,10.559591062146453,0.7371428571428571,0.19428571428571428,-11.104846772931376,175,0.18285714285714286,0.8971428571428571,0.017142857142857144,-3.3751093512376023,0.5942857142857143,0.38857142857142857,2.964272088328957
657097,"Webb, Jacob",2026,"CH","Cubs","R","3.632049541",0.14367816091954022,0.13793103448275862,0.022988505747126436,-6.097876170754571,0.3735632183908046,0.603448275862069,9.124163597432839,0.5977011494252874,13.17718168772599,0.39655172413793105,0.005747126436781609,-7.347235549522376,174,0.42528735632183906,0.9597701149425287,0.22413793103448276,-2.9622858804597794,0.6896551724137931,0.08620689655172414,2.737438590441082
656427,"Flaherty, Jack",2026,"SL","Tigers","R","5.165439128",0.1206896551724138,0.20689655172413793,0.05747126436781609,-6.435536327992688,0.5574712643678161,0.3850574712643678,10.31338552822817,0.5,12.679734984515221,0.45977011494252873,0.040229885057471264,-9.78210832222156,174,0.3333333333333333,0.9022988505747126,0.20689655172413793,-3.921310196431734,0.6954022988505747,0.09770114942528736,2.9648606833627746
656945,"Scott, Tanner",2026,"SL","Dodgers","L","3.734656697",0.12138728323699421,0.2254335260115607,0.1329479768786127,-5.6316120471114255,0.6011560693641619,0.2658959537572254,10.122836795894601,0.3063583815028902,11.28481130680817,0.6358381502890174,0.057803468208092484,-8.800173930884268,173,0.4277456647398844,0.8554913294797688,0.3583815028901734,-3.9611486069068893,0.5549132947976878,0.08670520231213873,3.0711786399319236
687570,"Prielipp, Connor",2026,"SL","Twins","L","3.961629159",0.0755813953488372,0.22674418604651161,0.11627906976744186,-5.912035698059027,0.6744186046511628,0.20930232558139536,10.53760434701225,0.1686046511627907,11.661405633277939,0.7209302325581395,0.11046511627906977,-12.905553543608391,172,0.28488372093023256,0.8953488372093024,0.23837209302325582,-4.505308678879121,0.6453488372093024,0.11627906976744186,2.7266006187432144
664285,"Valdez, Framber",2026,"CH","Tigers","L","1.643828333",0.03488372093023256,0.25,0.01744186046511628,-5.467354345971892,0.6627906976744186,0.31976744186046513,6.767847012725142,0.2616279069767442,9.497027440634655,0.6511627906976745,0.0872093023255814,-9.762648348647275,172,0.2441860465116279,0.9534883720930233,0.25,-3.1182392001069155,0.6627906976744186,0.0872093023255814,2.742843083214255
670280,"Bednar, David",2026,"FS","Yankees","R","2.916147311",0.08139534883720931,0.2441860465116279,0.05813953488372093,-5.700232923018581,0.6395348837209303,0.3023255813953488,6.871298381895002,0.20348837209302326,9.637942696211455,0.7732558139534884,0.023255813953488372,-10.334144633652135,172,0.38372093023255816,0.936046511627907,0.4476744186046512,-3.7898139225522764,0.5290697674418605,0.023255813953488372,2.630984441916133
607536,"Freeland, Kyle",2026,"FF","Rockies","L","1.090967047",0.029069767441860465,0.3372093023255814,0.08139534883720931,-5.567967844100374,0.7965116279069767,0.12209302325581395,5.960846860723402,0.011627906976744186,8.74482016806839,0.7674418604651163,0.22093023255813954,-11.137654810493121,172,0.13372093023255813,0.9302325581395349,0.005813953488372093,-2.588333813344757,0.6976744186046512,0.29651162790697677,2.9767530412864183
671737,"Bradley, Taj",2026,"FS","Twins","R","3.037981241",0.14534883720930233,0.20930232558139536,0.029069767441860465,-7.339295781914203,0.5697674418604651,0.4011627906976744,7.978899755175641,0.27325581395348836,9.524251196340206,0.6511627906976745,0.0755813953488372,-13.299133901203815,172,0.38372093023255816,0.9186046511627907,0.32558139534883723,-3.74513869271715,0.5988372093023255,0.0755813953488372,3.3410082702179924
695076,"Lowder, Rhett",2026,"SI","Reds","R","0.780515214",0.023255813953488372,0.3372093023255814,0.10465116279069768,-6.1783304348680925,0.7906976744186046,0.10465116279069768,6.157529361319781,0.03488372093023256,9.262725613277897,0.7732558139534884,0.19186046511627908,-10.051544052867348,172,0.08139534883720931,0.9534883720930233,0.023255813953488372,-2.586532808994692,0.7790697674418605,0.19767441860465115,2.69714794775338
571578,"Corbin, Patrick",2026,"SI","Blue Jays","L","0.72210461",0.029069767441860465,0.3372093023255814,0.08139534883720931,-6.293225851570981,0.6686046511627907,0.25,6.501785880852313,0.029069767441860465,8.435137837852048,0.7558139534883721,0.21511627906976744,-10.646267273082385,172,0.09302325581395349,0.9186046511627907,0.03488372093023256,-2.623805117029206,0.7732558139534884,0.19186046511627908,2.8243783565929017
607074,"Rodón, Carlos",2026,"FF","Yankees","L","0.998152921",0.04678362573099415,0.1871345029239766,0.05263157894736842,-6.0263596828415755,0.8070175438596491,0.14035087719298245,7.26708155041443,0.011695906432748537,7.631605925259147,0.7368421052631579,0.25146198830409355,-10.443041852439856,171,0.25146198830409355,0.8888888888888888,0.023391812865497075,-2.274854886599447,0.47368421052631576,0.5029239766081871,2.953845205769698
702070,"Cameron, Noah",2026,"CH","Royals","L","4.267934414",0.11695906432748537,0.14619883040935672,0,,0.52046783625731,0.47953216374269003,10.009175402412218,0.6491228070175439,14.262393018614143,0.32748538011695905,0.023391812865497075,-9.384018038954402,171,0.34502923976608185,0.8888888888888888,0.15789473684210525,-2.8504639663039075,0.7485380116959064,0.0935672514619883,2.8382595427662047
682052,"Lopez, Jacob",2026,"SL","Athletics","L","3.931265201",0.07058823529411765,0.10588235294117647,0.029411764705882353,-5.48825797602591,0.5647058823529412,0.40588235294117647,10.378317929573637,0.7235294117647059,15.29776137081421,0.2647058823529412,0.011764705882352941,-8.253510417174585,170,0.2823529411764706,0.8176470588235294,0.10588235294117647,-3.6572732982110345,0.7588235294117647,0.13529411764705881,2.693685058601035
668678,"Gallen, Zac",2026,"SL","Diamondbacks","R","3.947029909",0.12941176470588237,0.3,0.058823529411764705,-5.398026816044406,0.5294117647058824,0.4117647058823529,8.736566870162001,0.28823529411764703,10.732011084902206,0.6588235294117647,0.052941176470588235,-10.931228736840739,170,0.29411764705882354,0.9294117647058824,0.2235294117647059,-3.6754702544804525,0.7,0.07647058823529412,2.677800337605825
669022,"Gore, MacKenzie",2026,"CU","Rangers","L","5.460704093",0.12941176470588237,0.2,0.12352941176470589,-6.858891471168352,0.6,0.27647058823529413,7.709215248736187,0.3764705882352941,11.931436964688576,0.5411764705882353,0.08235294117647059,-10.647034839586498,170,0.3235294117647059,0.8411764705882353,0.31176470588235294,-6.018698136077401,0.6411764705882353,0.047058823529411764,2.9702121377594404
642207,"Williams, Devin",2026,"CH","Mets","R","2.953976653",0.12941176470588237,0.16470588235294117,0.058823529411764705,-6.086385425235363,0.48823529411764705,0.45294117647058824,8.64044582953908,0.5470588235294118,12.364662050741545,0.45294117647058824,0,,170,0.40588235294117647,0.9352941176470588,0.27058823529411763,-3.313417301538991,0.6823529411764706,0.047058823529411764,2.3715054742782558
700241,"McGreevy, Michael",2026,"CH","Cardinals","R","3.507001046",0.08823529411764706,0.2529411764705882,0.01764705882352941,-5.697826364367729,0.47058823529411764,0.5117647058823529,7.370381160838601,0.3,10.27920369650132,0.6882352941176471,0.011764705882352941,-9.444907651280353,170,0.2411764705882353,0.9529411764705882,0.2,-3.656705846767118,0.7764705882352941,0.023529411764705882,2.38252031928373
543135,"Eovaldi, Nathan",2026,"FC","Rangers","R","0.855501717",0.023668639053254437,0.24260355029585798,0.15976331360946747,-5.876445659178654,0.7396449704142012,0.10059171597633136,6.085196610551364,0.03550295857988166,9.388914207853341,0.7692307692307693,0.1952662721893491,-10.852394588310007,169,0.2781065088757396,0.9230769230769231,0.03550295857988166,-2.990296853693019,0.5857988165680473,0.378698224852071,3.2242112642393836
663978,"Paddack, Chris",2026,"FF","zMLB","R","0.694337114",0.01775147928994083,0.21893491124260356,0.04142011834319527,-5.305053649406953,0.8520710059171598,0.10650887573964497,5.761485988236483,0.011834319526627219,7.857131190883575,0.7159763313609467,0.27218934911242604,-10.01167758332829,169,0.17159763313609466,0.893491124260355,0,,0.5266272189349113,0.47337278106508873,2.864835535461706
669923,"Kirby, George",2026,"SI","Mariners","R","0.856046753",0.01775147928994083,0.27218934911242604,0.17159763313609466,-5.863217961544234,0.6923076923076923,0.13609467455621302,6.146292243851373,0.011834319526627219,8.435017269032617,0.7396449704142012,0.2485207100591716,-10.357778616419678,169,0.11834319526627218,0.8816568047337278,0.09467455621301775,-2.723948886254023,0.7100591715976331,0.1952662721893491,2.832760024724671
687075,"Sproat, Brandon",2026,"FF","Brewers","R","1.049810326",0.047337278106508875,0.1834319526627219,0.08284023668639054,-5.6437918249430234,0.7514792899408284,0.16568047337278108,6.540923110979689,0,,0.7159763313609467,0.28402366863905326,-9.726740271216741,169,0.23076923076923078,0.9349112426035503,0.005917159763313609,-2.6296417017206655,0.5384615384615384,0.4556213017751479,3.143502994275543
696149,"Chandler, Bubba",2026,"SL","Pirates","R","3.082267424",0.10059171597633136,0.26627218934911245,0.08875739644970414,-7.162168716210194,0.6568047337278107,0.25443786982248523,7.938118908134022,0.20118343195266272,10.994860796633539,0.7218934911242604,0.07692307692307693,-10.153611032544292,169,0.30177514792899407,0.863905325443787,0.26627218934911245,-3.7278042293699385,0.6153846153846154,0.11834319526627218,3.0500978083486374
681190,"Vásquez, Randy",2026,"FC","Padres","R","2.111416772",0.047337278106508875,0.2603550295857988,0.15384615384615385,-5.568452089703351,0.6331360946745562,0.21301775147928995,8.057778552212996,0.14792899408284024,9.957253898832077,0.7751479289940828,0.07692307692307693,-10.043283174209046,169,0.1893491124260355,0.9526627218934911,0.09467455621301775,-2.804629102248114,0.650887573964497,0.25443786982248523,2.9029552613121723
694335,"Svanson, Matt",2026,"SI","Cardinals","R","1.161790448",0.05325443786982249,0.28994082840236685,0.10059171597633136,-7.364482219700574,0.6923076923076923,0.20710059171597633,7.135309603187795,0,,0.6804733727810651,0.31952662721893493,-10.006347689070223,169,0.1242603550295858,0.8757396449704142,0.029585798816568046,-2.517736202356098,0.7041420118343196,0.26627218934911245,2.947127188849108
657044,"Thompson, Ryan",2026,"SI","Diamondbacks","R","1.776173261",0.047619047619047616,0.30357142857142855,0.10714285714285714,-6.712068298930488,0.7142857142857143,0.17857142857142858,7.097202115403449,0.047619047619047616,10.246970100385903,0.7559523809523809,0.19642857142857142,-10.821239145306029,168,0.17857142857142858,0.9523809523809523,0.25,-2.9480893663881997,0.6845238095238095,0.06547619047619048,2.617772129506418
680730,"Parker, Mitchell",2026,"SL","Nationals","L","4.294464301",0.15476190476190477,0.19642857142857142,0.047619047619047616,-5.567350007770881,0.5833333333333334,0.36904761904761907,9.585347902213117,0.4583333333333333,13.100174841057187,0.5059523809523809,0.03571428571428571,-10.217957423483957,168,0.35119047619047616,0.8690476190476191,0.23214285714285715,-3.8574519797457105,0.6547619047619048,0.1130952380952381,3.1918453178277395
660271,"Ohtani, Shohei",2026,"ST","Dodgers","R","5.225371352",0.15476190476190477,0.13095238095238096,0.02976190476190476,-6.762922011458108,0.5238095238095238,0.44642857142857145,10.696427747947126,0.6190476190476191,12.849522180199491,0.35119047619047616,0.02976190476190476,-11.267716089472469,168,0.38095238095238093,0.8273809523809523,0.23214285714285715,-4.084385083888713,0.6011904761904762,0.16666666666666666,2.712231571783948
543243,"Gray, Sonny",2026,"ST","Red Sox","R","5.535520587",0.12574850299401197,0.19161676646706588,0.10179640718562874,-7.279983711711773,0.5508982035928144,0.3473053892215569,9.855193555061684,0.41317365269461076,12.672796138009403,0.562874251497006,0.023952095808383235,-11.361324906169749,167,0.3772455089820359,0.8502994011976048,0.3413173652694611,-4.724876542405975,0.6227544910179641,0.03592814371257485,2.5116831763912915
837227,"Imai, Tatsuya",2026,"FF","Astros","R","1.176696241",0.0658682634730539,0.2634730538922156,0.0658682634730539,-5.301775622723274,0.8203592814371258,0.11377245508982035,7.904768812643736,0.005988023952095809,16.479632058185327,0.6586826347305389,0.33532934131736525,-11.044973346944413,167,0.17964071856287425,0.8622754491017964,0.023952095808383235,-3.798922507762754,0.592814371257485,0.38323353293413176,3.008249517283165
674444,"Cruz, Steven",2026,"FF","Royals","R","1.031454216",0.041916167664670656,0.17365269461077845,0.08982035928143713,-5.147368420204323,0.7365269461077845,0.17365269461077845,6.377261380139787,0,,0.7305389221556886,0.2694610778443114,-10.293730246027385,167,0.32335329341317365,0.8982035928143712,0.017964071856287425,-2.8328330988415122,0.46706586826347307,0.5149700598802395,3.2193266237316953
693433,"Woo, Bryan",2026,"SI","Mariners","R","0.857689369",0.011976047904191617,0.30538922155688625,0.19760479041916168,-6.363100264262835,0.7425149700598802,0.059880239520958084,5.97187297100287,0,,0.8502994011976048,0.1497005988023952,-9.405400026298215,167,0.11976047904191617,0.9401197604790419,0.1317365269461078,-2.7368182825176355,0.7305389221556886,0.1377245508982036,2.4856170423706843
607625,"Lugo, Seth",2026,"FC","Royals","R","0.91994093",0.041916167664670656,0.281437125748503,0.08982035928143713,-5.7152686250165585,0.7844311377245509,0.12574850299401197,7.758091246875611,0.03592814371257485,8.799767263638106,0.6826347305389222,0.281437125748503,-11.57630721098148,167,0.24550898203592814,0.9161676646706587,0.04790419161676647,-2.4210756269490386,0.5568862275449101,0.39520958083832336,3.1016522761196073
681517,"Leahy, Kyle",2026,"FF","Cardinals","R","1.310663393",0.04790419161676647,0.32934131736526945,0.059880239520958084,-5.263101912779768,0.8323353293413174,0.10778443113772455,8.477114467281975,0.029940119760479042,8.40343519759288,0.7485029940119761,0.2215568862275449,-10.69277731835843,167,0.18562874251497005,0.9221556886227545,0.017964071856287425,-2.6943270789254896,0.562874251497006,0.41916167664670656,3.045194251059289
669372,"Ginn, J.T.",2026,"CH","Athletics","R","3.796480166",0.16766467065868262,0.15568862275449102,0.005988023952095809,-4.603707994431918,0.41916167664670656,0.5748502994011976,8.143934170359456,0.49700598802395207,11.283133480654588,0.46706586826347307,0.03592814371257485,-8.602713091685235,167,0.3652694610778443,0.9281437125748503,0.3652694610778443,-3.169965259354896,0.562874251497006,0.0718562874251497,2.7273046331147417
594027,"Guerrero, Tyron",2026,"SI","Red Sox","R","1.08296624",0.04819277108433735,0.18072289156626506,0.1144578313253012,-5.623816841010396,0.7108433734939759,0.1746987951807229,6.38759591161945,0,,0.6445783132530121,0.35542168674698793,-10.192173260903406,166,0.26506024096385544,0.8855421686746988,0.060240963855421686,-2.5212727974260853,0.5602409638554217,0.3795180722891566,3.144448399610526
676477,"Whitlock, Garrett",2026,"SI","Red Sox","R","0.845929333",0.04819277108433735,0.19879518072289157,0.14457831325301204,-5.6714267614816265,0.7710843373493976,0.08433734939759036,9.364750339619663,0,,0.7228915662650602,0.27710843373493976,-11.305904375257105,166,0.1927710843373494,0.8975903614457831,0,,0.572289156626506,0.42771084337349397,2.9105601419424927
571578,"Corbin, Patrick",2026,"SL","Blue Jays","L","5.192800083",0.13333333333333333,0.11515151515151516,0.030303030303030304,-6.3421037843561905,0.48484848484848486,0.48484848484848486,10.45758701103917,0.6242424242424243,13.917426927594537,0.3575757575757576,0.01818181818181818,-8.754502000391648,165,0.3696969696969697,0.8363636363636363,0.2606060606060606,-3.6615409244917343,0.6424242424242425,0.09696969696969697,2.838197521321081
676962,"Brown, Ben",2026,"FF","Cubs","R","1.150374035",0.036585365853658534,0.2926829268292683,0.036585365853658534,-5.740015278224975,0.7987804878048781,0.16463414634146342,6.820847544269826,0,,0.7134146341463414,0.2865853658536585,-10.504909633240892,164,0.16463414634146342,0.8658536585365854,0.012195121951219513,-2.098162354919279,0.5670731707317073,0.42073170731707316,3.098857610358132
641743,"Kay, Anthony",2026,"SI","White Sox","L","1.728238288",0.036585365853658534,0.3048780487804878,0.21341463414634146,-6.915475731173846,0.6341463414634146,0.1524390243902439,6.422568193621869,0.018292682926829267,9.472872089361926,0.8780487804878049,0.10365853658536585,-10.343995364161316,164,0.17073170731707318,0.9573170731707317,0.16463414634146342,-3.188889275624848,0.7378048780487805,0.0975609756097561,2.9492238229263457
702056,"Yesavage, Trey",2026,"SL","Blue Jays","R","3.98973384",0.21341463414634146,0.18292682926829268,0.054878048780487805,-5.844451759405682,0.5304878048780488,0.4146341463414634,8.611397698832665,0.42073170731707316,11.00962495867779,0.5426829268292683,0.036585365853658534,-9.879826696434012,164,0.3902439024390244,0.9024390243902439,0.40853658536585363,-3.806887056472533,0.5487804878048781,0.042682926829268296,2.311614946908274
547179,"Lorenzen, Michael",2026,"FF","Rockies","R","0.71443942",0,0.32926829268292684,0.036585365853658534,-6.3451060499494725,0.8597560975609756,0.10365853658536585,6.351107855648262,0.006097560975609756,8.593668401906777,0.7134146341463414,0.2804878048780488,-9.160802404192973,164,0.0975609756097561,0.9512195121951219,0.006097560975609756,-2.8827579821402667,0.6707317073170732,0.3231707317073171,2.752705531632659
677865,"Bruihl, Justin",2026,"SI","Cardinals","L","1.284399961",0.042682926829268296,0.2804878048780488,0.10975609756097561,-6.03403965581064,0.6341463414634146,0.25609756097560976,7.414468452508284,0.054878048780487805,8.648344456220656,0.7073170731707317,0.23780487804878048,-10.967186994760034,164,0.0975609756097561,0.9146341463414634,0.0975609756097561,-2.365786541291784,0.7621951219512195,0.1402439024390244,3.2553942101148854
694477,"Patrick, Chad",2026,"FF","Brewers","R","1.055261507",0.06134969325153374,0.2147239263803681,0.13496932515337423,-6.178064033236721,0.7055214723926381,0.15950920245398773,6.087061134617969,0,,0.7239263803680982,0.27607361963190186,-9.80217419190083,163,0.3128834355828221,0.9202453987730062,0.006134969325153374,-8.19006940493744,0.4601226993865031,0.5337423312883436,3.1656867533326385
605135,"Bassitt, Chris",2026,"SI","Orioles","R","1.20801637",0.05521472392638037,0.24539877300613497,0.12883435582822086,-6.438822125980709,0.6932515337423313,0.17791411042944785,8.03647533544053,0.03680981595092025,8.138741890369829,0.5950920245398773,0.36809815950920244,-11.029521531004528,163,0.15337423312883436,0.8957055214723927,0.03680981595092025,-3.090641781956613,0.7239263803680982,0.2392638036809816,2.9162816453883393
695076,"Lowder, Rhett",2026,"SL","Reds","R","3.733682993",0.13496932515337423,0.22699386503067484,0.07975460122699386,-6.60043741520247,0.6196319018404908,0.3006134969325153,8.855542058548625,0.38650306748466257,11.740668381383447,0.5521472392638037,0.06134969325153374,-9.01325798465125,163,0.3558282208588957,0.8957055214723927,0.3312883435582822,-3.818499865730275,0.6257668711656442,0.04294478527607362,2.6213853215947993
666142,"Ragans, Cole",2026,"FF","Royals","L","0.961628107",0.04294478527607362,0.22085889570552147,0.06748466257668712,-5.510814902853401,0.803680981595092,0.12883435582822086,7.044436682368661,0.006134969325153374,7.258835319238632,0.6871165644171779,0.3067484662576687,-10.443745140813526,163,0.3128834355828221,0.901840490797546,0.018404907975460124,-2.6669975193926834,0.4110429447852761,0.5705521472392638,3.169197263978325
605488,"Springs, Jeffrey",2026,"SL","Athletics","L","3.171485972",0.07975460122699386,0.27607361963190186,0.049079754601226995,-5.894594165267884,0.7177914110429447,0.2331288343558282,8.402724514666579,0.22085889570552147,11.445005829424336,0.6932515337423313,0.08588957055214724,-10.83908606042063,163,0.24539877300613497,0.9079754601226994,0.1411042944785276,-3.823958243406206,0.6503067484662577,0.2085889570552147,3.0671364073894867
680732,"Burke, Sean",2026,"SL","White Sox","R","4.840124488",0.1111111111111111,0.18518518518518517,0.08641975308641975,-6.14754133577755,0.5987654320987654,0.3148148148148148,10.092314348041686,0.42592592592592593,11.576022804229813,0.5061728395061729,0.06790123456790123,-11.06095337440616,162,0.32098765432098764,0.8950617283950617,0.20987654320987653,-4.896966532465038,0.691358024691358,0.09876543209876543,2.8850942125332755
663556,"McClanahan, Shane",2026,"SL","Rays","L","2.587815737",0.09876543209876543,0.2777777777777778,0.16049382716049382,-6.760297099971159,0.6419753086419753,0.19753086419753085,7.695008889959631,0.21604938271604937,10.30311214581636,0.6604938271604939,0.12345679012345678,-10.716469872610372,162,0.2839506172839506,0.8765432098765432,0.2777777777777778,-3.823310740554756,0.6296296296296297,0.09259259259259259,2.975768940721415
571945,"Mikolas, Miles",2026,"SL","Nationals","R","2.080300038",0.024691358024691357,0.2654320987654321,0.12962962962962962,-6.291627098346798,0.6666666666666666,0.2037037037037037,7.156983184046413,0.2037037037037037,10.264958112476458,0.6975308641975309,0.09876543209876543,-10.295012402518735,162,0.18518518518518517,0.9197530864197531,0.09259259259259259,-3.3403827827464068,0.7530864197530864,0.15432098765432098,2.9153028234838088
675911,"Strider, Spencer",2026,"FF","Braves","R","0.728523878",0.024691358024691357,0.25308641975308643,0.08641975308641975,-5.27495070103982,0.8024691358024691,0.1111111111111111,6.528146118306836,0.006172839506172839,9.953593641997458,0.7777777777777778,0.21604938271604937,-9.88013375230453,162,0.18518518518518517,0.9506172839506173,0.012345679012345678,-2.2834533033654836,0.5308641975308642,0.4567901234567901,2.876531569788481
656464,"Ginkel, Kevin",2026,"SL","Diamondbacks","R","4.847723507",0.16666666666666666,0.2222222222222222,0.05555555555555555,-5.3161122699179275,0.5370370370370371,0.4074074074074074,9.322361973652269,0.4074074074074074,12.060162107722567,0.5617283950617284,0.030864197530864196,-11.199001717141917,162,0.4382716049382716,0.8148148148148148,0.3395061728395062,-5.055107893271424,0.6111111111111112,0.04938271604938271,2.8214952676711658
689254,"Fluharty, Mason",2026,"FC","Blue Jays","L","0.821091527",0.055900621118012424,0.19254658385093168,0.11180124223602485,-6.355843978082236,0.6645962732919255,0.2236024844720497,6.663393139529647,0.037267080745341616,8.484077258072865,0.7142857142857143,0.2484472049689441,-11.657093584952223,161,0.2422360248447205,0.906832298136646,0.06832298136645963,-3.034775390148133,0.5403726708074534,0.391304347826087,3.0229391923099413
670280,"Bednar, David",2026,"FF","Yankees","R","0.857267841",0.018633540372670808,0.17391304347826086,0.07453416149068323,-5.523110408983472,0.8571428571428571,0.06832298136645963,6.979377489059482,0.012422360248447204,7.2788004089535425,0.7763975155279503,0.2111801242236025,-10.622181564387764,161,0.20496894409937888,0.8757763975155279,0,,0.40993788819875776,0.5900621118012422,2.944028434855994
663436,"Martin, Davis",2026,"SI","White Sox","R","1.231203457",0.012422360248447204,0.30434782608695654,0.14906832298136646,-5.916633209675879,0.7329192546583851,0.11801242236024845,5.140532852229178,0.024844720496894408,10.466967505386469,0.8260869565217391,0.14906832298136646,-9.750387248987932,161,0.08074534161490683,0.9503105590062112,0.08074534161490683,-2.7796157274399085,0.7329192546583851,0.18633540372670807,2.6905890383407263
693855,"Seymour, Ian",2026,"FF","Rays","L","0.859017006",0.055900621118012424,0.19254658385093168,0.07453416149068323,-4.851460456696061,0.8136645962732919,0.11180124223602485,6.0285117325623645,0.055900621118012424,8.739536665593834,0.639751552795031,0.30434782608695654,-10.334199550325726,161,0.2546583850931677,0.9192546583850931,0.006211180124223602,-2.87021549970498,0.43478260869565216,0.5590062111801242,3.0323644238173206
668909,"Williams, Gavin",2026,"SI","Guardians","R","1.446823854",0.09316770186335403,0.2857142857142857,0.06832298136645963,-6.050720951896865,0.7267080745341615,0.20496894409937888,7.479084720095378,0.006211180124223602,7.086310755767928,0.6832298136645962,0.3105590062111801,-11.13181986578542,161,0.16770186335403728,0.8881987577639752,0.049689440993788817,-2.9452056574338847,0.6832298136645962,0.2670807453416149,2.964887457416658
699134,"Rodriguez, Bradgley",2026,"CH","Padres","R","3.498808143",0.12422360248447205,0.11801242236024845,0.043478260869565216,-6.522750193443185,0.45962732919254656,0.4968944099378882,9.13675059196647,0.5838509316770186,11.740996485101638,0.391304347826087,0.024844720496894408,-10.974039017783333,161,0.39751552795031053,0.9440993788819876,0.22981366459627328,-2.8724449381705526,0.6708074534161491,0.09937888198757763,2.580120493322359
623454,"Anderson, Drew",2026,"CH","Tigers","R","2.820483316",0.11180124223602485,0.22981366459627328,0.08695652173913043,-5.748365674598519,0.6211180124223602,0.2919254658385093,6.859496626546404,0.13043478260869565,10.235647565795261,0.782608695652174,0.08695652173913043,-8.716011850686657,161,0.38509316770186336,0.9627329192546584,0.40993788819875776,-4.0443812327359305,0.5217391304347826,0.06832298136645963,2.729919236294971
669160,"May, Dustin",2026,"SI","Cardinals","R","1.196695623",0.01875,0.31875,0.15625,-7.281441048619982,0.75,0.09375,7.197481103794998,0.00625,9.407781955129593,0.76875,0.225,-10.44932593563996,160,0.175,0.95,0.19375,-2.919141575702234,0.6625,0.14375,2.6378283091527504
643377,"Jax, Griffin",2026,"CH","Rays","R","3.237593901",0.15,0.2,0.01875,-4.879895800680107,0.375,0.60625,7.906208850219141,0.31875,10.297298835469892,0.65625,0.025,-11.905218385280127,160,0.44375,0.95,0.3625,-3.374157968675636,0.5875,0.05,2.676013880041695
681870,"Sabrowski, Erik",2026,"FF","Guardians","L","1.695857748",0.03773584905660377,0.15723270440251572,0.07547169811320754,-7.067642401157788,0.8364779874213837,0.0880503144654088,5.912739318929158,0.018867924528301886,7.778382071237631,0.8113207547169812,0.16981132075471697,-10.585677887202557,159,0.2641509433962264,0.9245283018867925,0.012578616352201259,-2.1385578687599778,0.39622641509433965,0.5911949685534591,3.2175330828465207
543243,"Gray, Sonny",2026,"FC","Red Sox","R","3.707313421",0.0440251572327044,0.3333333333333333,0.0880503144654088,-5.738764752538572,0.6666666666666666,0.24528301886792453,9.266737471895896,0.20754716981132076,10.310266787571177,0.7547169811320755,0.03773584905660377,-8.419921354256386,159,0.16981132075471697,0.9559748427672956,0.13836477987421383,-2.7697821112241137,0.7861635220125787,0.07547169811320754,2.389073885107953
672456,"Montero, Keider",2026,"SI","Tigers","R","0.929563686",0.012578616352201259,0.3333333333333333,0.16981132075471697,-5.221552171939484,0.6981132075471698,0.1320754716981132,5.960728984723915,0,,0.7672955974842768,0.23270440251572327,-9.864940123480036,159,0.09433962264150944,0.9559748427672956,0.07547169811320754,-2.4983770777556367,0.7610062893081762,0.16352201257861634,2.7736093613756183
681911,"Vesia, Alex",2026,"FF","Dodgers","L","1.146954002",0.050314465408805034,0.1949685534591195,0.05660377358490566,-5.606533232019242,0.8553459119496856,0.0880503144654088,7.645388349623585,0.0440251572327044,10.613114922344115,0.7421383647798742,0.2138364779874214,-10.820991279821769,159,0.29559748427672955,0.8679245283018868,0,,0.4528301886792453,0.5471698113207547,3.1365521159028096
640448,"Finnegan, Kyle",2026,"FF","Tigers","R","1.202906433",0.03773584905660377,0.3333333333333333,0.0880503144654088,-5.026900721135356,0.8050314465408805,0.1069182389937107,5.9354230969702355,0,,0.7610062893081762,0.2389937106918239,-10.054529536570813,159,0.1761006289308176,0.9119496855345912,0.031446540880503145,-3.882315741490739,0.6415094339622641,0.3270440251572327,3.0783951231028417
801403,"Dollander, Chase",2026,"FF","Rockies","R","1.088213561",0.056962025316455694,0.22151898734177214,0.06329113924050633,-4.906412756922809,0.7974683544303798,0.13924050632911392,7.412046875434285,0,,0.6455696202531646,0.35443037974683544,-9.80665459462158,158,0.3037974683544304,0.9240506329113924,0.006329113924050633,-2.142248096995583,0.4873417721518987,0.5063291139240507,3.1233960726197956
662253,"Muñoz, Andrés",2026,"SL","Mariners","R","6.188913682",0.2088607594936709,0.11392405063291139,0.0759493670886076,-5.928833415952233,0.3924050632911392,0.5316455696202531,10.992116841985316,0.6012658227848101,13.391435285774433,0.37341772151898733,0.02531645569620253,-10.228718157465817,158,0.5189873417721519,0.7658227848101266,0.379746835443038,-5.0928213747638,0.569620253164557,0.05063291139240506,2.944547578550778
663969,"Phillips, Tyler",2026,"FS","Marlins","R","3.45640665",0.12025316455696203,0.22151898734177214,0.02531645569620253,-7.203870618600925,0.5506329113924051,0.4240506329113924,7.619360716828606,0.4620253164556962,10.964469423563802,0.5189873417721519,0.0189873417721519,-12.000175191630905,158,0.2974683544303797,0.9493670886075949,0.2974683544303797,-3.538429371992742,0.6708860759493671,0.03164556962025317,2.6489449180736555
573124,"Rogers, Taylor",2026,"ST","Twins","L","3.043862036",0.0759493670886076,0.14556962025316456,0.10126582278481013,-6.734476075947959,0.6012658227848101,0.2974683544303797,7.645702107104908,0.5063291139240507,12.323428738293805,0.4240506329113924,0.06962025316455696,-12.5057292328477,158,0.24050632911392406,0.8227848101265823,0.12025316455696203,-4.607153279696047,0.7088607594936709,0.17088607594936708,2.894735394416078
607067,"Rea, Colin",2026,"CH","Cubs","R","2.953347283",0.08860759493670886,0.22151898734177214,0.05063291139240506,-4.9296082645016135,0.6139240506329114,0.33544303797468356,6.661781456097777,0.2468354430379747,10.090015863324126,0.7088607594936709,0.04430379746835443,-10.928553576279542,158,0.310126582278481,0.8924050632911392,0.33544303797468356,-3.658573569303509,0.6012658227848101,0.06329113924050633,2.339390466044984
668873,"Kilian, Caleb",2026,"FF","Giants","R","0.895505019",0.044585987261146494,0.21656050955414013,0.11464968152866242,-5.3882414241965115,0.7707006369426752,0.11464968152866242,6.367539344983709,0,,0.6815286624203821,0.3184713375796178,-10.183850576652553,157,0.18471337579617833,0.8853503184713376,0.025477707006369428,-2.7818655764335545,0.554140127388535,0.42038216560509556,2.9041646901779803
641329,"Baker, Bryan",2026,"FF","Rays","R","0.915509976",0.006369426751592357,0.1464968152866242,0.07006369426751592,-5.496997759200514,0.8471337579617835,0.08280254777070063,5.781313044874746,0.006369426751592357,7.306683925571611,0.732484076433121,0.2611464968152866,-9.938046972773241,157,0.267515923566879,0.910828025477707,0.012738853503184714,-3.3300352865572918,0.4140127388535032,0.5732484076433121,3.0363823698066845
679358,"Orze, Eric",2026,"FS","Twins","R","3.229211281",0.12738853503184713,0.20382165605095542,0.012738853503184714,-5.872416837382685,0.6050955414012739,0.3821656050955414,8.644600972555576,0.5222929936305732,12.33618674187019,0.45222929936305734,0.025477707006369428,-12.250393492873084,157,0.28662420382165604,0.8980891719745223,0.19745222929936307,-3.12309400886586,0.732484076433121,0.07006369426751592,2.7900301600218405
656945,"Scott, Tanner",2026,"FF","Dodgers","L","1.189770427",0.05732484076433121,0.1910828025477707,0.07643312101910828,-6.781608975533649,0.7898089171974523,0.1337579617834395,8.038882506575208,0,,0.7579617834394905,0.24203821656050956,-9.966238723217785,157,0.29936305732484075,0.8789808917197452,0,,0.4713375796178344,0.5286624203821656,3.2070366281984466
641793,"Littell, Zack",2026,"FS","Nationals","R","4.67320081",0.07006369426751592,0.31210191082802546,0.03821656050955414,-5.083094680031631,0.7261146496815286,0.2356687898089172,10.054011250905734,0.35668789808917195,12.623504381181135,0.6178343949044586,0.025477707006369428,-10.333467771857247,157,0.18471337579617833,0.9235668789808917,0.17197452229299362,-3.7502728722652328,0.7452229299363057,0.08280254777070063,2.693373978429258
820862,"Fermin, José",2026,"SL","Angels","R","3.855649845",0.1592356687898089,0.19745222929936307,0.05732484076433121,-6.817690754377747,0.5095541401273885,0.43312101910828027,9.01395734346468,0.28662420382165604,11.034763664312099,0.6687898089171974,0.044585987261146494,-10.7808537388103,157,0.4012738853503185,0.9299363057324841,0.2929936305732484,-4.102064013445959,0.6050955414012739,0.10191082802547771,2.6655553404057666
668984,"Legumina, Casey",2026,"FF","zMLB","R","1.681611452",0.0641025641025641,0.23717948717948717,0.057692307692307696,-5.6734776577829376,0.7564102564102564,0.1858974358974359,7.629466075746157,0,,0.6987179487179487,0.30128205128205127,-10.43096771579917,156,0.25,0.8782051282051282,0,,0.4807692307692308,0.5192307692307693,3.31728146843588
593974,"Peralta, Wandy",2026,"CH","Padres","L","3.260010082",0.12179487179487179,0.22435897435897437,0.03205128205128205,-5.424330184172588,0.5,0.46794871794871795,7.664050400319472,0.3717948717948718,10.846274182036638,0.6025641025641025,0.02564102564102564,-11.346851001300834,156,0.28846153846153844,0.9615384615384616,0.2692307692307692,-3.2377372219814955,0.6923076923076923,0.038461538461538464,3.2316463286073285
623211,"Brazobán, Huascar",2026,"CH","Mets","R","3.936718834",0.14743589743589744,0.16666666666666666,0.07692307692307693,-6.314040071074357,0.40384615384615385,0.5192307692307693,8.672686429000569,0.42948717948717946,11.340466594918958,0.5576923076923077,0.01282051282051282,-9.90609459020752,156,0.3076923076923077,0.9166666666666666,0.2564102564102564,-3.220527546031968,0.717948717948718,0.02564102564102564,3.0054772408307526
687075,"Sproat, Brandon",2026,"SI","Brewers","R","1.174498141",0.038461538461538464,0.26282051282051283,0.20512820512820512,-6.645375201541407,0.5641025641025641,0.23076923076923078,6.896155095935284,0.00641025641025641,8.39995187516987,0.7948717948717948,0.1987179487179487,-9.825552582316575,156,0.16666666666666666,0.9423076923076923,0.12179487179487179,-2.89537781089024,0.6923076923076923,0.1858974358974359,3.005499038548481
656876,"Rasmussen, Drew",2026,"SI","Rays","R","0.686964077",0.01935483870967742,0.2064516129032258,0.2838709677419355,-6.157244581716544,0.6645161290322581,0.05161290322580645,5.767342808216335,0.01935483870967742,11.459911712407497,0.7870967741935484,0.1935483870967742,-9.993691226062655,155,0.14193548387096774,0.9354838709677419,0.05161290322580645,-2.3180325432246525,0.6709677419354839,0.27741935483870966,2.7430854526176036
656849,"Peterson, David",2026,"FF","zMLB","L","0.996354016",0.025806451612903226,0.2,0.17419354838709677,-5.547050309027393,0.7548387096774194,0.07096774193548387,8.307302436199258,0.01935483870967742,10.292980341105126,0.6258064516129033,0.3548387096774194,-10.598035387755194,155,0.17419354838709677,0.8709677419354839,0.025806451612903226,-2.3183641185322084,0.6064516129032258,0.36774193548387096,3.091154981175697
663574,"Santillan, Tony",2026,"FF","Reds","R","0.882230156",0.03870967741935484,0.25161290322580643,0.04516129032258064,-5.57174954709748,0.8064516129032258,0.14838709677419354,6.080833750668481,0.025806451612903226,11.05224643494055,0.8258064516129032,0.14838709677419354,-10.448678837340564,155,0.2,0.9290322580645162,0.012903225806451613,-2.113746168592896,0.5935483870967742,0.3935483870967742,2.873847609184578
680732,"Burke, Sean",2026,"CU","White Sox","R","4.90262198",0.12258064516129032,0.17419354838709677,0.05806451612903226,-5.691486430136247,0.6645161290322581,0.27741935483870966,8.785982330333141,0.5225806451612903,12.434515952348706,0.41935483870967744,0.05806451612903226,-14.054594336746403,155,0.2709677419354839,0.8838709677419355,0.3161290322580645,-3.85566927786719,0.6387096774193548,0.04516129032258064,3.007609845205182
687075,"Sproat, Brandon",2026,"FC","Brewers","R","2.115093022",0.03896103896103896,0.16883116883116883,0.09090909090909091,-5.312148262224904,0.6558441558441559,0.2532467532467532,9.334903369811713,0.14285714285714285,8.973371141798133,0.7337662337662337,0.12337662337662338,-11.376005946358324,154,0.24025974025974026,0.9545454545454546,0.05844155844155844,-2.4404716997489557,0.6363636363636364,0.3051948051948052,3.144352450384993
683003,"Jones, Jared",2026,"FF","Pirates","R","1.423964821",0.05844155844155844,0.2597402597402597,0.12987012987012986,-5.430973100193653,0.7792207792207793,0.09090909090909091,8.06385594228654,0.006493506493506494,13.314867979622207,0.7597402597402597,0.23376623376623376,-10.484415502500365,154,0.2662337662337662,0.935064935064935,0.01948051948051948,-3.0528562430413206,0.538961038961039,0.44155844155844154,3.341713119573946
624133,"Suarez, Ranger",2026,"FC","Red Sox","L","0.836368504",0.025974025974025976,0.2532467532467532,0.22727272727272727,-6.039630980357394,0.7272727272727273,0.045454545454545456,7.052502024249314,0.03896103896103896,10.227823433079823,0.7207792207792207,0.24025974025974026,-11.45037802807501,154,0.15584415584415584,0.9090909090909091,0.025974025974025976,-2.926713730321633,0.7012987012987013,0.2727272727272727,3.106858596016184
607536,"Freeland, Kyle",2026,"CU","Rockies","L","3.86779154",0.10457516339869281,0.2222222222222222,0.0784313725490196,-6.057912836796666,0.6339869281045751,0.2875816993464052,8.162296303337957,0.3660130718954248,11.565506571612422,0.5751633986928104,0.058823529411764705,-10.298664649924529,153,0.3333333333333333,0.8366013071895425,0.30718954248366015,-4.365007419527577,0.6666666666666666,0.026143790849673203,2.4256573734823963
544150,"Suárez, Albert",2026,"FF","Orioles","R","0.805347691",0.032679738562091505,0.32679738562091504,0.026143790849673203,-5.378610375383451,0.8366013071895425,0.13725490196078433,6.33503571601237,0.0196078431372549,7.4601663313418936,0.7516339869281046,0.22875816993464052,-10.801328833227394,153,0.23529411764705882,0.9281045751633987,0,,0.6143790849673203,0.38562091503267976,3.034487943927118
605540,"Woodruff, Brandon",2026,"FF","Brewers","R","1.095463809",0.026143790849673203,0.20915032679738563,0.058823529411764705,-4.966265331195338,0.8627450980392157,0.0784313725490196,7.320141482864654,0.013071895424836602,7.501339009461806,0.7908496732026143,0.19607843137254902,-10.652864675357883,153,0.26143790849673204,0.9281045751633987,0,,0.477124183006536,0.5228758169934641,3.191886992338994
671096,"Abbott, Andrew",2026,"CH","Reds","L","3.950322772",0.12418300653594772,0.1568627450980392,0,,0.3006535947712418,0.6993464052287581,8.386839990650895,0.43790849673202614,11.598113431168656,0.5294117647058824,0.032679738562091505,-10.385524383045675,153,0.3790849673202614,0.934640522875817,0.16339869281045752,-3.3827918265110335,0.7189542483660131,0.11764705882352941,2.761869206313691
666171,"Zeferjahn, Ryan",2026,"ST","Angels","R","3.749654047",0.1437908496732026,0.17647058823529413,0.1111111111111111,-5.551664000434096,0.5359477124183006,0.35294117647058826,10.964951526644498,0.40522875816993464,13.189573632233575,0.5294117647058824,0.06535947712418301,-10.692537949286274,153,0.4117647058823529,0.9019607843137255,0.16993464052287582,-4.268442888294011,0.5620915032679739,0.2679738562091503,2.9152138498468836
656546,"Hoffman, Jeff",2026,"SL","Blue Jays","R","6.150599582",0.16339869281045752,0.10457516339869281,0.0915032679738562,-6.515476845139506,0.5359477124183006,0.37254901960784315,11.823539762638696,0.477124183006536,12.437407774597789,0.477124183006536,0.0457516339869281,-10.560724675206982,153,0.49019607843137253,0.8235294117647058,0.3660130718954248,-4.846569254519359,0.5424836601307189,0.0915032679738562,2.864222789915784
547179,"Lorenzen, Michael",2026,"CH","Rockies","R","4.777645953",0.1503267973856209,0.16339869281045752,0.006535947712418301,-6.028537150929335,0.46405228758169936,0.5294117647058824,8.6050633402343,0.6470588235294118,12.138917674432713,0.32679738562091504,0.026143790849673203,-14.161214064160351,153,0.2875816993464052,0.9150326797385621,0.24183006535947713,-3.0945246045204144,0.7058823529411765,0.05228758169934641,2.982700093027753
663460,"Bubic, Kris",2026,"FF","Royals","L","1.076939804",0.05263157894736842,0.20394736842105263,0.1118421052631579,-5.333792600500229,0.7631578947368421,0.125,6.894672279098652,0,,0.6710526315789473,0.32894736842105265,-10.665476045605347,152,0.2565789473684211,0.8881578947368421,0.006578947368421052,-2.204638954170138,0.5723684210526315,0.42105263157894735,3.2117505109148334
543243,"Gray, Sonny",2026,"SI","Red Sox","R","1.108073245",0.02631578947368421,0.32894736842105265,0.1118421052631579,-6.128642349896785,0.7302631578947368,0.15789473684210525,6.116735970482658,0.07236842105263158,10.119610248085168,0.7631578947368421,0.16447368421052633,-10.689474419153838,152,0.16447368421052633,0.9276315789473685,0.17763157894736842,-2.6044413532907598,0.75,0.07236842105263158,3.0311938948655963
801139,"Tolle, Payton",2026,"FC","Red Sox","L","2.871785911",0.06578947368421052,0.11842105263157894,0.23026315789473684,-6.334245027188026,0.5460526315789473,0.2236842105263158,7.861065522669369,0.29605263157894735,11.016846170107438,0.6513157894736842,0.05263157894736842,-10.49385362941831,152,0.2894736842105263,0.9473684210526315,0.21052631578947367,-3.8664290647350343,0.625,0.16447368421052633,2.637102060231125
593974,"Peralta, Wandy",2026,"SI","Padres","L","1.457777557",0.006578947368421052,0.23026315789473684,0.20394736842105263,-5.8801715873568146,0.6578947368421053,0.13815789473684212,6.409777033637307,0.019736842105263157,8.251316418008516,0.8355263157894737,0.14473684210526316,-8.980650399742975,152,0.14473684210526316,0.9539473684210527,0.11842105263157894,-3.3095288429198013,0.6973684210526315,0.18421052631578946,2.5771657968902995
547179,"Lorenzen, Michael",2026,"SI","Rockies","R","1.155464549",0.019736842105263157,0.3815789473684211,0.1118421052631579,-6.44251641666901,0.743421052631579,0.14473684210526316,6.1448028815410085,0.03289473684210526,8.401359416760116,0.7631578947368421,0.20394736842105263,-9.26432452847043,152,0.09868421052631579,0.9473684210526315,0.09210526315789473,-2.7170668942138776,0.7960526315789473,0.1118421052631579,2.9059521415166807
608372,"Sugano, Tomoyuki",2026,"FF","Rockies","R","1.105608901",0.019736842105263157,0.34210526315789475,0.039473684210526314,-7.911017125103181,0.8223684210526315,0.13815789473684212,5.401891105237649,0.006578947368421052,9.483276337672601,0.8552631578947368,0.13815789473684212,-10.271029726458076,152,0.14473684210526316,0.9473684210526315,0.03289473684210526,-3.559938262751453,0.618421052631579,0.34868421052631576,2.9104344868274867
663554,"Mize, Casey",2026,"SL","Tigers","R","2.144827006",0.046052631578947366,0.25,0.039473684210526314,-4.680789769685191,0.6710526315789473,0.2894736842105263,8.008914955663315,0.2565789473684211,10.615673741364242,0.6644736842105263,0.07894736842105263,-11.771934202594192,152,0.2894736842105263,0.9342105263157895,0.08552631578947369,-3.0560227374466007,0.631578947368421,0.28289473684210525,3.018719451880699
695243,"Miller, Mason",2026,"FF","Padres","R","1.097717194",0.07894736842105263,0.13815789473684212,0.07894736842105263,-5.7088665683158135,0.7105263157894737,0.21052631578947367,6.990288906570886,0,,0.6907894736842105,0.3092105263157895,-10.313733644626982,152,0.4144736842105263,0.9013157894736842,0.03289473684210526,-2.7693866740568116,0.40789473684210525,0.5592105263157895,3.3584109717723405
681402,"Varland, Gus",2026,"FF","Nationals","R","0.814744368",0.039735099337748346,0.31125827814569534,0.046357615894039736,-4.399883700426304,0.847682119205298,0.10596026490066225,6.175377957935096,0,,0.8079470198675497,0.19205298013245034,-10.113951719845574,151,0.2251655629139073,0.9205298013245033,0,,0.5231788079470199,0.4768211920529801,3.025297087469658
693821,"Elder, Bryce",2026,"FF","Braves","R","1.277566406",0.033112582781456956,0.2781456953642384,0.08609271523178808,-6.056701031419895,0.8278145695364238,0.08609271523178808,5.713386929192032,0.013245033112582781,8.539709493029905,0.6357615894039735,0.3509933774834437,-10.919711210268305,151,0.1986754966887417,0.9072847682119205,0.019867549668874173,-2.190251088600594,0.5761589403973509,0.40397350993377484,3.199942114247446
687570,"Prielipp, Connor",2026,"FF","Twins","L","0.675752252",0.033112582781456956,0.2052980132450331,0.052980132450331126,-5.367253229434345,0.8609271523178808,0.08609271523178808,7.6456653500675635,0,,0.6688741721854304,0.33112582781456956,-10.020296243718247,151,0.15894039735099338,0.8940397350993378,0,,0.5496688741721855,0.4503311258278146,2.7366992286050857
607536,"Freeland, Kyle",2026,"FC","Rockies","L","1.206475938",0.039735099337748346,0.23841059602649006,0.11920529801324503,-5.445778882286406,0.6688741721854304,0.2119205298013245,6.486898415827181,0.11920529801324503,10.471174880584439,0.7417218543046358,0.1390728476821192,-11.984702886567252,151,0.2052980132450331,0.9337748344370861,0.11258278145695365,-2.655936068284589,0.6556291390728477,0.23178807947019867,2.9834353962508464
572955,"Johnson, Pierce",2026,"CU","Reds","R","4.587749989",0.09933774834437085,0.2781456953642384,0.046357615894039736,-6.139619786331949,0.5894039735099338,0.36423841059602646,8.699187485122057,0.23841059602649006,12.132501956219459,0.6622516556291391,0.09933774834437085,-10.947277363194418,151,0.271523178807947,0.9205298013245033,0.1986754966887417,-4.092749350936717,0.6622516556291391,0.1390728476821192,2.660763770751422
808963,"Sasaki, Roki",2026,"SL","Dodgers","R","5.700274653",0.22,0.16,0.05333333333333334,-6.545283508705992,0.5266666666666666,0.42,9.769958130828426,0.4533333333333333,12.490299016908416,0.48,0.06666666666666667,-11.136370222071207,150,0.4066666666666667,0.8333333333333334,0.36666666666666664,-4.8737830544698175,0.5666666666666667,0.06666666666666667,2.6992294179851055
675512,"Melton, Troy",2026,"FF","Tigers","R","1.086568764",0.02666666666666667,0.36666666666666664,0.1,-5.209068917420597,0.8,0.1,6.00210419300718,0.006666666666666667,9.305766047256952,0.86,0.13333333333333333,-9.456599556033025,150,0.21333333333333335,0.94,0.02666666666666667,-2.7020110966511313,0.64,0.3333333333333333,3.21144698995359
624133,"Suarez, Ranger",2026,"SI","Red Sox","L","0.90945557",0.006666666666666667,0.2866666666666667,0.16,-5.5113686725286275,0.6133333333333333,0.22666666666666666,6.376525300413354,0.04,10.120712215429824,0.8066666666666666,0.15333333333333332,-10.340684490614974,150,0.14666666666666667,0.94,0.08,-2.71417404335966,0.7333333333333333,0.18666666666666668,2.636814750455774
672782,"Gómez, Yoendrys",2026,"FF","zMLB","R","1.28269219",0.02666666666666667,0.23333333333333334,0.08,-5.2033570611512845,0.74,0.18,6.550617823737141,0.006666666666666667,7.355763751302518,0.7533333333333333,0.24,-10.146988956163733,150,0.24,0.9266666666666666,0.006666666666666667,-2.537605048505343,0.58,0.41333333333333333,3.3080918693965886
607625,"Lugo, Seth",2026,"SI","Royals","R","1.021540478",0.040268456375838924,0.3288590604026846,0.053691275167785234,-7.521808307869687,0.7114093959731543,0.2348993288590604,6.496748150425354,0.04697986577181208,8.51262296662216,0.7986577181208053,0.15436241610738255,-10.506796683393196,149,0.1342281879194631,0.959731543624161,0.087248322147651,-2.8141090733212004,0.7718120805369127,0.14093959731543623,2.5579873082376103
656794,"Newcomb, Sean",2026,"FF","White Sox","L","1.22098123",0.06040268456375839,0.14093959731543623,0.09395973154362416,-5.048212262180482,0.7651006711409396,0.14093959731543623,8.346385445966185,0,,0.7449664429530202,0.2550335570469799,-11.248667059573998,149,0.3624161073825503,0.9261744966442953,0.006711409395973154,-3.239732182332187,0.4161073825503356,0.5771812080536913,3.1753016449002858
689266,"Dodd, Dylan",2026,"SI","Braves","L","0.685246761",0.02702702702702703,0.18243243243243243,0.0945945945945946,-5.214268503382102,0.8513513513513513,0.05405405405405406,4.944798920850742,0.013513513513513514,8.602645715684798,0.8378378378378378,0.14864864864864866,-9.445587093211651,148,0.2635135135135135,0.9527027027027027,0,,0.5135135135135135,0.4864864864864865,2.873352652726323
640455,"Manaea, Sean",2026,"SI","Mets","L","1.925341146",0.04054054054054054,0.25675675675675674,0.12162162162162163,-5.891441045318856,0.6216216216216216,0.25675675675675674,7.892129648282221,0.02702702702702703,9.546570654947155,0.6891891891891891,0.28378378378378377,-11.008780292483017,148,0.08783783783783784,0.8716216216216216,0.06756756756756757,-2.7298374834381858,0.7635135135135135,0.16891891891891891,3.2194025343977204
571510,"Boyd, Matthew",2026,"CH","Cubs","L","5.384446167",0.08108108108108109,0.08783783783783784,0.02027027027027027,-6.331020796866374,0.49324324324324326,0.4864864864864865,10.432187681780597,0.7905405405405406,14.95986799949502,0.20945945945945946,0,,148,0.27702702702702703,0.8513513513513513,0.10810810810810811,-3.373902416026463,0.8108108108108109,0.08108108108108109,2.770504815346418
694973,"Skenes, Paul",2026,"CH","Pirates","R","3.774062726",0.18243243243243243,0.1554054054054054,0.02027027027027027,-7.088857701061382,0.4594594594594595,0.5202702702702703,8.71265872819584,0.5135135135135135,11.602443583395829,0.47297297297297297,0.013513513513513514,-11.470566238455822,148,0.3783783783783784,0.8648648648648649,0.2635135135135135,-3.371497543992804,0.6148648648648649,0.12162162162162163,2.8068202568060174
664126,"Fairbanks, Pete",2026,"FF","Marlins","R","0.950358218",0.034013605442176874,0.19047619047619047,0.061224489795918366,-5.1417968555244,0.7959183673469388,0.14285714285714285,10.874748651900674,0.006802721088435374,7.642641259358178,0.7619047619047619,0.23129251700680273,-11.032064398819378,147,0.272108843537415,0.8775510204081632,0.034013605442176874,-2.991782572564237,0.42857142857142855,0.5374149659863946,2.9279353317407044
813349,"Early, Connelly",2026,"CH","Red Sox","L","2.315031336",0.08163265306122448,0.3129251700680272,0.047619047619047616,-5.960687572407619,0.6870748299319728,0.2653061224489796,7.137970052002878,0.2585034013605442,10.966510267108125,0.6938775510204082,0.047619047619047616,-8.558511284917518,147,0.23129251700680273,0.9455782312925171,0.2857142857142857,-3.0794059753271177,0.6530612244897959,0.061224489795918366,2.501655682806516
670036,"Festa, Matt",2026,"FF","Guardians","R","1.100342504",0.07482993197278912,0.20408163265306123,0.10204081632653061,-6.095818956568565,0.7142857142857143,0.1836734693877551,6.8252578181908445,0.006802721088435374,12.128872165799837,0.6530612244897959,0.3401360544217687,-11.273355591333262,147,0.30612244897959184,0.891156462585034,0.006802721088435374,-3.3168562922527043,0.5238095238095238,0.46938775510204084,3.3793440199339875
687064,"Young, Brandon",2026,"FS","Orioles","R","3.899148626",0.14285714285714285,0.30612244897959184,0.027210884353741496,-5.015373120476484,0.6394557823129252,0.3333333333333333,8.34635463125406,0.42857142857142855,12.273052224257162,0.5238095238095238,0.047619047619047616,-9.087077421998222,147,0.23809523809523808,0.8979591836734694,0.21768707482993196,-3.4662047294942155,0.6666666666666666,0.11564625850340136,2.834910248415321
668678,"Gallen, Zac",2026,"CU","Diamondbacks","R","2.325637312",0.10204081632653061,0.22448979591836735,0.034013605442176874,-5.293354803316049,0.6938775510204082,0.272108843537415,6.41649020266922,0.4965986394557823,11.458370292116344,0.47619047619047616,0.027210884353741496,-9.409326690872875,147,0.22448979591836735,0.9251700680272109,0.25170068027210885,-3.312056721714558,0.7210884353741497,0.027210884353741496,2.7890589221835604
608718,"Suter, Brent",2026,"CH","Angels","L","5.281769738",0.12244897959183673,0.1564625850340136,0.027210884353741496,-6.759419292963047,0.3945578231292517,0.5782312925170068,9.571023329737706,0.673469387755102,15.068576888954368,0.3129251700680272,0.013605442176870748,-15.046114076666298,147,0.32653061224489793,0.9387755102040817,0.17687074829931973,-3.4799484859280785,0.7482993197278912,0.07482993197278912,2.6824931706843373
676263,"Dreyer, Jack",2026,"FF","Dodgers","L","1.175125071",0.04794520547945205,0.21232876712328766,0.04794520547945205,-4.83101164075459,0.815068493150685,0.136986301369863,6.727439095076448,0.0136986301369863,8.280177761434487,0.7534246575342466,0.2328767123287671,-9.726619833388115,146,0.2808219178082192,0.9246575342465754,0.0136986301369863,-2.9706259395082895,0.4726027397260274,0.5136986301369864,3.2849741430613273
666200,"Luzardo, Jesús",2026,"SI","Phillies","L","1.271035436",0.0136986301369863,0.3219178082191781,0.13013698630136986,-5.604183696998846,0.6643835616438356,0.2054794520547945,6.345981038679607,0.00684931506849315,14.641484582937423,0.815068493150685,0.1780821917808219,-9.544678111255905,146,0.1232876712328767,0.9794520547945206,0.1506849315068493,-2.798066426646955,0.773972602739726,0.07534246575342465,2.7997213192565304
608372,"Sugano, Tomoyuki",2026,"FS","Rockies","R","3.973070795",0.15753424657534246,0.1917808219178082,0.03424657534246575,-6.725709334052568,0.4246575342465753,0.541095890410959,7.864531063861977,0.4794520547945205,11.481662342515678,0.5,0.02054794520547945,-9.893985189313364,146,0.3219178082191781,0.9383561643835616,0.3150684931506849,-3.0842629287183225,0.6506849315068494,0.03424657534246575,2.3605204385707155
695243,"Miller, Mason",2026,"SL","Padres","R","10.63905773",0.3287671232876712,0.1232876712328767,0.0958904109589041,-6.2615317237132535,0.363013698630137,0.541095890410959,15.355756602508972,0.5616438356164384,15.809564276808384,0.3904109589041096,0.04794520547945205,-9.74878480715789,146,0.5547945205479452,0.7191780821917808,0.4863013698630137,-6.388238623490174,0.4589041095890411,0.0547945205479452,2.965860618207162
663978,"Paddack, Chris",2026,"CH","zMLB","R","3.147838114",0.10273972602739725,0.2671232876712329,0.0273972602739726,-6.6588371099364,0.547945205479452,0.4246575342465753,7.6792234587540324,0.3972602739726027,11.491190554666208,0.589041095890411,0.0136986301369863,-9.35677182663252,146,0.273972602739726,0.958904109589041,0.2328767123287671,-3.3882507681205207,0.726027397260274,0.0410958904109589,2.5630981777208186
664141,"Brubaker, JT",2026,"SI","Giants","R","0.759641489",0.027586206896551724,0.296551724137931,0.1103448275862069,-5.818475621194031,0.7793103448275862,0.1103448275862069,5.9153904937505395,0.034482758620689655,8.422459981189078,0.8344827586206897,0.1310344827586207,-10.534224095543868,145,0.1103448275862069,0.9517241379310345,0.08275862068965517,-2.7516694557797097,0.7103448275862069,0.20689655172413793,2.634275020392381
666661,"Morillo, Juan",2026,"FF","Diamondbacks","R","1.42565323",0.04827586206896552,0.14482758620689656,0.06896551724137931,-5.340855572961902,0.7448275862068966,0.18620689655172415,7.615009294054131,0.006896551724137931,9.319811530832835,0.5724137931034483,0.4206896551724138,-11.008935191821,145,0.3448275862068966,0.8551724137931035,0.006896551724137931,-4.454049007112453,0.41379310344827586,0.5793103448275863,3.3372447269857792
596133,"Weaver, Luke",2026,"FF","Mets","R","0.897969673",0.020689655172413793,0.23448275862068965,0.04827586206896552,-5.673756987166326,0.8689655172413793,0.08275862068965517,6.010728660262478,0.013793103448275862,10.628695927987174,0.7862068965517242,0.2,-10.145839504353631,145,0.23448275862068965,0.9241379310344827,0.006896551724137931,-3.5707882453112294,0.5172413793103449,0.47586206896551725,3.007601250207559
592791,"Taillon, Jameson",2026,"FF","Cubs","R","1.310920777",0.006896551724137931,0.2482758620689655,0.041379310344827586,-4.827299681652001,0.8,0.15862068965517243,5.410275188975722,0.013793103448275862,9.847722799912155,0.8551724137931035,0.1310344827586207,-10.65705000321601,145,0.22758620689655173,0.9448275862068966,0.006896551724137931,-2.2413280266295397,0.5103448275862069,0.4827586206896552,3.2495769976970394
645261,"Alcantara, Sandy",2026,"FC","Marlins","R","3.179831804",0.041379310344827586,0.2206896551724138,0.08275862068965517,-5.767757024243773,0.7655172413793103,0.15172413793103448,9.801371035561205,0.16551724137931034,11.605026120690166,0.7379310344827587,0.09655172413793103,-9.921483983627164,145,0.22758620689655173,0.9310344827586207,0.0896551724137931,-3.48806172757985,0.6620689655172414,0.2482758620689655,2.9646880711646526
700241,"McGreevy, Michael",2026,"SI","Cardinals","R","0.774322273",0.027777777777777776,0.25,0.1527777777777778,-6.373767659170678,0.7222222222222222,0.125,6.534744844263496,0.006944444444444444,12.083019043542011,0.7361111111111112,0.2569444444444444,-9.697840082114727,144,0.125,0.9583333333333334,0.11805555555555555,-2.844293842476279,0.7291666666666666,0.1527777777777778,2.6892883573296613
680694,"Bradish, Kyle",2026,"FF","Orioles","R","1.3295125",0.034722222222222224,0.3263888888888889,0.1597222222222222,-5.327873207572708,0.7916666666666666,0.04861111111111111,9.67392414410042,0,,0.7083333333333334,0.2916666666666667,-10.949823516572408,144,0.13194444444444445,0.875,0.041666666666666664,-2.6646783077892917,0.7152777777777778,0.24305555555555555,3.1843781650601426
801139,"Tolle, Payton",2026,"SI","Red Sox","L","1.541170869",0.034722222222222224,0.2916666666666667,0.1388888888888889,-5.61183186800145,0.5694444444444444,0.2916666666666667,6.431588730023973,0.013888888888888888,8.829133607371288,0.8402777777777778,0.14583333333333334,-9.499370876885262,144,0.11805555555555555,0.9583333333333334,0.041666666666666664,-2.272296309776015,0.7013888888888888,0.2569444444444444,3.08073594007344
527048,"Pérez, Martín",2026,"SI","Braves","L","1.274233057",0.020833333333333332,0.4027777777777778,0.125,-6.629242786430159,0.7847222222222222,0.09027777777777778,7.2112533906972445,0.034722222222222224,9.198712463508175,0.8402777777777778,0.125,-10.45761760605654,144,0.09027777777777778,0.9166666666666666,0.11805555555555555,-2.7567040232665265,0.7638888888888888,0.11805555555555555,2.6877644037730795
660761,"Suarez, José",2026,"FF","zMLB","L","1.1103254",0.08391608391608392,0.25874125874125875,0.07692307692307693,-5.831775011168992,0.7762237762237763,0.14685314685314685,6.821548407710797,0.013986013986013986,7.639603343094571,0.7272727272727273,0.25874125874125875,-10.988558712285423,143,0.23076923076923078,0.8811188811188811,0,,0.5734265734265734,0.42657342657342656,3.140032476512906
700712,"Ureña, Walbert",2026,"FF","Angels","R","1.192304263",0.027972027972027972,0.20279720279720279,0.09090909090909091,-5.651747074336504,0.8181818181818182,0.09090909090909091,6.062779117321408,0.006993006993006993,14.454563161924197,0.7202797202797203,0.2727272727272727,-10.26422328150211,143,0.21678321678321677,0.9090909090909091,0.006993006993006993,-3.231399537482481,0.5384615384615384,0.45454545454545453,3.109720478859376
663372,"Feltner, Ryan",2026,"FF","Rockies","R","1.444445546",0.04895104895104895,0.36363636363636365,0.07692307692307693,-5.461308515779739,0.7762237762237763,0.14685314685314685,6.838100621103679,0.013986013986013986,10.062292212336708,0.7692307692307693,0.21678321678321677,-11.933528208397838,143,0.14685314685314685,0.8811188811188811,0.027972027972027972,-2.5262401245500614,0.7202797202797203,0.2517482517482518,3.5617456878368725
661395,"Duran, Jhoan",2026,"FS","Phillies","R","1.592274778",0.06293706293706294,0.1958041958041958,0.11188811188811189,-5.777893240987995,0.6573426573426573,0.23076923076923078,6.859031544317364,0.03496503496503497,8.297853352181958,0.7272727272727273,0.23776223776223776,-9.86305423770748,143,0.32867132867132864,0.9440559440559441,0.36363636363636365,-3.326440321250113,0.5524475524475524,0.08391608391608392,2.6188183268175025
682243,"Miller, Bryce",2026,"FS","Mariners","R","3.918229967",0.13380281690140844,0.176056338028169,0.028169014084507043,-5.612991721798284,0.5633802816901409,0.4084507042253521,9.071800521494124,0.6126760563380281,12.711245180982619,0.38028169014084506,0.007042253521126761,-11.257640947170245,142,0.33098591549295775,0.9507042253521126,0.23943661971830985,-3.2720302392770266,0.6549295774647887,0.1056338028169014,2.8363291186871864
693855,"Seymour, Ian",2026,"ST","Rays","L","1.812131418",0.04225352112676056,0.15492957746478872,0.09154929577464789,-6.556999907265892,0.7605633802816901,0.14788732394366197,9.02658883588919,0.2323943661971831,11.47208445019559,0.6338028169014085,0.13380281690140844,-11.814325495212493,142,0.3591549295774648,0.8732394366197183,0.028169014084507043,-3.743801049297697,0.49295774647887325,0.4788732394366197,3.408628599813094
676917,"Cavalli, Cade",2026,"SI","Nationals","R","0.82510572",0.02112676056338028,0.323943661971831,0.09859154929577464,-6.272936883533646,0.704225352112676,0.19718309859154928,6.5226906404538845,0.035211267605633804,9.652979977169819,0.8309859154929577,0.13380281690140844,-9.57603791097117,142,0.11971830985915492,0.9436619718309859,0.04929577464788732,-2.6147626381433366,0.7464788732394366,0.20422535211267606,2.761829810030831
663969,"Phillips, Tyler",2026,"SI","Marlins","R","0.998773479",0.007042253521126761,0.39436619718309857,0.15492957746478872,-6.12744943776737,0.6619718309859155,0.18309859154929578,5.985879685193566,0.007042253521126761,7.938793818472694,0.8732394366197183,0.11971830985915492,-9.22673158507487,142,0.07042253521126761,0.9577464788732394,0.07042253521126761,-2.754930946438615,0.8028169014084507,0.1267605633802817,2.5767264986006615
676254,"Walker, Ryan",2026,"SI","Giants","R","1.126606746",0.03546099290780142,0.2198581560283688,0.09219858156028368,-6.279976720461741,0.6879432624113475,0.2198581560283688,9.035702338789509,0.02127659574468085,10.383209172797086,0.6808510638297872,0.2978723404255319,-11.529192331212649,141,0.1347517730496454,0.8652482269503546,0.0425531914893617,-2.7523585920081066,0.7163120567375887,0.24113475177304963,2.7958546887931424
642547,"Peralta, Freddy",2026,"CU","Mets","R","3.794713209",0.14893617021276595,0.16312056737588654,0.014184397163120567,-10.059282448982625,0.5035460992907801,0.48226950354609927,8.844330152289132,0.6595744680851063,14.627273133034507,0.3333333333333333,0.0070921985815602835,-12.08719977657699,141,0.3546099290780142,0.7943262411347518,0.22695035460992907,-3.637130253392246,0.6453900709219859,0.1276595744680851,2.723045581296732
608379,"Wacha, Michael",2026,"SI","Royals","R","0.865964988",0.02127659574468085,0.2695035460992908,0.1702127659574468,-5.7523274321300715,0.6950354609929078,0.1347517730496454,7.2935636303601035,0,,0.7375886524822695,0.2624113475177305,-11.077625056434789,141,0.15602836879432624,0.8936170212765957,0.02127659574468085,-2.3922959076447863,0.6453900709219859,0.3333333333333333,2.8680152273365813
677960,"Weathers, Ryan",2026,"SI","Yankees","L","1.104929102",0.014184397163120567,0.375886524822695,0.09219858156028368,-6.06879216883377,0.6879432624113475,0.2198581560283688,6.698024663358488,0.04964539007092199,8.178215208754034,0.8156028368794326,0.1347517730496454,-9.78640319942548,141,0.07801418439716312,0.950354609929078,0.0425531914893617,-2.8983912566388073,0.8368794326241135,0.12056737588652482,2.737534927367199
607625,"Lugo, Seth",2026,"CU","Royals","R","3.093215854",0.0851063829787234,0.2553191489361702,0.09219858156028368,-5.355648117527067,0.6099290780141844,0.2978723404255319,7.5469272931443605,0.5177304964539007,14.074042780852423,0.46099290780141844,0.02127659574468085,-8.972828979983223,141,0.22695035460992907,0.9148936170212766,0.2553191489361702,-3.243224566628495,0.7092198581560284,0.03546099290780142,2.2600287261203515
641743,"Kay, Anthony",2026,"FC","White Sox","L","1.868274405",0.0425531914893617,0.15602836879432624,0.28368794326241137,-7.257967127184712,0.6524822695035462,0.06382978723404255,8.356216264445992,0.10638297872340426,8.51030200152957,0.7943262411347518,0.09929078014184398,-9.749506498926442,141,0.2198581560283688,0.9078014184397163,0.16312056737588654,-3.9250979418298186,0.624113475177305,0.2127659574468085,2.8998174033356
650633,"King, Michael",2026,"FF","Padres","R","0.85283345",0.07092198581560284,0.1702127659574468,0.03546099290780142,-7.184443980872336,0.8085106382978723,0.15602836879432624,6.797366874885192,0,,0.5886524822695035,0.41134751773049644,-10.756421328575234,141,0.3120567375886525,0.8297872340425532,0,,0.44680851063829785,0.5531914893617021,3.0482012189818652
642207,"Williams, Devin",2026,"FF","Mets","R","0.858696798",0.014184397163120567,0.18439716312056736,0.05673758865248227,-6.365497715585349,0.8297872340425532,0.11347517730496454,5.222211860376789,0.0070921985815602835,9.206658392124877,0.7801418439716312,0.2127659574468085,-9.413573124516892,141,0.2907801418439716,0.9574468085106383,0.0070921985815602835,-2.6983694323683327,0.41843971631205673,0.574468085106383,3.0487197361374734
678906,"Teng, Kai-Wei",2026,"FF","Astros","R","0.877237871",0.03546099290780142,0.2553191489361702,0.12056737588652482,-5.343448113059487,0.75177304964539,0.1276595744680851,6.907986777643638,0,,0.7446808510638298,0.2553191489361702,-9.939138973758586,141,0.1773049645390071,0.9148936170212766,0.0070921985815602835,-2.379887299308535,0.6170212765957447,0.375886524822695,3.0220075475222683
687562,"Bennett, Jake",2026,"FF","Red Sox","L","1.241408772",0.08571428571428572,0.2357142857142857,0.06428571428571428,-4.8710109620700965,0.75,0.18571428571428572,6.737266231648885,0.007142857142857143,8.785352874452327,0.6928571428571428,0.3,-11.432918472746074,140,0.2642857142857143,0.8857142857142857,0.014285714285714285,-2.6510569314608365,0.4785714285714286,0.5071428571428571,3.193093044880956
650633,"King, Michael",2026,"ST","Padres","R","4.604493825",0.07142857142857142,0.12857142857142856,0.06428571428571428,-6.699629847443295,0.5571428571428572,0.37857142857142856,9.707825595414779,0.4642857142857143,13.062304600222136,0.5214285714285715,0.014285714285714285,-12.322423784598817,140,0.2714285714285714,0.9,0.09285714285714286,-3.456396751804348,0.6571428571428571,0.25,2.816422326023112
656271,"Burke, Brock",2026,"FF","Reds","L","1.143174033",0.03571428571428571,0.25,0.07857142857142857,-5.422931745521519,0.7857142857142857,0.1357142857142857,5.751548844222454,0.007142857142857143,8.938175972509516,0.6785714285714286,0.3142857142857143,-9.851967936885407,140,0.2571428571428571,0.8928571428571429,0.02142857142857143,-4.859219280176228,0.55,0.42857142857142855,3.1096654076075314
625643,"López, Reynaldo",2026,"SL","Braves","R","5.573135364",0.20714285714285716,0.21428571428571427,0.02142857142857143,-5.257601782735357,0.5071428571428571,0.4714285714285714,9.281612191731487,0.4857142857142857,12.1875383047724,0.4785714285714286,0.03571428571428571,-8.915214528648443,140,0.35714285714285715,0.8285714285714286,0.30714285714285716,-4.259706610332513,0.6571428571428571,0.03571428571428571,2.829611341553809
650644,"Civale, Aaron",2026,"CU","zMLB","R","3.169202255",0.1,0.19285714285714287,0.03571428571428571,-6.9712570849089355,0.6785714285714286,0.2857142857142857,8.123642355618951,0.5928571428571429,13.470837586083453,0.37142857142857144,0.03571428571428571,-9.386359208357586,140,0.24285714285714285,0.9,0.2,-3.5906092799656397,0.7642857142857142,0.03571428571428571,2.4146788215233754
669160,"May, Dustin",2026,"ST","Cardinals","R","3.774722076",0.07857142857142857,0.18571428571428572,0.1357142857142857,-6.769680911431341,0.6071428571428571,0.2571428571428571,9.550415916118459,0.2642857142857143,11.83610032807096,0.6214285714285714,0.11428571428571428,-10.231360390780353,140,0.3357142857142857,0.8928571428571429,0.30714285714285716,-3.9757503189435996,0.5642857142857143,0.12857142857142856,2.6060596529414526
693821,"Elder, Bryce",2026,"FC","Braves","R","1.557302133",0.05714285714285714,0.21428571428571427,0.2,-5.501405257642761,0.7142857142857143,0.08571428571428572,10.67143248419503,0.06428571428571428,10.075885701540123,0.6928571428571428,0.24285714285714285,-10.671610503386457,140,0.24285714285714285,0.8857142857142857,0.08571428571428572,-2.640750575050141,0.6,0.3142857142857143,3.0899094316495836
686993,"Sterner, Justin",2026,"FF","Athletics","R","0.916367004",0.03571428571428571,0.25,0.05714285714285714,-4.859054885770189,0.8142857142857143,0.12857142857142856,5.734671774759432,0.02142857142857143,7.579467709524741,0.7857142857142857,0.19285714285714287,-10.920837066858178,140,0.21428571428571427,0.8928571428571429,0.007142857142857143,-2.9145277655457793,0.5428571428571428,0.45,2.9038632384925527
800048,"Messick, Parker",2026,"SI","Guardians","L","1.084486161",0.014285714285714285,0.35714285714285715,0.12142857142857143,-6.051777840614556,0.7,0.17857142857142858,6.5744211760397375,0.04285714285714286,8.475471194619393,0.8214285714285714,0.1357142857142857,-10.163205138327031,140,0.12142857142857143,0.9642857142857143,0.09285714285714286,-2.818023335345226,0.75,0.15714285714285714,2.6411080636114415
642121,"Sulser, Cole",2026,"CH","Rays","R","3.883250466",0.1510791366906475,0.1510791366906475,0.06474820143884892,-5.173262401110498,0.48201438848920863,0.45323741007194246,8.397339675709233,0.5251798561151079,12.340045391586031,0.45323741007194246,0.02158273381294964,-10.90330375344025,139,0.3669064748201439,0.8561151079136691,0.30935251798561153,-3.944994853997601,0.6690647482014388,0.02158273381294964,4.061575124316104
700669,"Graceffo, Gordon",2026,"FF","Cardinals","R","0.575897802",0.02158273381294964,0.41007194244604317,0.06474820143884892,-5.33696400874477,0.841726618705036,0.09352517985611511,5.6829914412311044,0,,0.8057553956834532,0.19424460431654678,-9.79832725741382,139,0.07913669064748201,0.9064748201438849,0.014388489208633094,-2.312711451019263,0.697841726618705,0.28776978417266186,2.7481232226555017
571927,"Matz, Steven",2026,"CH","Rays","L","3.778689185",0.1079136690647482,0.2517985611510791,0.02877697841726619,-8.842429585211354,0.5323741007194245,0.43884892086330934,8.130658639036419,0.4316546762589928,11.653625064299284,0.5323741007194245,0.03597122302158273,-12.615407901714534,139,0.2446043165467626,0.9424460431654677,0.1079136690647482,-4.0536590259032526,0.7194244604316546,0.17266187050359713,2.844318027310767
805673,"Matthews, Zebby",2026,"SL","Twins","R","3.961056217",0.08633093525179857,0.2589928057553957,0.05755395683453238,-6.00253602362229,0.5755395683453237,0.3669064748201439,8.921725606443882,0.37410071942446044,11.341712555637795,0.5971223021582733,0.02877697841726619,-8.58151482306116,139,0.3381294964028777,0.920863309352518,0.23741007194244604,-4.217353522108342,0.697841726618705,0.06474820143884892,2.9271484674275134
682608,"Gray, Peyton",2026,"CH","Rangers","R","4.38061006",0.11510791366906475,0.15827338129496402,0.05755395683453238,-6.5793461469767704,0.5251798561151079,0.4172661870503597,9.471398712121738,0.6115107913669064,12.729328235252629,0.37410071942446044,0.014388489208633094,-11.146547585918455,139,0.302158273381295,0.8705035971223022,0.2302158273381295,-3.09738831152036,0.7194244604316546,0.050359712230215826,2.77187176365104
666808,"Doval, Camilo",2026,"SI","Yankees","R","2.135278664",0.02158273381294964,0.302158273381295,0.050359712230215826,-5.678382425424547,0.7050359712230215,0.2446043165467626,7.312625273641371,0.014388489208633094,7.296337309447379,0.8920863309352518,0.09352517985611511,-10.683911147879714,139,0.2014388489208633,0.935251798561151,0.2158273381294964,-2.945883766884337,0.6834532374100719,0.10071942446043165,2.5572868296114617
694361,"Klein, Will",2026,"FF","Dodgers","R","0.839453719",0.06474820143884892,0.2589928057553957,0.07194244604316546,-5.311606638500499,0.7482014388489209,0.17985611510791366,6.530760579619422,0.007194244604316547,9.829858834685727,0.6258992805755396,0.3669064748201439,-11.221203784590315,139,0.2014388489208633,0.8057553956834532,0.007194244604316547,-2.494376205312165,0.60431654676259,0.38848920863309355,3.0972480931575466
679883,"Avila, Luinder",2026,"SI","Royals","R","1.120695449",0.043478260869565216,0.2898550724637681,0.15942028985507245,-6.2705514975273005,0.5942028985507246,0.2463768115942029,7.586170799661079,0.021739130434782608,8.41498398751982,0.8333333333333334,0.14492753623188406,-10.986461354544934,138,0.1956521739130435,0.9420289855072463,0.10869565217391304,-3.0911978063318113,0.7246376811594203,0.16666666666666666,2.9182501670242216
665660,"Alvarado, Elvis",2026,"FF","Athletics","R","0.971150097",0.036231884057971016,0.15217391304347827,0.043478260869565216,-5.532074881273679,0.8188405797101449,0.13768115942028986,5.6574948992165215,0.007246376811594203,8.688547151159279,0.8405797101449275,0.15217391304347827,-9.05392373560348,138,0.3695652173913043,0.9347826086956522,0,,0.3695652173913043,0.6304347826086957,3.157976587908243
656464,"Ginkel, Kevin",2026,"FF","Diamondbacks","R","0.728762791",0.014492753623188406,0.2318840579710145,0.06521739130434782,-6.155042910638379,0.855072463768116,0.07971014492753623,6.637243646703769,0,,0.6594202898550725,0.34057971014492755,-9.863059601398449,138,0.1956521739130435,0.8478260869565217,0.007246376811594203,-2.0108656012174406,0.5144927536231884,0.4782608695652174,2.8592969741291183
675660,"Drohan, Shane",2026,"SL","Brewers","L","4.046576172",0.12318840579710146,0.2536231884057971,0.07246376811594203,-6.264456478288914,0.5869565217391305,0.34057971014492755,9.180351191879296,0.36231884057971014,11.767872115150237,0.5942028985507246,0.043478260869565216,-11.866098770644147,138,0.39855072463768115,0.8260869565217391,0.2971014492753623,-3.9006128605163743,0.6159420289855072,0.08695652173913043,2.807730517691511
689254,"Fluharty, Mason",2026,"ST","Blue Jays","L","2.931697862",0.09420289855072464,0.12318840579710146,0.028985507246376812,-5.432640852032748,0.4855072463768116,0.4855072463768116,8.787820299042826,0.5942028985507246,12.431255238713304,0.38405797101449274,0.021739130434782608,-7.917644283824815,138,0.36231884057971014,0.855072463768116,0.18115942028985507,-2.9164594899600638,0.6884057971014492,0.13043478260869565,2.7494088621227943
693433,"Woo, Bryan",2026,"SL","Mariners","R","3.082477099",0.057971014492753624,0.21014492753623187,0.021739130434782608,-5.624834266458481,0.7463768115942029,0.2318840579710145,8.569501304401804,0.4420289855072464,11.223237043159363,0.5362318840579711,0.021739130434782608,-10.43686537817737,138,0.3115942028985507,0.9565217391304348,0.2898550724637681,-3.49787377404276,0.6376811594202898,0.07246376811594203,2.8286499918292183
641329,"Baker, Bryan",2026,"CH","Rays","R","3.070160297",0.0948905109489051,0.11678832116788321,0.058394160583941604,-5.917581416249664,0.5255474452554745,0.41605839416058393,9.398505771830706,0.5474452554744526,12.713946935739214,0.44525547445255476,0.0072992700729927005,-7.821012025907337,137,0.3722627737226277,0.9416058394160584,0.24087591240875914,-3.2970636538943734,0.6934306569343066,0.06569343065693431,2.928605401918055
681347,"Burrows, Mike",2026,"SL","Astros","R","1.947737963",0.04411764705882353,0.22058823529411764,0.08823529411764706,-6.155280132865134,0.6029411764705882,0.3088235294117647,7.860482933911998,0.2426470588235294,9.720984176131541,0.6397058823529411,0.11764705882352941,-10.679884985116066,136,0.27205882352941174,0.9044117647058824,0.13970588235294118,-3.3679166537615344,0.7058823529411765,0.15441176470588236,2.989335254063828
669165,"Hurt, Kyle",2026,"FF","Dodgers","R","0.936438848",0.04411764705882353,0.21323529411764705,0.058823529411764705,-5.1994259776526475,0.8602941176470589,0.08088235294117647,6.889992018476266,0.014705882352941176,8.096005608803248,0.6617647058823529,0.3235294117647059,-10.193323716994472,136,0.3602941176470588,0.9485294117647058,0,,0.49264705882352944,0.5073529411764706,3.2705387486069806
656605,"Keller, Mitch",2026,"ST","Pirates","R","3.835440581",0.07352941176470588,0.20588235294117646,0.125,-5.893252964416402,0.5294117647058824,0.34558823529411764,9.037786452427056,0.41911764705882354,12.91894754776547,0.5514705882352942,0.029411764705882353,-14.325337743831764,136,0.2426470588235294,0.875,0.125,-3.214154365837465,0.7426470588235294,0.1323529411764706,2.720276730434323
622491,"Castillo, Luis",2026,"SI","Mariners","R","1.043832868",0.014705882352941176,0.22794117647058823,0.22794117647058823,-6.710892490682294,0.6176470588235294,0.15441176470588236,6.135571176770634,0.014705882352941176,8.112067538939199,0.8088235294117647,0.17647058823529413,-9.784799699393043,136,0.08823529411764706,0.9705882352941176,0.09558823529411764,-2.932316690038035,0.8014705882352942,0.10294117647058823,2.5049487080785227
677952,"Ashcraft, Braxton",2026,"SI","Pirates","R","1.645624551",0,0.3235294117647059,0.14705882352941177,-6.108883815259226,0.7279411764705882,0.125,6.391328993755911,0.014705882352941176,8.713218233443873,0.8602941176470589,0.125,-9.332060553629221,136,0.19852941176470587,0.9411764705882353,0.27205882352941174,-3.2456189014009444,0.7058823529411765,0.022058823529411766,2.4858877163539486
676534,"Faucher, Calvin",2026,"FC","Marlins","R","2.039779771",0.058823529411764705,0.25735294117647056,0.08823529411764706,-5.812848284861019,0.6985294117647058,0.21323529411764705,8.105859387739176,0.014705882352941176,7.36847518981968,0.7132352941176471,0.27205882352941174,-11.714470989240528,136,0.2647058823529412,0.9044117647058824,0.14705882352941177,-3.5496743032366815,0.6323529411764706,0.22058823529411764,3.355435458055479
666974,"Cano, Yennier",2026,"SI","Orioles","R","1.406402934",0.044444444444444446,0.26666666666666666,0.11851851851851852,-7.4156120097525395,0.762962962962963,0.11851851851851852,6.1476630958385154,0.022222222222222223,8.552609270604059,0.7703703703703704,0.2074074074074074,-11.648548915790812,135,0.21481481481481482,0.9333333333333333,0.31851851851851853,-3.0624279388538667,0.6370370370370371,0.044444444444444446,2.9987215923077
663436,"Martin, Davis",2026,"SL","White Sox","R","4.766359768",0.1037037037037037,0.18518518518518517,0.05925925925925926,-5.515832915756201,0.4222222222222222,0.5185185185185185,10.179390478676714,0.4074074074074074,10.891145363750397,0.5111111111111111,0.08148148148148149,-9.583588201131032,135,0.3925925925925926,0.8592592592592593,0.17777777777777778,-3.54445982364782,0.7407407407407407,0.08148148148148149,2.742235394249519
656427,"Flaherty, Jack",2026,"CU","Tigers","R","3.900463064",0.15671641791044777,0.09701492537313433,0.03731343283582089,-5.285887980604567,0.48507462686567165,0.47761194029850745,9.159748484781392,0.753731343283582,14.692414873143472,0.23880597014925373,0.007462686567164179,-10.87732608504042,134,0.3805970149253731,0.9029850746268657,0.3208955223880597,-3.3882716659671535,0.6268656716417911,0.05223880597014925,2.6617483986265107
669194,"Nelson, Ryne",2026,"SL","Diamondbacks","R","3.71094639",0.11940298507462686,0.291044776119403,0.05970149253731343,-5.441371903605271,0.6343283582089553,0.30597014925373134,8.128851458196067,0.23134328358208955,10.879286966895602,0.6567164179104478,0.11194029850746269,-10.011280021197978,134,0.2835820895522388,0.8805970149253731,0.19402985074626866,-3.7923719771925617,0.7014925373134329,0.1044776119402985,2.8561646983608666
678022,"Perkins, Jack",2026,"ST","Athletics","R","4.736262353",0.08208955223880597,0.1791044776119403,0.17164179104477612,-6.994369253847965,0.5149253731343284,0.31343283582089554,11.013299835407352,0.291044776119403,13.07465822736293,0.6268656716417911,0.08208955223880597,-13.192122269951007,134,0.35074626865671643,0.8134328358208955,0.23134328358208955,-4.338346280315009,0.5970149253731343,0.17164179104477612,2.7082642678133566
641793,"Littell, Zack",2026,"SI","Nationals","R","1.821788556",0.03731343283582089,0.3358208955223881,0.1865671641791045,-5.666706659927624,0.6865671641791045,0.12686567164179105,9.344178244683965,0.022388059701492536,10.02635341024909,0.753731343283582,0.22388059701492538,-9.945977404316785,134,0.11940298507462686,0.917910447761194,0.05223880597014925,-3.0776813514111288,0.7388059701492538,0.208955223880597,3.2582204755170343
608379,"Wacha, Michael",2026,"FC","Royals","R","1.342036076",0.007462686567164179,0.29850746268656714,0.07462686567164178,-5.7951566849620715,0.7761194029850746,0.14925373134328357,7.018741131141952,0.12686567164179105,9.768446370895209,0.7611940298507462,0.11194029850746269,-10.164897410124107,134,0.11940298507462686,0.9477611940298507,0.05970149253731343,-2.601759632537683,0.7686567164179104,0.17164179104477612,2.6701836592465034
657746,"Ryan, Joe",2026,"ST","Twins","R","3.71732307",0.09701492537313433,0.14925373134328357,0.05223880597014925,-7.261644646084623,0.5223880597014925,0.4253731343283582,10.098209890805375,0.5671641791044776,14.642016675195743,0.4253731343283582,0.007462686567164179,-7.228055742660066,134,0.3656716417910448,0.8582089552238806,0.1791044776119403,-3.4092174620431046,0.6567164179104478,0.16417910447761194,2.5782503431101165
673540,"Senga, Kodai",2026,"FF","Mets","R","1.017706762",0.04477611940298507,0.2462686567164179,0.06716417910447761,-5.630094641033693,0.7910447761194029,0.1417910447761194,6.822791080830824,0.007462686567164179,8.249794401999827,0.7164179104477612,0.27611940298507465,-10.118434777141355,134,0.19402985074626866,0.8731343283582089,0.014925373134328358,-3.3949769061935386,0.5970149253731343,0.3880597014925373,3.052040173052917
686799,"Kochanowicz, Jack",2026,"CH","Angels","R","2.738167719",0.12686567164179105,0.22388059701492538,0.05223880597014925,-5.891151433774167,0.5597014925373134,0.3880597014925373,7.394956759085801,0.291044776119403,10.56657624050244,0.6791044776119403,0.029850746268656716,-11.327220417241067,134,0.31343283582089554,0.9626865671641791,0.30597014925373134,-3.079218121802009,0.664179104477612,0.029850746268656716,3.880144386134428
701656,"Henderson, Logan",2026,"FF","Brewers","R","0.759920617",0.03007518796992481,0.16541353383458646,0.08270676691729323,-5.191772711886129,0.8270676691729323,0.09022556390977443,5.483478334862744,0.022556390977443608,7.469342037642681,0.7368421052631579,0.24060150375939848,-9.661643561429157,133,0.24812030075187969,0.924812030075188,0,,0.45864661654135336,0.5413533834586466,2.9879560264524136
670990,"Ramírez, Yohan",2026,"ST","Pirates","R","5.302399279",0.11278195488721804,0.10526315789473684,0.11278195488721804,-7.923667463988011,0.5488721804511278,0.3383458646616541,10.68083627457191,0.48120300751879697,12.39293559136087,0.46616541353383456,0.05263157894736842,-12.45898512886444,133,0.39097744360902253,0.7593984962406015,0.22556390977443608,-6.048684277318103,0.5714285714285714,0.20300751879699247,2.8925073000462183
670036,"Festa, Matt",2026,"ST","Guardians","R","3.44243467",0.07518796992481203,0.24812030075187969,0.10526315789473684,-6.6557106109178115,0.6541353383458647,0.24060150375939848,8.665712349398232,0.3383458646616541,11.769224913210515,0.631578947368421,0.03007518796992481,-12.24269124963952,133,0.2857142857142857,0.9323308270676691,0.18796992481203006,-4.051903650068533,0.6240601503759399,0.18796992481203006,2.7741067628867775
672456,"Montero, Keider",2026,"SL","Tigers","R","3.740012916",0.11278195488721804,0.23308270676691728,0.07518796992481203,-5.035438700486284,0.6466165413533834,0.2781954887218045,9.667938663463024,0.37593984962406013,11.324117204779157,0.6015037593984962,0.022556390977443608,-10.217941563443226,133,0.3082706766917293,0.9097744360902256,0.18045112781954886,-3.4018563565883566,0.6466165413533834,0.17293233082706766,3.336731672951361
688107,"Gasser, Robert",2026,"FF","Brewers","L","1.077680347",0.03759398496240601,0.17293233082706766,0.09774436090225563,-5.317695615882965,0.8120300751879699,0.09022556390977443,6.094697908881095,0.007518796992481203,11.257695116354013,0.7669172932330827,0.22556390977443608,-9.908945390228075,133,0.24060150375939848,0.924812030075188,0,,0.45864661654135336,0.5413533834586466,3.1605254589019323
683769,"Gaddis, Hunter",2026,"SL","Guardians","R","3.60044297",0.07518796992481203,0.15037593984962405,0.10526315789473684,-5.350397023992127,0.5263157894736842,0.3684210526315789,8.918832110012781,0.2631578947368421,9.71818110177834,0.6541353383458647,0.08270676691729323,-9.656836639619776,133,0.3308270676691729,0.9022556390977443,0.19548872180451127,-4.349070831080087,0.6616541353383458,0.14285714285714285,2.8451121699837034
680732,"Burke, Sean",2026,"SI","White Sox","R","0.988371693",0.015037593984962405,0.2932330827067669,0.18045112781954886,-5.841966272275978,0.6766917293233082,0.14285714285714285,5.617256896876199,0.007518796992481203,7.5710046378448554,0.7669172932330827,0.22556390977443608,-9.490004569810859,133,0.09774436090225563,0.9323308270676691,0.03759398496240601,-3.2915723001353063,0.6842105263157895,0.2781954887218045,2.6614355085315036
554430,"Wheeler, Zack",2026,"FS","Phillies","R","4.137119166",0.2706766917293233,0.15037593984962405,0.015037593984962405,-10.02802230157856,0.3157894736842105,0.6691729323308271,8.467958589481546,0.5639097744360902,11.786604030337813,0.40601503759398494,0.03007518796992481,-9.969848832740427,133,0.46616541353383456,0.9323308270676691,0.41353383458646614,-3.430883249159262,0.5488721804511278,0.03759398496240601,2.7636894197787276
686218,"Sheehan, Emmet",2026,"CH","Dodgers","R","3.375391239",0.07518796992481203,0.2556390977443609,0.06015037593984962,-5.47732265350699,0.6616541353383458,0.2781954887218045,7.756717470840222,0.3609022556390977,11.304594388219595,0.5864661654135338,0.05263157894736842,-12.474911931123957,133,0.24060150375939848,0.8872180451127819,0.23308270676691728,-3.4631778936358364,0.6992481203007519,0.06766917293233082,2.607096258850036
687396,"Headrick, Brent",2026,"SL","Yankees","L","6.537681495",0.25,0.09090909090909091,0.030303030303030304,-7.988968408077884,0.4318181818181818,0.5378787878787878,12.949293371082762,0.7424242424242424,14.521812415547267,0.24242424242424243,0.015151515151515152,-12.317221058062849,132,0.5227272727272727,0.803030303030303,0.38636363636363635,-4.125845174800805,0.5757575757575758,0.03787878787878788,2.817594292686544
656638,"Lange, Alex",2026,"SL","Royals","R","4.467996057",0.1893939393939394,0.20454545454545456,0.06818181818181818,-4.710384246508707,0.5606060606060606,0.3712121212121212,8.667289988172227,0.36363636363636365,12.187703724846298,0.5757575757575758,0.06060606060606061,-12.150582990469925,132,0.3560606060606061,0.9090909090909091,0.36363636363636365,-4.051019974251239,0.553030303030303,0.08333333333333333,3.2532395592739847
657514,"Bernardino, Brennan",2026,"SI","Rockies","L","1.143807516",0.030303030303030304,0.2803030303030303,0.11363636363636363,-6.022820316525566,0.696969696969697,0.1893939393939394,6.638371117533471,0.022727272727272728,9.592448444037197,0.696969696969697,0.2803030303030303,-10.44201938067211,132,0.1590909090909091,0.8939393939393939,0.030303030303030304,-3.206018078075744,0.7121212121212122,0.25757575757575757,2.7955304520845496
669199,"Bachar, Lake",2026,"FF","Marlins","R","0.943761257",0.015151515151515152,0.29545454545454547,0.022727272727272728,-4.93272832679397,0.8333333333333334,0.14393939393939395,6.678835433298897,0.03787878787878788,9.116542903481367,0.8333333333333334,0.12878787878787878,-10.86129743676289,132,0.1893939393939394,0.9242424242424242,0,,0.6136363636363636,0.38636363636363635,3.100171287605289
670059,"Holderman, Colin",2026,"SI","Guardians","R","1.950382488",0.05303030303030303,0.24242424242424243,0.09848484848484848,-8.2577516074759,0.5681818181818182,0.3333333333333333,7.220636130842558,0.030303030303030304,7.470249843744443,0.7121212121212122,0.25757575757575757,-10.264370713989006,132,0.16666666666666666,0.9242424242424242,0.09848484848484848,-3.206442485932935,0.75,0.15151515151515152,3.303748520555752
641743,"Kay, Anthony",2026,"ST","White Sox","L","5.204012467",0.1297709923664122,0.13740458015267176,0.06870229007633588,-7.279732694058342,0.5114503816793893,0.4198473282442748,10.35918580001778,0.5572519083969466,13.547623422582117,0.42748091603053434,0.015267175572519083,-15.248043202770873,131,0.366412213740458,0.7862595419847328,0.24427480916030533,-4.2234779236824815,0.6641221374045801,0.0916030534351145,2.520296030069875
663372,"Feltner, Ryan",2026,"SL","Rockies","R","2.226331106",0.08396946564885496,0.21374045801526717,0.12213740458015267,-5.352518684993857,0.6030534351145038,0.2748091603053435,8.364629585114915,0.2824427480916031,10.41772759921434,0.6030534351145038,0.11450381679389313,-10.92275101023171,131,0.32061068702290074,0.9236641221374046,0.183206106870229,-3.047847089189579,0.648854961832061,0.16793893129770993,3.19780055106905
666157,"Lodolo, Nick",2026,"FF","Reds","L","0.908507809",0.05343511450381679,0.2366412213740458,0.05343511450381679,-5.72964575328895,0.7786259541984732,0.16793893129770993,5.786620303183822,0,,0.6412213740458015,0.35877862595419846,-10.042796557730403,131,0.1984732824427481,0.8778625954198473,0,,0.549618320610687,0.45038167938931295,3.1102490740635007
681982,"Anderson, Grant",2026,"FF","Brewers","R","0.85908118",0.04580152671755725,0.2595419847328244,0.061068702290076333,-6.155408536223435,0.7709923664122137,0.16793893129770993,6.78023096669452,0,,0.8320610687022901,0.16793893129770993,-11.121451978730855,131,0.22900763358778625,0.9312977099236641,0,,0.5038167938931297,0.4961832061068702,2.9399323144335434
663947,"Holton, Tyler",2026,"FC","Tigers","L","1.090732783",0.05384615384615385,0.3076923076923077,0.17692307692307693,-6.44634389933574,0.7076923076923077,0.11538461538461539,6.264097403664929,0.07692307692307693,9.037742950552557,0.7769230769230769,0.14615384615384616,-9.888504797773695,130,0.2,0.9538461538461539,0.08461538461538462,-3.117978849077454,0.676923076923077,0.23846153846153847,2.963799017254136
641778,"Lauer, Eric",2026,"FC","zMLB","L","0.705323566",0.015384615384615385,0.2,0.23076923076923078,-6.039224112467183,0.6615384615384615,0.1076923076923077,7.656220039430746,0.1076923076923077,8.708229702160551,0.7076923076923077,0.18461538461538463,-10.790542766053562,130,0.2076923076923077,0.9153846153846154,0.06923076923076923,-2.8334949670387535,0.6615384615384615,0.2692307692307692,2.8972040390170433
656605,"Keller, Mitch",2026,"SI","Pirates","R","1.246833647",0.007692307692307693,0.33076923076923076,0.08461538461538462,-5.443918680515848,0.7230769230769231,0.19230769230769232,5.670855752822183,0.023076923076923078,9.430756780438552,0.7615384615384615,0.2153846153846154,-10.16112190714024,130,0.16153846153846155,0.9461538461538461,0.09230769230769231,-3.224962794459682,0.676923076923077,0.23076923076923078,2.8743354490454966
696149,"Chandler, Bubba",2026,"CH","Pirates","R","2.641095474",0.046153846153846156,0.2230769230769231,0.08461538461538462,-8.284210623486805,0.5230769230769231,0.3923076923076923,7.42292454115974,0.26153846153846155,10.573467535198114,0.7153846153846154,0.023076923076923078,-10.929452971405006,130,0.25384615384615383,0.9307692307692308,0.16153846153846155,-3.294199252996859,0.7846153846153846,0.05384615384615385,2.7682124859246766
666157,"Lodolo, Nick",2026,"CH","Reds","L","4.076860747",0.05384615384615385,0.2153846153846154,0.007692307692307693,-7.746431392480144,0.4846153846153846,0.5076923076923077,8.092551166626347,0.3923076923076923,10.771170990135367,0.5615384615384615,0.046153846153846156,-10.214268189570076,130,0.2153846153846154,0.9384615384615385,0.11538461538461539,-3.1595216985403574,0.8384615384615385,0.046153846153846156,2.642050928806735
656546,"Hoffman, Jeff",2026,"FF","Blue Jays","R","0.872269083",0.015384615384615385,0.16153846153846155,0.07692307692307693,-5.3679991623018815,0.7923076923076923,0.13076923076923078,5.768666577667589,0.023076923076923078,7.610132186405695,0.7384615384615385,0.23846153846153847,-9.05933939533111,130,0.26153846153846155,0.9538461538461539,0,,0.49230769230769234,0.5076923076923077,2.992854619046454
605400,"Nola, Aaron",2026,"SI","Phillies","R","1.794683737",0.015503875968992248,0.3798449612403101,0.14728682170542637,-5.662653736795437,0.7209302325581395,0.13178294573643412,6.643970446565847,0.046511627906976744,9.527847338630304,0.8372093023255814,0.11627906976744186,-11.159612748954862,129,0.12403100775193798,0.9612403100775194,0.10077519379844961,-3.552158211648571,0.7829457364341085,0.11627906976744186,2.7875383667262206
675848,"Mejia, Juan",2026,"ST","Rockies","R","4.501147947",0.10852713178294573,0.16279069767441862,0.06976744186046512,-7.767310435723004,0.49612403100775193,0.43410852713178294,10.87038849332656,0.4418604651162791,13.859439188319426,0.5193798449612403,0.03875968992248062,-11.628170365186975,129,0.3953488372093023,0.8527131782945736,0.23255813953488372,-4.0141636258653275,0.6589147286821705,0.10852713178294573,3.0480954918913294
605288,"Houser, Adrian",2026,"CH","Giants","R","4.509727443",0.13953488372093023,0.16279069767441862,0,,0.4883720930232558,0.5116279069767442,8.730950310972775,0.627906976744186,11.98638359949856,0.35658914728682173,0.015503875968992248,-8.265288712562551,129,0.3178294573643411,0.937984496124031,0.21705426356589147,-3.4162412263201114,0.7131782945736435,0.06976744186046512,2.737304606807383
615698,"Quantrill, Cal",2026,"SI","Rangers","R","0.828184427",0.046511627906976744,0.21705426356589147,0.27906976744186046,-6.4444362144398335,0.5581395348837209,0.16279069767441862,7.272315645056515,0.007751937984496124,8.782148883940051,0.7751937984496124,0.21705426356589147,-10.730437597908981,129,0.17054263565891473,0.8914728682170543,0.03875968992248062,-3.0302577791022673,0.5891472868217055,0.37209302325581395,2.6878996955880043
680742,"Bowlan, Jonathan",2026,"FF","Phillies","R","0.952739869",0.05426356589147287,0.10852713178294573,0.11627906976744186,-6.169238807830537,0.7984496124031008,0.08527131782945736,6.06942249570838,0,,0.6821705426356589,0.3178294573643411,-10.446381834838132,129,0.40310077519379844,0.8992248062015504,0.007751937984496124,-3.089450538881579,0.34108527131782945,0.6511627906976745,3.1971062190526185
607200,"Fedde, Erick",2026,"FC","White Sox","R","1.095749453",0.046875,0.296875,0.1171875,-5.533350099197635,0.6953125,0.1875,7.104493278187154,0.0546875,8.435596535439178,0.7421875,0.203125,-11.741878199169859,128,0.15625,0.890625,0.03125,-2.400181816400572,0.625,0.34375,3.0338600716586357
643377,"Jax, Griffin",2026,"ST","Rays","R","3.8472722",0.0625,0.2265625,0.09375,-7.289739571039007,0.578125,0.328125,9.96097618240588,0.1875,11.942587509421116,0.7109375,0.1015625,-9.911650771211042,128,0.375,0.90625,0.1796875,-3.8711687775611416,0.671875,0.1484375,3.12317172125371
691951,"Aldegheri, Sam",2026,"FF","Angels","L","0.882345433",0.03125,0.2890625,0.2265625,-5.625196294400588,0.6796875,0.09375,7.297022211715549,0.0234375,9.68491790816764,0.7421875,0.234375,-9.204987999971577,128,0.125,0.9296875,0.0234375,-2.683512174165055,0.671875,0.3046875,2.712526617591634
668678,"Gallen, Zac",2026,"CH","Diamondbacks","R","3.129574464",0.0625,0.234375,0.0234375,-6.3701807382619275,0.5234375,0.453125,7.778622600616875,0.40625,10.402412918829878,0.5703125,0.0234375,-9.521413924412114,128,0.2734375,0.953125,0.1875,-3.2629318888872807,0.7734375,0.0390625,2.9782573032200776
689147,"Kerkering, Orion",2026,"ST","Phillies","R","4.232538223",0.0703125,0.203125,0.1328125,-7.127371297466665,0.5078125,0.359375,8.959423137370981,0.2265625,11.142061886138778,0.6640625,0.109375,-9.889793047107489,128,0.28125,0.84375,0.1484375,-4.305907985575511,0.734375,0.1171875,2.8543942741657524
608718,"Suter, Brent",2026,"FF","Angels","L","1.076874125",0.03937007874015748,0.2204724409448819,0.12598425196850394,-6.213654920517481,0.7244094488188977,0.14960629921259844,7.663055059179533,0.007874015748031496,8.244344538756888,0.5433070866141733,0.44881889763779526,-11.970835209210033,127,0.16535433070866143,0.7795275590551181,0.023622047244094488,-2.779648688929228,0.6220472440944882,0.3543307086614173,2.901278608617605
680767,"Vodnik, Victor",2026,"FF","Rockies","R","0.748590073",0.05511811023622047,0.33070866141732286,0.05511811023622047,-5.480750336836843,0.7637795275590551,0.18110236220472442,6.029729200203734,0,,0.7480314960629921,0.25196850393700787,-9.56851001993238,127,0.2125984251968504,0.9291338582677166,0.047244094488188976,-2.500474926576578,0.6220472440944882,0.33070866141732286,3.003793042298155
669270,"Kuhnel, Joel",2026,"SI","zMLB","R","1.448692559",0.007874015748031496,0.33858267716535434,0.16535433070866143,-5.579756527397957,0.6850393700787402,0.14960629921259844,6.917599190099853,0.007874015748031496,8.338454908146026,0.8818897637795275,0.11023622047244094,-8.71053056183734,127,0.12598425196850394,0.9763779527559056,0.14960629921259844,-2.788417105083211,0.7322834645669292,0.11811023622047244,2.54333539404624
596133,"Weaver, Luke",2026,"CH","Mets","R","3.852839644",0.18110236220472442,0.16535433070866143,0.015748031496062992,-4.889116789138781,0.4409448818897638,0.5433070866141733,8.679210371947146,0.49606299212598426,11.435296238901238,0.4881889763779528,0.015748031496062992,-8.519452465948909,127,0.3937007874015748,0.9763779527559056,0.31496062992125984,-3.3507870418110577,0.6377952755905512,0.047244094488188976,2.459609960573545
676440,"Bibee, Tanner",2026,"CH","Guardians","R","3.903635414",0.06299212598425197,0.11023622047244094,0.015748031496062992,-6.092918880541731,0.4330708661417323,0.5511811023622047,9.62452395353873,0.6929133858267716,13.942258720321117,0.29133858267716534,0.015748031496062992,-13.674403933673464,127,0.33858267716535434,0.8976377952755905,0.08661417322834646,-2.60213177692289,0.7086614173228346,0.2047244094488189,2.8097538680723444
663436,"Martin, Davis",2026,"CH","White Sox","R","1.598454592",0.031496062992125984,0.3228346456692913,0.09448818897637795,-5.257575784433572,0.6850393700787402,0.2204724409448819,5.628218413264762,0.08661417322834646,8.812478278358828,0.8346456692913385,0.07874015748031496,-10.446165580457146,127,0.14960629921259844,0.952755905511811,0.2047244094488189,-3.0558455977027252,0.7559055118110236,0.03937007874015748,3.261470944904744
608718,"Suter, Brent",2026,"SI","Angels","L","1.031699969",0.047244094488188976,0.2755905511811024,0.07874015748031496,-5.629454449712637,0.7716535433070866,0.14960629921259844,6.206405255891765,0.007874015748031496,7.583781257536562,0.5905511811023622,0.4015748031496063,-9.73648016418199,127,0.12598425196850394,0.905511811023622,0.03937007874015748,-3.010257217690119,0.6614173228346457,0.2992125984251969,2.8374704519637803
650556,"Abreu, Bryan",2026,"SL","Astros","R","5.384069571",0.11023622047244094,0.2283464566929134,0.11023622047244094,-7.272914865244238,0.6456692913385826,0.2440944881889764,9.252565680398128,0.2755905511811024,11.825074748154243,0.6456692913385826,0.07874015748031496,-11.358735089929915,127,0.3543307086614173,0.8503937007874016,0.33858267716535434,-5.53715494002646,0.5905511811023622,0.07086614173228346,3.219007381856241
701542,"Warren, Will",2026,"ST","Yankees","R","5.647815482",0.07086614173228346,0.25984251968503935,0.08661417322834646,-6.457690403520705,0.5905511811023622,0.3228346456692913,10.070833624964454,0.33070866141732286,13.267518120130818,0.6141732283464567,0.05511811023622047,-9.63268903665175,127,0.2204724409448819,0.8661417322834646,0.11023622047244094,-4.534127123696619,0.7716535433070866,0.11811023622047244,2.7562571496970087
489446,"Yates, Kirby",2026,"FF","Angels","R","0.841749746",0.031496062992125984,0.2125984251968504,0.13385826771653545,-6.204889335501814,0.8188976377952756,0.047244094488188976,6.489443366525709,0.015748031496062992,8.558930988479315,0.7480314960629921,0.23622047244094488,-10.237241446292723,127,0.3700787401574803,0.9448818897637795,0,,0.49606299212598426,0.5039370078740157,3.0849476677539114
688642,"Agnos, Zach",2026,"FC","Rockies","R","1.696254214",0.015748031496062992,0.30708661417322836,0.09448818897637795,-5.0481383968782785,0.7086614173228346,0.1968503937007874,7.403251562471326,0.07086614173228346,9.4512726053242,0.8267716535433071,0.10236220472440945,-10.752264799995848,127,0.15748031496062992,0.9448818897637795,0.05511811023622047,-2.886355641710351,0.7322834645669292,0.2125984251968504,3.0411389906088977
681517,"Leahy, Kyle",2026,"SL","Cardinals","R","2.272112673",0.05511811023622047,0.2677165354330709,0.07086614173228346,-5.060931097300148,0.7716535433070866,0.15748031496062992,8.0372322178727,0.09448818897637795,11.012218546185645,0.7480314960629921,0.15748031496062992,-11.11422469231529,127,0.2047244094488189,0.905511811023622,0.09448818897637795,-3.926814495507029,0.7086614173228346,0.1968503937007874,3.053288233198771
573204,"Thielbar, Caleb",2026,"FF","Cubs","L","0.882829196",0.031496062992125984,0.2125984251968504,0.06299212598425197,-4.9174392517654955,0.8110236220472441,0.12598425196850394,6.219480303054762,0.023622047244094488,9.661532837197202,0.7874015748031497,0.1889763779527559,-10.065779933276573,127,0.2440944881889764,0.937007874015748,0.031496062992125984,-2.4228211493580707,0.5039370078740157,0.4645669291338583,2.9249393446489655
695418,"Lord, Brad",2026,"SI","Nationals","R","1.040848378",0.047619047619047616,0.19047619047619047,0.19047619047619047,-6.060689413450509,0.6666666666666666,0.14285714285714285,6.491840700624066,0,,0.5555555555555556,0.4444444444444444,-10.083638650963769,126,0.12698412698412698,0.9206349206349206,0.047619047619047616,-2.804083527498915,0.7619047619047619,0.19047619047619047,2.8873809514552335
660761,"Suarez, José",2026,"CH","zMLB","L","4.283804134",0.21428571428571427,0.11904761904761904,0.023809523809523808,-5.295766937996284,0.4444444444444444,0.5317460317460317,9.730718045878115,0.6507936507936508,12.67010677739117,0.3412698412698413,0.007936507936507936,-12.391498163792555,126,0.4126984126984127,0.9206349206349206,0.3492063492063492,-3.035232335744045,0.5873015873015873,0.06349206349206349,2.721935465402824
669302,"Gilbert, Logan",2026,"FS","Mariners","R","4.38794908",0.15873015873015872,0.10317460317460317,0.0873015873015873,-6.6920264442441635,0.3968253968253968,0.5158730158730159,9.083950293413514,0.6746031746031746,13.819797431834582,0.31746031746031744,0.007936507936507936,-9.459011993928605,126,0.3888888888888889,0.8253968253968254,0.30952380952380953,-3.6069368743952896,0.6190476190476191,0.07142857142857142,2.4424068944018633
628452,"Iglesias, Raisel",2026,"FF","Braves","R","1.009837546",0.06349206349206349,0.18253968253968253,0.05555555555555555,-5.020706210470016,0.7301587301587301,0.21428571428571427,6.087856651690012,0.031746031746031744,9.430454615609458,0.6666666666666666,0.30158730158730157,-9.6774393539511,126,0.2777777777777778,0.9444444444444444,0.007936507936507936,-2.139634285535079,0.46825396825396826,0.5238095238095238,3.1254631159491026
677865,"Bruihl, Justin",2026,"ST","Cardinals","L","3.348936953",0.10317460317460317,0.15079365079365079,0.03968253968253968,-6.049419896483264,0.5634920634920635,0.3968253968253968,7.920681590421292,0.5396825396825397,13.990870168378454,0.42857142857142855,0.031746031746031744,-11.153987782812528,126,0.23809523809523808,0.9047619047619048,0.16666666666666666,-3.559488882352676,0.6507936507936508,0.18253968253968253,2.5644021847478693
690997,"McLean, Nolan",2026,"CU","Mets","R","2.574509767",0.104,0.136,0.064,-6.7716392717287075,0.672,0.264,7.308360609103763,0.488,11.417552287334443,0.456,0.056,-11.12591361745792,125,0.424,0.88,0.544,-3.6339757578542344,0.448,0.008,2.78500367997521
594580,"Moll, Sam",2026,"SI","Reds","L","1.239361335",0.032,0.28,0.12,-6.109845438692215,0.728,0.152,6.02604558679683,0.024,9.170894808543368,0.76,0.216,-11.45399301583373,125,0.128,0.928,0.152,-2.50396696219751,0.744,0.104,2.493827484559277
605400,"Nola, Aaron",2026,"CH","Phillies","R","3.995478195",0.128,0.208,0.008,-9.445161104974096,0.432,0.56,7.94007346781816,0.4,11.906766595399558,0.576,0.024,-9.257443592294377,125,0.272,0.976,0.272,-2.902679812966522,0.64,0.088,2.552752370324653
665795,"Cabrera, Edward",2026,"SI","Cubs","R","0.881239162",0.016,0.36,0.16,-6.144291590265189,0.696,0.144,5.896242052230398,0,,0.888,0.112,-10.25041006014886,125,0.08,0.96,0.064,-2.469633812227979,0.744,0.192,2.4809799918386655
621237,"Alvarado, José",2026,"FC","Phillies","L","3.686382632",0.13709677419354838,0.08870967741935484,0.16129032258064516,-6.003227537552723,0.5080645161290323,0.33064516129032256,8.785137994769867,0.3225806451612903,11.31902800998161,0.6290322580645161,0.04838709677419355,-10.749101091666972,124,0.4112903225806452,0.8548387096774194,0.3790322580645161,-4.055599764196206,0.532258064516129,0.08870967741935484,3.033434967020232
696519,"Natera Jr., Samy",2026,"FF","Angels","L","1.072906828",0.03225806451612903,0.18548387096774194,0.06451612903225806,-5.02933637717316,0.7983870967741935,0.13709677419354838,6.401508986734792,0.024193548387096774,8.423544942891006,0.8064516129032258,0.1693548387096774,-9.499194486495709,124,0.33064516129032256,0.967741935483871,0,,0.43548387096774194,0.5645161290322581,3.2197241086473958
656288,"Canning, Griffin",2026,"CH","Padres","R","1.693385394",0.06451612903225806,0.33064516129032256,0.024193548387096774,-5.3447707821793395,0.6532258064516129,0.3225806451612903,6.63477091787147,0.12096774193548387,10.070327960534332,0.8145161290322581,0.06451612903225806,-9.972886621553899,124,0.25,0.9274193548387096,0.3387096774193548,-3.0243292164117372,0.6048387096774194,0.056451612903225805,2.459372975198721
657756,"Seabold, Connor",2026,"FF","zMLB","R","1.004914608",0.024390243902439025,0.23577235772357724,0.06504065040650407,-5.7529339782291435,0.8292682926829268,0.10569105691056911,5.545786729966166,0.008130081300813009,8.435002915341363,0.7317073170731707,0.2601626016260163,-9.776032640594371,123,0.17886178861788618,0.9349593495934959,0,,0.6097560975609756,0.3902439024390244,2.943636278389459
815083,"Farris, Mitch",2026,"FF","Angels","L","0.969719903",0.016260162601626018,0.2845528455284553,0.06504065040650407,-5.328616673432251,0.8373983739837398,0.0975609756097561,6.199224951844942,0.024390243902439025,9.199276057794105,0.7642276422764228,0.21138211382113822,-9.932919276347683,123,0.16260162601626016,0.9349593495934959,0,,0.6422764227642277,0.35772357723577236,2.949086232348453
694819,"Misiorowski, Jacob",2026,"FC","Brewers","R","3.211878515",0.032520325203252036,0.21138211382113822,0.25203252032520324,-8.17586423765144,0.6260162601626016,0.12195121951219512,7.559884705411171,0.06504065040650407,9.440185306363615,0.7886178861788617,0.14634146341463414,-9.701439000178981,123,0.21951219512195122,0.9349593495934959,0.24390243902439024,-4.4309525638069065,0.6585365853658537,0.0975609756097561,2.963442440276306
592791,"Taillon, Jameson",2026,"ST","Cubs","R","4.517502561",0.13008130081300814,0.11382113821138211,0.016260162601626018,-4.877892371438136,0.44715447154471544,0.5365853658536586,9.274272868432892,0.6910569105691057,14.156750156882472,0.3089430894308943,0,,123,0.3333333333333333,0.8536585365853658,0.15447154471544716,-4.242583996184226,0.7073170731707317,0.13821138211382114,2.551953759676012
681217,"Silseth, Chase",2026,"FF","Angels","R","0.913630031",0.056910569105691054,0.17073170731707318,0.10569105691056911,-5.44949560624794,0.7804878048780488,0.11382113821138211,8.352409611674652,0,,0.7154471544715447,0.2845528455284553,-11.311049593919455,123,0.3821138211382114,0.8780487804878049,0,,0.3821138211382114,0.6178861788617886,3.0723077175472384
527048,"Pérez, Martín",2026,"FC","Braves","L","1.801061012",0.06504065040650407,0.3089430894308943,0.08943089430894309,-6.403222624956804,0.7560975609756098,0.15447154471544716,7.710936414550508,0.15447154471544716,11.573126809435001,0.7154471544715447,0.13008130081300814,-11.311493058505553,123,0.21138211382113822,0.943089430894309,0.0975609756097561,-2.753546476018843,0.6585365853658537,0.24390243902439024,3.075550549485989
664875,"Lawrence, Justin",2026,"SI","zMLB","R","2.920541973",0.032520325203252036,0.3333333333333333,0.10569105691056911,-6.0840780875754445,0.6422764227642277,0.25203252032520324,8.86356200529159,0.032520325203252036,9.592351426823887,0.7560975609756098,0.21138211382113822,-10.97194081998357,123,0.12195121951219512,0.9349593495934959,0.04065040650406504,-2.819734971013173,0.8048780487804879,0.15447154471544716,2.8528621088502555
676775,"Winn, Keaton",2026,"FS","Giants","R","3.383442994",0.08943089430894309,0.18699186991869918,0.056910569105691054,-6.508324161781117,0.5528455284552846,0.3902439024390244,8.10479246009913,0.35772357723577236,11.610666173278336,0.6097560975609756,0.032520325203252036,-9.58992348512272,123,0.37398373983739835,0.959349593495935,0.3170731707317073,-3.749769873132287,0.6666666666666666,0.016260162601626018,2.8570184663582827
518876,"Kelly, Merrill",2026,"FC","Diamondbacks","R","1.06571826",0,0.3333333333333333,0.0975609756097561,-5.109839722001326,0.7723577235772358,0.13008130081300814,6.063955292240988,0.08943089430894309,8.780740675690122,0.8699186991869918,0.04065040650406504,-8.792083697716054,123,0.13821138211382114,0.991869918699187,0.008130081300813009,-2.1959361018294277,0.6747967479674797,0.3170731707317073,2.804745942802478
681035,"Scott, Christian",2026,"ST","Mets","R","4.494450969",0.11382113821138211,0.11382113821138211,0.04065040650406504,-5.761551089565014,0.5040650406504065,0.45528455284552843,9.19191273777478,0.5447154471544715,12.871409244161292,0.42276422764227645,0.032520325203252036,-10.371513632259255,123,0.34146341463414637,0.9105691056910569,0.13821138211382114,-4.315240157125291,0.6178861788617886,0.24390243902439024,2.8221806530830262
669372,"Ginn, J.T.",2026,"SL","Athletics","R","5.211431418",0.13821138211382114,0.21951219512195122,0.04065040650406504,-5.339331803778065,0.5203252032520326,0.43902439024390244,10.400369666339657,0.35772357723577236,13.08317376291207,0.6097560975609756,0.032520325203252036,-8.801998433306947,123,0.3252032520325203,0.9024390243902439,0.23577235772357724,-3.6864925853306,0.6910569105691057,0.07317073170731707,3.006409603029262
699823,"Davis, Tyler",2026,"FF","White Sox","R","1.082043314",0.04065040650406504,0.24390243902439024,0.06504065040650407,-5.882130252113132,0.8292682926829268,0.10569105691056911,7.5847503285943105,0.008130081300813009,7.567019597916557,0.7642276422764228,0.22764227642276422,-10.483473551165602,123,0.2601626016260163,0.8617886178861789,0,,0.5121951219512195,0.4878048780487805,3.172089004367013
605288,"Houser, Adrian",2026,"FF","Giants","R","0.960588398",0.06557377049180328,0.27049180327868855,0.06557377049180328,-5.418499599727242,0.7868852459016393,0.14754098360655737,7.288801453550465,0.01639344262295082,8.151877963767527,0.7295081967213115,0.2540983606557377,-11.218137894900076,122,0.20491803278688525,0.8442622950819673,0,,0.6147540983606558,0.38524590163934425,3.164387157559279
622554,"Domínguez, Seranthony",2026,"FF","White Sox","R","1.112477588",0.040983606557377046,0.18032786885245902,0.1557377049180328,-6.047979361258551,0.6639344262295082,0.18032786885245902,6.759151450310079,0.01639344262295082,8.220779493717693,0.7950819672131147,0.1885245901639344,-8.986160581731294,122,0.26229508196721313,0.9754098360655737,0.00819672131147541,-2.214925279405529,0.5245901639344263,0.4672131147540984,3.1060406862420775
656492,"Griffin, Foster",2026,"ST","Nationals","L","4.733400781",0.16393442622950818,0.18032786885245902,0.04918032786885246,-6.688472745516299,0.5901639344262295,0.36065573770491804,9.910009626235038,0.5573770491803278,13.049159143245818,0.4180327868852459,0.02459016393442623,-9.491092101759188,122,0.36065573770491804,0.8770491803278688,0.26229508196721313,-3.6517067241534984,0.6065573770491803,0.13114754098360656,2.7385297642974438
669622,"Bender, Anthony",2026,"ST","Marlins","R","5.599758678",0.08196721311475409,0.2786885245901639,0.05737704918032787,-5.432493052490567,0.5983606557377049,0.3442622950819672,11.02028094049805,0.3442622950819672,12.428297869818056,0.5655737704918032,0.09016393442622951,-11.830208405212343,122,0.26229508196721313,0.8114754098360656,0.13934426229508196,-3.5090309724045907,0.7049180327868853,0.1557377049180328,2.74155786677299
554430,"Wheeler, Zack",2026,"SI","Phillies","R","1.062227922",0.01639344262295082,0.22950819672131148,0.3524590163934426,-6.775444594818767,0.5409836065573771,0.10655737704918032,7.668360444175296,0.00819672131147541,7.74886274243206,0.7049180327868853,0.28688524590163933,-10.471355521542478,122,0.09016393442622951,0.8934426229508197,0.09836065573770492,-2.8841702542947,0.7704918032786885,0.13114754098360656,2.613348885655501
676263,"Dreyer, Jack",2026,"SL","Dodgers","L","2.397484459",0.05737704918032787,0.2540983606557377,0.04918032786885246,-5.2822227626798615,0.6721311475409836,0.2786885245901639,7.324900692737154,0.14754098360655737,10.005353767091853,0.7704918032786885,0.08196721311475409,-11.135439056231682,122,0.29508196721311475,0.9344262295081968,0.2459016393442623,-3.775365705292432,0.6147540983606558,0.13934426229508196,2.9540498436153446
684007,"Imanaga, Shota",2026,"ST","Cubs","L","6.793191069",0.10655737704918032,0.13114754098360656,0.09836065573770492,-7.088575922658345,0.5491803278688525,0.3524590163934426,12.029287452815637,0.45081967213114754,14.187755052885421,0.5,0.04918032786885246,-12.123955704429456,122,0.319672131147541,0.7868852459016393,0.1885245901639344,-4.450354961124666,0.6475409836065574,0.16393442622950818,2.6933166114643785
686790,"McDonald, Trevor",2026,"SL","Giants","R","5.653963115",0.12295081967213115,0.19672131147540983,0.14754098360655737,-6.845346408704285,0.5163934426229508,0.3360655737704918,11.457825113851516,0.28688524590163933,12.721641334791883,0.6475409836065574,0.06557377049180328,-10.685084288508529,122,0.39344262295081966,0.8442622950819673,0.3524590163934426,-4.384130712592245,0.5573770491803278,0.09016393442622951,3.233599036811444
702070,"Cameron, Noah",2026,"CU","Royals","L","4.499543154",0.10655737704918032,0.23770491803278687,0.13934426229508196,-6.507635113671516,0.6475409836065574,0.21311475409836064,9.30878819283785,0.23770491803278687,11.701671893443335,0.5901639344262295,0.1721311475409836,-12.612635699727809,122,0.319672131147541,0.8360655737704918,0.3524590163934426,-4.741598385517502,0.5491803278688525,0.09836065573770492,3.0064766806221788
694973,"Skenes, Paul",2026,"FS","Pirates","R","1.973499917",0.04918032786885246,0.22950819672131148,0.05737704918032787,-5.717127492632627,0.5901639344262295,0.3524590163934426,5.791567021521037,0.09836065573770492,9.573544377604287,0.8442622950819673,0.05737704918032787,-13.24399065225605,122,0.1885245901639344,0.9344262295081968,0.39344262295081966,-2.9903440836892856,0.5573770491803278,0.04918032786885246,2.8025707699029514
643377,"Jax, Griffin",2026,"SI","Rays","R","2.277091237",0.03305785123966942,0.3305785123966942,0.21487603305785125,-5.835912513042468,0.6198347107438017,0.1652892561983471,6.557832660860477,0.03305785123966942,9.837212483726521,0.8264462809917356,0.14049586776859505,-10.419243044649276,121,0.1487603305785124,0.9173553719008265,0.14049586776859505,-3.5272263178009946,0.7107438016528925,0.1487603305785124,2.807258234669502
693686,"Miles, Spencer",2026,"CU","Blue Jays","R","2.32981439",0.08264462809917356,0.17355371900826447,0.08264462809917356,-5.407203185617531,0.6694214876033058,0.24793388429752067,7.40657003038323,0.4214876033057851,12.223265275897413,0.5537190082644629,0.024793388429752067,-8.950786766029157,121,0.21487603305785125,0.9090909090909091,0.2975206611570248,-2.724782590534805,0.6611570247933884,0.04132231404958678,2.5126461858411093
694973,"Skenes, Paul",2026,"ST","Pirates","R","3.470250044",0.05785123966942149,0.11570247933884298,0.03305785123966942,-5.598100190087398,0.6446280991735537,0.32231404958677684,9.039359969850329,0.4049586776859504,12.845741933602616,0.5619834710743802,0.03305785123966942,-11.233006532758486,121,0.2975206611570248,0.8512396694214877,0.11570247933884298,-3.974405831589361,0.6198347107438017,0.2644628099173554,2.7918530475851826
670245,"Watson, Ryan",2026,"FC","Red Sox","R","1.534022349",0.01652892561983471,0.2396694214876033,0.0743801652892562,-6.275666496580917,0.7272727272727273,0.19834710743801653,6.952872758447811,0.12396694214876033,9.867882582218966,0.7107438016528925,0.1652892561983471,-9.86997517312371,121,0.1652892561983471,0.9421487603305785,0.09090909090909091,-2.7988849629458232,0.7355371900826446,0.17355371900826447,2.930707788802023
666157,"Lodolo, Nick",2026,"SI","Reds","L","1.023335501",0.024793388429752067,0.33884297520661155,0.08264462809917356,-4.769105584830716,0.7355371900826446,0.18181818181818182,7.053974009962191,0.008264462809917356,8.59326790493036,0.7768595041322314,0.21487603305785125,-10.832982610257163,121,0.09917355371900827,0.9504132231404959,0.049586776859504134,-2.438333858276434,0.7107438016528925,0.2396694214876033,2.692229669616393
674841,"Alvarez, Andrew",2026,"CU","Nationals","L","5.604435783",0.06666666666666667,0.21666666666666667,0.175,-6.414606562668726,0.6583333333333333,0.16666666666666666,8.855093205337447,0.20833333333333334,11.953101704386555,0.6916666666666667,0.1,-10.82308346825741,120,0.325,0.8416666666666667,0.375,-5.782320458736584,0.5833333333333334,0.041666666666666664,2.6415174329940885
642701,"Santana, Dennis",2026,"SL","Pirates","R","4.63974516",0.16666666666666666,0.15833333333333333,0.05,-7.916791346093928,0.5666666666666667,0.38333333333333336,9.964729257695863,0.5,12.914239605568449,0.44166666666666665,0.058333333333333334,-10.317320067218255,120,0.38333333333333336,0.8833333333333333,0.23333333333333334,-4.2072246452021,0.6333333333333333,0.13333333333333333,2.8273814350608584
679883,"Avila, Luinder",2026,"FF","Royals","R","1.564630769",0.025,0.25,0.19166666666666668,-6.022089456925157,0.725,0.08333333333333333,7.400545490158117,0.025,9.93625848953313,0.7916666666666666,0.18333333333333332,-9.816221692622372,120,0.175,0.95,0.041666666666666664,-2.991157186610408,0.7083333333333334,0.25,3.2072585188645384
667297,"Nance, Tommy",2026,"SL","zMLB","R","4.654563948",0.1,0.2,0.041666666666666664,-7.640832235313303,0.5,0.4583333333333333,9.557368216029648,0.31666666666666665,11.686138518057566,0.625,0.058333333333333334,-9.266752478184772,120,0.35833333333333334,0.8833333333333333,0.225,-3.8594136881625216,0.7416666666666667,0.03333333333333333,3.196506999819877
608566,"Márquez, Germán",2026,"CU","Padres","R","5.52998288",0.09166666666666666,0.16666666666666666,0.08333333333333333,-6.034870248226204,0.675,0.24166666666666667,10.122698175779764,0.4,12.00445773252371,0.55,0.05,-8.563408478334605,120,0.26666666666666666,0.8833333333333333,0.2,-4.791062055566693,0.7083333333333334,0.09166666666666666,2.893182783717086
676083,"Junk, Janson",2026,"SL","Marlins","R","1.632778094",0.041666666666666664,0.275,0.1,-5.907841395139309,0.725,0.175,6.212707796556836,0.14166666666666666,9.999610151681905,0.7333333333333333,0.125,-12.024289251251586,120,0.175,0.925,0.11666666666666667,-3.7825431096078095,0.6833333333333333,0.2,2.636664637619702
607625,"Lugo, Seth",2026,"FF","Royals","R","0.797552665",0.04201680672268908,0.2605042016806723,0,,0.8067226890756303,0.19327731092436976,6.6082553511527475,0.058823529411764705,7.666599739110913,0.6974789915966386,0.24369747899159663,-11.105665193729273,119,0.15966386554621848,0.8991596638655462,0.025210084033613446,-2.249058315743341,0.5882352941176471,0.3865546218487395,2.786616147642773
663623,"Irvin, Jake",2026,"FF","Nationals","R","1.040314755",0.04201680672268908,0.21008403361344538,0.07563025210084033,-6.271003165488985,0.8067226890756303,0.11764705882352941,9.38746431888997,0.025210084033613446,8.704882291736983,0.6722689075630253,0.3025210084033613,-9.709082017756014,119,0.25210084033613445,0.8487394957983193,0.01680672268907563,-2.218166244440208,0.5042016806722689,0.4789915966386555,2.875262245218007
669461,"Liberatore, Matthew",2026,"CH","Cardinals","L","2.325712523",0.07627118644067797,0.2288135593220339,0,,0.5169491525423728,0.4830508474576271,7.355746443204532,0.3728813559322034,10.534841956184392,0.576271186440678,0.05084745762711865,-10.699760779021787,118,0.2288135593220339,0.9661016949152542,0.11016949152542373,-2.633351202279532,0.7542372881355932,0.13559322033898305,2.850281480168041
683004,"Leiter, Jack",2026,"CH","Rangers","R","3.076167931",0.11864406779661017,0.2627118644067797,0.07627118644067797,-6.5046827125326185,0.5508474576271186,0.3728813559322034,7.016833978854119,0.2711864406779661,10.691390112897547,0.6271186440677966,0.1016949152542373,-10.180204129213141,118,0.3135593220338983,0.923728813559322,0.2711864406779661,-4.051811022652389,0.635593220338983,0.09322033898305085,2.77994722229484
808967,"Yamamoto, Yoshinobu",2026,"FC","Dodgers","R","2.026216579",0.0423728813559322,0.19491525423728814,0.2796610169491525,-6.6542044049992395,0.5254237288135594,0.19491525423728814,8.0781052620841,0.05084745762711865,10.716241500925564,0.7966101694915254,0.15254237288135594,-9.16493987588279,118,0.23728813559322035,0.9322033898305084,0.11016949152542373,-3.1750263627392337,0.7033898305084746,0.1864406779661017,3.180144276340376
695076,"Lowder, Rhett",2026,"FF","Reds","R","1.17243302",0.059322033898305086,0.3305084745762712,0.09322033898305085,-5.404405986458463,0.8135593220338984,0.09322033898305085,7.4155719739676655,0,,0.7796610169491526,0.22033898305084745,-10.555609535121965,118,0.1271186440677966,0.9322033898305084,0,,0.6186440677966102,0.3813559322033898,2.87417065695251
683175,"Phillips, Connor",2026,"ST","Reds","R","7.593530005",0.1016949152542373,0.2033898305084746,0.05084745762711865,-8.093084999318215,0.6016949152542372,0.3474576271186441,14.321719413244152,0.5,14.191929607370456,0.4745762711864407,0.025423728813559324,-10.52754753475137,118,0.3728813559322034,0.8813559322033898,0.2033898305084746,-5.421012603423866,0.6610169491525424,0.13559322033898305,2.7283867549286467
628452,"Iglesias, Raisel",2026,"CH","Braves","R","3.708330412",0.11864406779661017,0.17796610169491525,0.025423728813559324,-5.709828930625901,0.4491525423728814,0.5254237288135594,9.01746595397526,0.5169491525423728,11.879031737820892,0.4830508474576271,0,,118,0.4067796610169492,0.9576271186440678,0.2288135593220339,-3.3052101271190426,0.7203389830508474,0.05084745762711865,2.963740646536445
677960,"Weathers, Ryan",2026,"SL","Yankees","L","3.418376804",0.11016949152542373,0.22033898305084745,0.11864406779661017,-5.516958642963801,0.652542372881356,0.2288135593220339,10.510002024118194,0.2966101694915254,11.86636707908316,0.635593220338983,0.06779661016949153,-10.530895586057497,118,0.3728813559322034,0.8728813559322034,0.2711864406779661,-4.020745484062366,0.635593220338983,0.09322033898305085,3.5853037771248077
681810,"Warren, Austin",2026,"ST","Mets","R","4.663693099",0.05084745762711865,0.19491525423728814,0.07627118644067797,-5.932901320830539,0.5169491525423728,0.4067796610169492,9.556301443583843,0.23728813559322035,10.09983175682639,0.6440677966101694,0.11864406779661017,-10.194348780225443,118,0.2711864406779661,0.8220338983050848,0.06779661016949153,-3.967730223561964,0.6864406779661016,0.2457627118644068,2.592236077519142
622663,"Severino, Luis",2026,"SI","Athletics","R","0.93476137",0.042735042735042736,0.28205128205128205,0.17094017094017094,-6.21415788816995,0.6837606837606838,0.1452991452991453,9.855349285552382,0,,0.7094017094017094,0.2905982905982906,-10.29490020683216,117,0.15384615384615385,0.9230769230769231,0.017094017094017096,-5.8844996415195485,0.7264957264957265,0.2564102564102564,2.913099146596177
669373,"Skubal, Tarik",2026,"SI","Tigers","L","1.473324624",0.05128205128205128,0.21367521367521367,0.1452991452991453,-6.091269518507993,0.7777777777777778,0.07692307692307693,6.887652448123051,0.008547008547008548,7.474806707831312,0.6410256410256411,0.3504273504273504,-10.410573645609267,117,0.19658119658119658,0.8461538461538461,0.06837606837606838,-2.556544232451476,0.6068376068376068,0.3247863247863248,3.066726729799897
543243,"Gray, Sonny",2026,"FF","Red Sox","R","1.230312287",0.017094017094017096,0.41025641025641024,0.1452991452991453,-5.395782742076314,0.7435897435897436,0.1111111111111111,6.673660746164336,0.05128205128205128,9.175568626726259,0.811965811965812,0.13675213675213677,-10.342195229770171,117,0.1111111111111111,0.8974358974358975,0.06837606837606838,-3.0616004955251603,0.7606837606837606,0.17094017094017094,2.9684127475900843
687562,"Bennett, Jake",2026,"CH","Red Sox","L","4.29458188",0.1111111111111111,0.1111111111111111,0.042735042735042736,-5.6981781568864935,0.42735042735042733,0.5299145299145299,10.421199925203036,0.6153846153846154,12.973101386312624,0.3504273504273504,0.03418803418803419,-9.099608025867731,117,0.3504273504273504,0.9145299145299145,0.17094017094017094,-3.1402400144876887,0.6923076923076923,0.13675213675213677,2.83869958441472
622663,"Severino, Luis",2026,"FF","Athletics","R","0.936600066",0.06837606837606838,0.1794871794871795,0.05128205128205128,-5.30550260418861,0.7692307692307693,0.1794871794871795,6.460337109538875,0,,0.6581196581196581,0.3418803418803419,-10.567240417580244,117,0.26495726495726496,0.9316239316239316,0,,0.5213675213675214,0.47863247863247865,3.1367166047304877
624133,"Suarez, Ranger",2026,"FF","Red Sox","L","0.890236514",0.042735042735042736,0.18803418803418803,0.10256410256410256,-5.955709286084636,0.7094017094017094,0.18803418803418803,6.093805752414615,0,,0.6923076923076923,0.3076923076923077,-11.559792243695803,117,0.18803418803418803,0.8888888888888888,0.02564102564102564,-2.4278732577351603,0.6666666666666666,0.3076923076923077,3.0879290948218707
683003,"Jones, Jared",2026,"SL","Pirates","R","3.320682937",0.15517241379310345,0.19827586206896552,0.08620689655172414,-6.033686187638601,0.6293103448275862,0.28448275862068967,9.214595255597064,0.4051724137931034,10.749115183842386,0.5172413793103449,0.07758620689655173,-10.970617828420927,116,0.3706896551724138,0.9051724137931034,0.33620689655172414,-3.371496694953113,0.5775862068965517,0.08620689655172414,3.2085086396690614
548384,"Raley, Brooks",2026,"ST","Mets","L","4.340305086",0.09482758620689655,0.1896551724137931,0.07758620689655173,-7.484733300169814,0.646551724137931,0.27586206896551724,8.910378558298303,0.4482758620689655,12.762707120438414,0.45689655172413796,0.09482758620689655,-9.829805804073581,116,0.21551724137931033,0.8879310344827587,0.10344827586206896,-4.136467744017538,0.6982758620689655,0.19827586206896552,2.9575970512867107
678394,"Bello, Brayan",2026,"CH","Red Sox","R","3.553622413",0.09482758620689655,0.19827586206896552,0.034482758620689655,-6.761207766705185,0.5,0.46551724137931033,8.242187112813069,0.5344827586206896,11.109696586660663,0.4396551724137931,0.02586206896551724,-9.892016898552672,116,0.28448275862068967,0.9396551724137931,0.19827586206896552,-3.0971793425909633,0.7413793103448276,0.0603448275862069,2.3563848379717722
622088,"Antone, Tejay",2026,"ST","Reds","R","5.529169474",0.13793103448275862,0.14655172413793102,0.11206896551724138,-5.459196329547752,0.46551724137931033,0.4224137931034483,10.726121753086272,0.4224137931034483,13.263445380780832,0.5,0.07758620689655173,-11.630987059102244,116,0.3448275862068966,0.8620689655172413,0.1724137931034483,-4.346555277560794,0.5862068965517241,0.2413793103448276,2.52448811017929
685299,"Gordon, Tanner",2026,"SL","Rockies","R","2.488872497",0.04310344827586207,0.27586206896551724,0.06896551724137931,-4.722841525915716,0.6120689655172413,0.31896551724137934,7.634726926568284,0.19827586206896552,11.292018615375191,0.7413793103448276,0.0603448275862069,-9.478110754741277,116,0.23275862068965517,0.9482758620689655,0.12931034482758622,-3.091555301085834,0.6982758620689655,0.1724137931034483,2.65429101027699
675660,"Drohan, Shane",2026,"SI","Brewers","L","0.987624367",0.017241379310344827,0.3620689655172414,0.10344827586206896,-6.022361668282931,0.6810344827586207,0.21551724137931033,6.016559055982513,0.02586206896551724,7.323737569104485,0.7844827586206896,0.1896551724137931,-9.800670726205034,116,0.13793103448275862,0.9568965517241379,0.08620689655172414,-3.041904844519961,0.8189655172413793,0.09482758620689655,2.904349567122378
683004,"Leiter, Jack",2026,"SL","Rangers","R","5.268745525",0.16379310344827586,0.29310344827586204,0.05172413793103448,-5.786824726944084,0.6724137931034483,0.27586206896551724,11.037672217348627,0.41379310344827586,11.367318980216677,0.5258620689655172,0.0603448275862069,-8.29809346957867,116,0.3275862068965517,0.853448275862069,0.29310344827586204,-4.393102428355731,0.6293103448275862,0.07758620689655173,2.492115055165589
547973,"Chapman, Aroldis",2026,"SI","Red Sox","L","0.844404434",0.017241379310344827,0.1810344827586207,0.06896551724137931,-5.5745466146429115,0.6724137931034483,0.25862068965517243,6.150745904946229,0,,0.7844827586206896,0.21551724137931033,-10.149368571194657,116,0.28448275862068967,0.896551724137931,0.017241379310344827,-2.3628609519631576,0.4827586206896552,0.5,2.97534561434647
686973,"Varland, Louis",2026,"CU","Blue Jays","R","5.114597687",0.15517241379310345,0.1810344827586207,0.06896551724137931,-6.140435861042212,0.5258620689655172,0.4051724137931034,8.044101935537926,0.29310344827586204,11.53474334285968,0.646551724137931,0.0603448275862069,-10.09406731183075,116,0.39655172413793105,0.8793103448275862,0.46551724137931033,-4.766076445081564,0.4827586206896552,0.05172413793103448,2.760798268607515
552640,"Kittredge, Andrew",2026,"SL","Orioles","R","3.237117947",0.05217391304347826,0.1826086956521739,0.043478260869565216,-6.735151743993965,0.6173913043478261,0.3391304347826087,8.822839207263284,0.2608695652173913,11.239429893465738,0.6521739130434783,0.08695652173913043,-9.253344109537148,115,0.3565217391304348,0.8782608695652174,0.22608695652173913,-4.809962899163718,0.6260869565217392,0.14782608695652175,2.812423392189064
663969,"Phillips, Tyler",2026,"ST","Marlins","R","4.752567524",0.09565217391304348,0.23478260869565218,0.06956521739130435,-6.893068164212452,0.6,0.33043478260869563,10.814535326802439,0.45217391304347826,12.503156052360149,0.5217391304347826,0.02608695652173913,-8.895246020027301,115,0.3565217391304348,0.8869565217391304,0.20869565217391303,-4.360473839255896,0.6434782608695652,0.14782608695652175,2.8987486842513337
656288,"Canning, Griffin",2026,"FF","Padres","R","0.946485512",0.02608695652173913,0.2,0.09565217391304348,-5.480207506737239,0.7565217391304347,0.14782608695652175,7.012630915608992,0.034782608695652174,9.77359628110201,0.782608695652174,0.1826086956521739,-11.156728924129308,115,0.16521739130434782,0.8869565217391304,0,,0.5739130434782609,0.4260869565217391,2.8343233091625204
694738,"Roupp, Landen",2026,"FC","Giants","R","1.930119404",0.06086956521739131,0.1826086956521739,0.16521739130434782,-6.263521477255835,0.6260869565217392,0.20869565217391303,10.165228985424324,0.11304347826086956,10.59271787452651,0.6,0.28695652173913044,-11.382033317984583,115,0.2956521739130435,0.8347826086956521,0.017391304347826087,-3.2943159496549956,0.6,0.3826086956521739,3.137304458354553
681347,"Burrows, Mike",2026,"SI","Astros","R","1.353917827",0.034782608695652174,0.3217391304347826,0.3217391304347826,-6.883910419347773,0.6,0.0782608695652174,7.218922114044975,0.008695652173913044,9.586541161643016,0.8434782608695652,0.14782608695652175,-9.935086614327744,115,0.10434782608695652,0.8956521739130435,0.0782608695652174,-2.932656467927464,0.7217391304347827,0.2,2.70630092364227
622663,"Severino, Luis",2026,"ST","Athletics","R","3.731161838",0.008695652173913044,0.20869565217391303,0.08695652173913043,-8.793557541006848,0.6347826086956522,0.2782608695652174,9.871216744722323,0.2956521739130435,11.084597360665512,0.6260869565217392,0.0782608695652174,-10.36121762068116,115,0.2956521739130435,0.8695652173913043,0.1565217391304348,-4.369228272200236,0.6869565217391305,0.1565217391304348,2.8728843572913556
622663,"Severino, Luis",2026,"FC","Athletics","R","0.967146851",0.02608695652173913,0.22608695652173913,0.25217391304347825,-5.573283170832979,0.6521739130434783,0.09565217391304348,6.016555549066941,0.034782608695652174,9.534877262657615,0.7130434782608696,0.25217391304347825,-10.84296573883575,115,0.1826086956521739,0.8869565217391304,0.1391304347826087,-2.595543555697245,0.5739130434782609,0.28695652173913044,2.92707524916707
656492,"Griffin, Foster",2026,"FF","Nationals","L","0.910789681",0.043478260869565216,0.19130434782608696,0.08695652173913043,-5.106860820503197,0.7652173913043478,0.14782608695652175,7.038666594584787,0.008695652173913044,7.545003087393533,0.6,0.391304347826087,-10.34167485971529,115,0.1826086956521739,0.8782608695652174,0.008695652173913044,-2.11128429928718,0.5565217391304348,0.43478260869565216,2.9338704587637237
641743,"Kay, Anthony",2026,"CH","White Sox","L","2.804090318",0.08695652173913043,0.2956521739130435,0,,0.5652173913043478,0.43478260869565216,7.694823007478098,0.26956521739130435,11.794097981122533,0.6695652173913044,0.06086956521739131,-9.242470565301911,115,0.24347826086956523,0.9478260869565217,0.2608695652173913,-3.160741285354406,0.7304347826086957,0.008695652173913044,2.4531783847228414
674841,"Alvarez, Andrew",2026,"SL","Nationals","L","4.584074311",0.15789473684210525,0.19298245614035087,0.06140350877192982,-7.138749117199267,0.5614035087719298,0.37719298245614036,9.885434627472549,0.5263157894736842,13.024954625269286,0.4649122807017544,0.008771929824561403,-7.90927130727204,114,0.37719298245614036,0.9385964912280702,0.2982456140350877,-4.129626578994898,0.6666666666666666,0.03508771929824561,2.431180945637885
608566,"Márquez, Germán",2026,"FF","Padres","R","0.810993028",0.017543859649122806,0.2807017543859649,0.08771929824561403,-5.373650393375336,0.8070175438596491,0.10526315789473684,5.520321813510618,0.008771929824561403,9.589831342086159,0.7368421052631579,0.2543859649122807,-9.532936939713368,114,0.16666666666666666,0.9210526315789473,0.017543859649122806,-3.299537029865946,0.5964912280701754,0.38596491228070173,2.8194512182250575
608372,"Sugano, Tomoyuki",2026,"SI","Rockies","R","0.16870973",0,0.4298245614035088,0.13157894736842105,-5.808437599813895,0.7456140350877193,0.12280701754385964,5.668488431594446,0.008771929824561403,9.103823279536494,0.9122807017543859,0.07894736842105263,-8.812579473636491,114,0.02631578947368421,0.9912280701754386,0.05263157894736842,-2.283810243716884,0.8508771929824561,0.09649122807017543,2.6927824858145786
547179,"Lorenzen, Michael",2026,"FC","Rockies","R","2.248991777",0.008771929824561403,0.3333333333333333,0.05263157894736842,-6.185680565617615,0.7017543859649122,0.24561403508771928,7.986110757071133,0.15789473684210525,9.353150691458364,0.7543859649122807,0.08771929824561403,-11.294759389433837,114,0.14912280701754385,0.9473684210526315,0.10526315789473684,-2.8238514595399113,0.7456140350877193,0.14912280701754385,2.71305055979266
690925,"Beeter, Clayton",2026,"SL","Nationals","R","5.65682658",0.09649122807017543,0.21052631578947367,0.07894736842105263,-5.3519030679134385,0.7017543859649122,0.21929824561403508,8.739574081607547,0.2807017543859649,12.248791582092183,0.6052631578947368,0.11403508771929824,-10.292658027370733,114,0.3508771929824561,0.8333333333333334,0.3508771929824561,-5.596863964284749,0.5350877192982456,0.11403508771929824,3.1768056465291568
687064,"Young, Brandon",2026,"SL","Orioles","R","5.799477504",0.21052631578947367,0.16666666666666666,0.017543859649122806,-7.524208028116084,0.4824561403508772,0.5,10.791444132990385,0.5614035087719298,13.936563363087842,0.38596491228070173,0.05263157894736842,-10.986856851059901,114,0.4473684210526316,0.7807017543859649,0.32456140350877194,-4.338081511209779,0.6491228070175439,0.02631578947368421,2.7568714049662573
657746,"Ryan, Joe",2026,"CU","Twins","R","4.503375163",0.14035087719298245,0.11403508771929824,0.08771929824561403,-8.636018082490327,0.5789473684210527,0.3333333333333333,8.300871646919388,0.5964912280701754,12.705220456928952,0.35964912280701755,0.043859649122807015,-10.632866263345495,114,0.2894736842105263,0.8508771929824561,0.2894736842105263,-4.166016714412378,0.6666666666666666,0.043859649122807015,2.5322232016440727
656288,"Canning, Griffin",2026,"SL","Padres","R","3.439235573",0.11403508771929824,0.17543859649122806,0.05263157894736842,-5.6584267014516385,0.7192982456140351,0.22807017543859648,8.832875183170858,0.35964912280701755,10.330832956727159,0.5789473684210527,0.06140350877192982,-9.697626204741349,114,0.38596491228070173,0.9298245614035088,0.37719298245614036,-4.316788604204754,0.5350877192982456,0.08771929824561403,2.8937831074072893
621111,"Buehler, Walker",2026,"FF","Padres","R","0.571258419",0.035398230088495575,0.26548672566371684,0.11504424778761062,-5.276362402283777,0.7256637168141593,0.1592920353982301,6.286342679017765,0.008849557522123894,16.370255568262696,0.7345132743362832,0.25663716814159293,-9.400417521197525,113,0.11504424778761062,0.9203539823008849,0.008849557522123894,-2.63054837644265,0.6460176991150443,0.34513274336283184,2.786770250629206
677958,"Rocker, Kumar",2026,"FC","Rangers","R","2.655691092",0.017699115044247787,0.19469026548672566,0.20353982300884957,-5.464061071327868,0.5929203539823009,0.20353982300884957,8.35064152371824,0.1415929203539823,10.54051046112519,0.8230088495575221,0.035398230088495575,-10.205750907469236,113,0.22123893805309736,0.9469026548672567,0.11504424778761062,-3.592150782406477,0.7433628318584071,0.1415929203539823,2.810249172677157
663436,"Martin, Davis",2026,"FC","White Sox","R","2.166905967",0.05309734513274336,0.23893805309734514,0.168141592920354,-5.746015017942934,0.672566371681416,0.1592920353982301,9.508961079575968,0.10619469026548672,9.706810754991087,0.7876106194690266,0.10619469026548672,-12.369067576664971,113,0.2831858407079646,0.9292035398230089,0.07964601769911504,-3.34529334414959,0.6637168141592921,0.25663716814159293,3.3260633723350033
682608,"Gray, Peyton",2026,"FF","Rangers","R","0.813022908",0.05309734513274336,0.18584070796460178,0.12389380530973451,-5.293461477984781,0.7345132743362832,0.1415929203539823,6.512079682270193,0,,0.7168141592920354,0.2831858407079646,-10.347604659199979,113,0.23893805309734514,0.9203539823008849,0,,0.4247787610619469,0.5752212389380531,2.9656463629105403
656730,"Megill, Trevor",2026,"CU","Brewers","R","6.501614901",0.25663716814159293,0.22123893805309736,0.035398230088495575,-5.9864062120134465,0.5575221238938053,0.40707964601769914,12.40692534830248,0.4778761061946903,13.410356374377786,0.48672566371681414,0.035398230088495575,-9.699314498021518,113,0.48672566371681414,0.8495575221238938,0.45132743362831856,-4.447663041815801,0.49557522123893805,0.05309734513274336,2.705555701177266
663158,"Suarez, Robert",2026,"FF","Braves","R","0.897252005",0.017699115044247787,0.21238938053097345,0.061946902654867256,-5.5977390747169835,0.831858407079646,0.10619469026548672,6.096601672849987,0,,0.6991150442477876,0.3008849557522124,-10.086570258511957,113,0.18584070796460178,0.8849557522123894,0.008849557522123894,-2.1690686039898046,0.46017699115044247,0.5309734513274337,2.8424836777192115
805123,"Blubaugh, AJ",2026,"ST","Astros","R","7.117422489",0.07079646017699115,0.1415929203539823,0.08849557522123894,-6.152917972706527,0.49557522123893805,0.415929203539823,13.445028057894502,0.40707964601769914,14.199043483693885,0.5132743362831859,0.07964601769911504,-9.644727572597466,113,0.336283185840708,0.8938053097345132,0.11504424778761062,-3.578262262317931,0.6991150442477876,0.18584070796460178,2.6237765412499785
607536,"Freeland, Kyle",2026,"CH","Rockies","L","3.027687675",0.061946902654867256,0.336283185840708,0.008849557522123894,-5.240096461708447,0.6017699115044248,0.3893805309734513,7.883223723564665,0.23893805309734514,11.083612064733757,0.7079646017699115,0.05309734513274336,-9.240441607875102,113,0.21238938053097345,1,0.1592920353982301,-2.9166001388662948,0.7876106194690266,0.05309734513274336,2.751488322258596
622608,"Senzatela, Antonio",2026,"FC","Rockies","R","1.562687018",0.04424778761061947,0.26548672566371684,0.18584070796460178,-6.09863381505538,0.5575221238938053,0.25663716814159293,8.547564599973597,0.04424778761061947,9.93543291469953,0.7345132743362832,0.22123893805309736,-12.799771519423881,113,0.26548672566371684,0.8761061946902655,0.07079646017699115,-3.784897595456659,0.6283185840707964,0.3008849557522124,3.2111797181715174
663623,"Irvin, Jake",2026,"CU","Nationals","R","4.693436325",0.23893805309734514,0.09734513274336283,0.04424778761061947,-6.0460992927467725,0.5221238938053098,0.4336283185840708,10.69460713193432,0.7079646017699115,15.78508666529834,0.2743362831858407,0.017699115044247787,-11.678491356289044,113,0.4336283185840708,0.911504424778761,0.3805309734513274,-3.110176362135495,0.5752212389380531,0.04424778761061947,2.576390393421428
623352,"Hader, Josh",2026,"SI","Astros","L","0.985580515",0.04424778761061947,0.1504424778761062,0.07079646017699115,-5.654190263550316,0.831858407079646,0.09734513274336283,6.4344772696002135,0.008849557522123894,10.784261290356037,0.6548672566371682,0.336283185840708,-10.416422943145456,113,0.30973451327433627,0.8672566371681416,0,,0.3893805309734513,0.6106194690265486,3.1395980721216428
681982,"Anderson, Grant",2026,"ST","Brewers","R","6.140124319",0.13392857142857142,0.125,0.026785714285714284,-5.853815241872776,0.5357142857142857,0.4375,12.040752920191961,0.6785714285714286,13.615029920102527,0.3125,0.008928571428571428,-26.49146004622105,112,0.36607142857142855,0.7678571428571429,0.2767857142857143,-3.5615339220824556,0.7142857142857143,0.008928571428571428,2.3609996971678853
695076,"Lowder, Rhett",2026,"CH","Reds","R","3.281548741",0.05357142857142857,0.1875,0.03571428571428571,-7.32615672386827,0.45535714285714285,0.5089285714285714,8.101980502784059,0.39285714285714285,11.432018746679365,0.5625,0.044642857142857144,-10.794150536005143,112,0.2767857142857143,0.9642857142857143,0.17857142857142858,-3.1683398905382503,0.7410714285714286,0.08035714285714286,2.5426006103293917
664076,"Cleavinger, Garrett",2026,"SL","Rays","L","2.68522695",0.08928571428571429,0.15178571428571427,0.16964285714285715,-6.6558679666954745,0.625,0.20535714285714285,7.2813613804545625,0.35714285714285715,11.328105771399606,0.5714285714285714,0.07142857142857142,-10.455088402218884,112,0.33035714285714285,0.9017857142857143,0.26785714285714285,-3.8974669443073866,0.5535714285714286,0.17857142857142858,3.146542630119846
621381,"Strahm, Matt",2026,"FF","Royals","L","1.211689846",0.044642857142857144,0.25892857142857145,0.08928571428571429,-6.069943028122024,0.7678571428571429,0.14285714285714285,6.678148837150917,0.03571428571428571,7.857353760325111,0.8303571428571429,0.13392857142857142,-11.16705037205628,112,0.26785714285714285,0.9196428571428571,0.008928571428571428,-4.187418908524879,0.5535714285714286,0.4375,3.0714906834438427
641941,"Pagán, Emilio",2026,"FF","Reds","R","1.254652472",0.026785714285714284,0.30357142857142855,0.08035714285714286,-5.851125298923235,0.8125,0.10714285714285714,7.989345791111342,0.07142857142857142,8.76692291354322,0.8125,0.11607142857142858,-10.23530848637861,112,0.19642857142857142,0.9464285714285714,0.008928571428571428,-2.178820392784267,0.5714285714285714,0.41964285714285715,3.0738647108123183
607455,"Banda, Anthony",2026,"SL","Twins","L","4.851289108",0.13392857142857142,0.1875,0.05357142857142857,-7.413982095231769,0.5535714285714286,0.39285714285714285,9.559045523380947,0.38392857142857145,12.59252946771266,0.5625,0.05357142857142857,-11.404650020863397,112,0.4017857142857143,0.7767857142857143,0.24107142857142858,-4.550827559354828,0.5625,0.19642857142857142,2.9332329013672163
686993,"Sterner, Justin",2026,"FC","Athletics","R","2.849257563",0.07142857142857142,0.24107142857142858,0.14285714285714285,-5.508480429168735,0.6517857142857143,0.20535714285714285,8.340793345848313,0.21428571428571427,10.762219319259284,0.6517857142857143,0.13392857142857142,-9.538151764747889,112,0.32142857142857145,0.9196428571428571,0.25892857142857145,-3.7949823113150423,0.6071428571428571,0.13392857142857142,2.9274827886821777
663903,"Singer, Brady",2026,"ST","Reds","R","4.397437709",0.21428571428571427,0.16071428571428573,0.026785714285714284,-10.295969876113283,0.42857142857142855,0.5446428571428571,9.576475277391742,0.6875,13.266104234716947,0.30357142857142855,0.008928571428571428,-17.22490590669876,112,0.44642857142857145,0.9375,0.2767857142857143,-4.126266659085533,0.6875,0.03571428571428571,3.431216232095153
693433,"Woo, Bryan",2026,"ST","Mariners","R","5.164803746",0.08035714285714286,0.24107142857142858,0.0625,-4.974436652770249,0.5892857142857143,0.3482142857142857,11.310281130786997,0.45535714285714285,12.014705766422384,0.5446428571428571,0,,112,0.3482142857142857,0.9107142857142857,0.17857142857142858,-3.7399051020555154,0.7142857142857143,0.10714285714285714,2.8717352118996464
663855,"Hicks, Jordan",2026,"SI","White Sox","R","0.636768308",0.009009009009009009,0.22522522522522523,0.16216216216216217,-5.80157430699073,0.7027027027027027,0.13513513513513514,7.008503693148634,0,,0.6666666666666666,0.3333333333333333,-10.180697260090428,111,0.11711711711711711,0.8918918918918919,0.018018018018018018,-3.8084604895599483,0.7207207207207207,0.26126126126126126,2.6301442629932765
669711,"Weissert, Greg",2026,"SI","Red Sox","R","1.25615306",0.036036036036036036,0.2702702702702703,0.15315315315315314,-6.355510391111977,0.6396396396396397,0.2072072072072072,6.791866485163098,0.018018018018018018,7.171507687719786,0.8108108108108109,0.17117117117117117,-10.440538505052585,111,0.11711711711711711,0.9279279279279279,0.09009009009009009,-2.6433863975995795,0.7567567567567568,0.15315315315315314,3.0084118206912045
663568,"Kolek, Stephen",2026,"FF","Royals","R","0.901538204",0.06306306306306306,0.18018018018018017,0.12612612612612611,-5.520162339909585,0.7477477477477478,0.12612612612612611,6.236485823096734,0.009009009009009009,7.437275979768192,0.5675675675675675,0.42342342342342343,-11.47137323458964,111,0.1891891891891892,0.8918918918918919,0.009009009009009009,-3.0124336966821725,0.5945945945945946,0.3963963963963964,2.9363802250874134
669330,"Wells, Tyler",2026,"CH","Orioles","R","3.790971549",0.07207207207207207,0.10810810810810811,0,,0.36936936936936937,0.6306306306306306,8.741215215423608,0.5315315315315315,12.22819301048848,0.45045045045045046,0.018018018018018018,-14.260610218155612,111,0.35135135135135137,0.9459459459459459,0.07207207207207207,-3.1985183763873515,0.7657657657657657,0.16216216216216217,2.986687313091858
592094,"Adam, Jason",2026,"SL","Padres","R","5.778236817",0.24324324324324326,0.13513513513513514,0.08108108108108109,-5.355176560403121,0.4774774774774775,0.44144144144144143,11.796325107472562,0.5945945945945946,13.93986571155423,0.36036036036036034,0.04504504504504504,-14.733921549444304,111,0.3963963963963964,0.9369369369369369,0.34234234234234234,-3.1720100464790755,0.5675675675675675,0.09009009009009009,3.0774452312722156
657277,"Webb, Logan",2026,"FF","Giants","R","0.812306369",0.05405405405405406,0.2072072072072072,0.09009009009009009,-5.332837174221282,0.7477477477477478,0.16216216216216217,6.99862877845609,0,,0.6576576576576577,0.34234234234234234,-11.249033964253474,111,0.22522522522522523,0.8648648648648649,0,,0.5585585585585585,0.44144144144144143,3.2088509817001136
694477,"Patrick, Chad",2026,"SI","Brewers","R","0.797120065",0.05405405405405406,0.26126126126126126,0.13513513513513514,-5.709374388936076,0.6306306306306306,0.23423423423423423,7.212927348685724,0.009009009009009009,7.419298734664999,0.6306306306306306,0.36036036036036034,-10.930049789395312,111,0.13513513513513514,0.9009009009009009,0.018018018018018018,-3.3904423151807284,0.6666666666666666,0.3153153153153153,2.860420374178668
640448,"Finnegan, Kyle",2026,"FS","Tigers","R","4.354699644",0.17117117117117117,0.23423423423423423,0.05405405405405406,-6.871882415877445,0.4954954954954955,0.45045045045045046,9.01002227616857,0.42342342342342343,12.053986393055045,0.5405405405405406,0.036036036036036036,-10.13821848272966,111,0.35135135135135137,0.9099099099099099,0.2882882882882883,-3.712261736830964,0.6756756756756757,0.036036036036036036,2.2002312913483024
688107,"Gasser, Robert",2026,"ST","Brewers","L","4.372057457",0.09009009009009009,0.14414414414414414,0.09009009009009009,-8.400893948260695,0.5675675675675675,0.34234234234234234,8.644829919491501,0.5405405405405406,12.534729419285696,0.42342342342342343,0.036036036036036036,-16.24005902974058,111,0.26126126126126126,0.8468468468468469,0.12612612612612611,-6.019073310724448,0.7297297297297297,0.14414414414414414,3.1469176789641007
608331,"Fried, Max",2026,"FC","Yankees","L","1.439154946",0.05454545454545454,0.18181818181818182,0.32727272727272727,-6.325312023675875,0.5909090909090909,0.08181818181818182,7.184796217199708,0.01818181818181818,10.302903208107267,0.7363636363636363,0.24545454545454545,-11.346639179358649,110,0.2727272727272727,0.9,0.16363636363636364,-3.3251455497814653,0.6,0.23636363636363636,3.5287040081169367
596001,"Junis, Jakob",2026,"ST","Rangers","R","4.771920043",0.08181818181818182,0.24545454545454545,0.07272727272727272,-6.691554819621761,0.6363636363636364,0.2909090909090909,9.500847347307166,0.33636363636363636,12.720661049750753,0.5727272727272728,0.09090909090909091,-11.590084213084666,110,0.2,0.9,0.17272727272727273,-3.1797429272021525,0.7090909090909091,0.11818181818181818,2.867120473727111
702273,"Schultz, Noah",2026,"FF","White Sox","L","1.174914191",0.1,0.24545454545454545,0.045454545454545456,-6.2461727569702195,0.7272727272727273,0.22727272727272727,8.678514123201435,0.01818181818181818,9.027227866489172,0.7181818181818181,0.2636363636363636,-11.222928787304085,110,0.22727272727272727,0.9090909090909091,0.05454545454545454,-2.839583574471758,0.5909090909090909,0.35454545454545455,3.305041444739547
681517,"Leahy, Kyle",2026,"CU","Cardinals","R","5.183355579",0.08181818181818182,0.2727272727272727,0.09090909090909091,-6.534328420428888,0.6818181818181818,0.22727272727272727,7.019008437810428,0.2909090909090909,11.013858815852634,0.6727272727272727,0.03636363636363636,-8.962331940043757,110,0.2818181818181818,0.8818181818181818,0.34545454545454546,-5.283819708913024,0.6090909090909091,0.045454545454545456,2.5382783532584754
622491,"Castillo, Luis",2026,"CH","Mariners","R","2.779713383",0.06363636363636363,0.2545454545454545,0.03636363636363636,-4.408751062762178,0.5909090909090909,0.37272727272727274,7.24537403085327,0.41818181818181815,10.547614889187786,0.5545454545454546,0.02727272727272727,-8.157011276924715,110,0.21818181818181817,0.9636363636363636,0.16363636363636364,-2.9004839858318547,0.7818181818181819,0.05454545454545454,2.826293241245873
688642,"Agnos, Zach",2026,"FF","Rockies","R","0.874423953",0.03636363636363636,0.36363636363636365,0.02727272727272727,-5.645508090712607,0.8272727272727273,0.14545454545454545,6.8676158186397975,0.00909090909090909,11.247622080520252,0.8636363636363636,0.12727272727272726,-10.386991617784386,110,0.15454545454545454,0.9181818181818182,0.03636363636363636,-2.2556522235592884,0.6545454545454545,0.3090909090909091,3.0967870869586656
686799,"Kochanowicz, Jack",2026,"FF","Angels","R","1.011214331",0.05454545454545454,0.2636363636363636,0.12727272727272726,-5.827912352731743,0.7090909090909091,0.16363636363636364,7.319066563235849,0,,0.8181818181818182,0.18181818181818182,-10.411852565122123,110,0.19090909090909092,0.9363636363636364,0.02727272727272727,-2.3797198449259627,0.5818181818181818,0.39090909090909093,3.0216448073722555
669330,"Wells, Tyler",2026,"FF","Orioles","R","1.254854699",0.03669724770642202,0.28440366972477066,0.10091743119266056,-6.395933158170717,0.8073394495412844,0.09174311926605505,7.665404394915642,0.05504587155963303,8.155810692714404,0.7889908256880734,0.1559633027522936,-10.49345686008638,109,0.23853211009174313,0.944954128440367,0,,0.48623853211009177,0.5137614678899083,2.9543725535809258
663567,"Lambert, Peter",2026,"SL","Astros","R","3.793748664",0.09174311926605505,0.2018348623853211,0.05504587155963303,-6.829454417998215,0.6422018348623854,0.30275229357798167,7.322081330492991,0.3761467889908257,11.000777622430485,0.5963302752293578,0.027522935779816515,-11.456850835838635,109,0.26605504587155965,0.908256880733945,0.2018348623853211,-4.8552753315022255,0.6422018348623854,0.1559633027522936,2.494324134846358
624133,"Suarez, Ranger",2026,"CU","Red Sox","L","4.28874951",0.21100917431192662,0.05504587155963303,0.01834862385321101,-4.881412925839571,0.45871559633027525,0.5229357798165137,10.13104528961839,0.7798165137614679,16.549470626251598,0.2018348623853211,0.01834862385321101,-20.12189880460988,109,0.45871559633027525,0.8165137614678899,0.3211009174311927,-3.54131196208228,0.6330275229357798,0.045871559633027525,2.3425464560764686
691587,"Pérez, Eury",2026,"SL","Marlins","R","4.248412136",0.1651376146788991,0.10091743119266056,0.09174311926605505,-5.920804811215514,0.5504587155963303,0.3577981651376147,10.142820966505235,0.5688073394495413,12.49508029244257,0.42201834862385323,0.009174311926605505,-7.9863727706328405,109,0.42201834862385323,0.8348623853211009,0.3302752293577982,-4.214794940292493,0.5596330275229358,0.11009174311926606,2.8334727424469093
669372,"Ginn, J.T.",2026,"FC","Athletics","R","2.067151412",0.045871559633027525,0.25688073394495414,0.2018348623853211,-5.869522197601975,0.6146788990825688,0.1834862385321101,7.58679593230882,0.11926605504587157,11.049220846829302,0.7798165137614679,0.10091743119266056,-12.227002153286037,109,0.1926605504587156,0.926605504587156,0.11009174311926606,-3.098401086248237,0.7339449541284404,0.1559633027522936,3.2999468123532383
623149,"Sewald, Paul",2026,"ST","Diamondbacks","R","4.62393888",0.07339449541284404,0.12844036697247707,0.05504587155963303,-5.884170306169864,0.6422018348623854,0.30275229357798167,11.718614943676506,0.43119266055045874,13.35270403761408,0.5045871559633027,0.06422018348623854,-9.933920402178444,109,0.3761467889908257,0.9357798165137615,0.12844036697247707,-3.3395345532093215,0.6330275229357798,0.23853211009174313,2.74133841503387
689546,"Davila, Nick",2026,"SL","Mariners","R","2.819252153",0.045871559633027525,0.3211009174311927,0.09174311926605505,-5.999097310846951,0.7247706422018348,0.1834862385321101,7.000747498999544,0.21100917431192662,10.032089904134242,0.6972477064220184,0.09174311926605505,-10.443656853441311,109,0.14678899082568808,0.8990825688073395,0.1651376146788991,-3.5025801838232855,0.7064220183486238,0.12844036697247707,2.8963075990699187
674841,"Alvarez, Andrew",2026,"FF","Nationals","L","1.068240788",0.03669724770642202,0.27522935779816515,0.1834862385321101,-5.822541367226314,0.7155963302752294,0.10091743119266056,7.085922794481411,0.009174311926605505,7.108091206224195,0.6880733944954128,0.30275229357798167,-9.976586936822704,109,0.13761467889908258,0.8532110091743119,0.045871559633027525,-3.653239021196486,0.6697247706422018,0.28440366972477066,2.68172681202768
663558,"Morán, Jovani",2026,"CH","Red Sox","L","5.75467675",0.2962962962962963,0.1388888888888889,0.018518518518518517,-7.563752910597901,0.3425925925925926,0.6388888888888888,10.861350500958633,0.6851851851851852,14.84785491984288,0.3148148148148148,0,,108,0.5092592592592593,0.8611111111111112,0.37037037037037035,-3.5763188163174084,0.5833333333333334,0.046296296296296294,3.1149818445754707
669276,"Lee, Dylan",2026,"FF","Braves","L","0.656603328",0,0.26851851851851855,0.05555555555555555,-4.827514802752008,0.8055555555555556,0.1388888888888889,5.418160782374952,0.046296296296296294,8.81189157125716,0.7962962962962963,0.1574074074074074,-9.43968497899159,108,0.23148148148148148,0.9351851851851852,0.009259259259259259,-4.593233395827397,0.5,0.49074074074074076,2.7083410290610663
571578,"Corbin, Patrick",2026,"FC","Blue Jays","L","2.760497646",0.046296296296296294,0.2777777777777778,0.2222222222222222,-6.008989324004831,0.6574074074074074,0.12037037037037036,9.068788880958408,0.1388888888888889,10.501235649566237,0.7777777777777778,0.08333333333333333,-10.330486401960863,108,0.14814814814814814,0.9537037037037037,0.24074074074074073,-3.070742391974298,0.7037037037037037,0.05555555555555555,2.5060554981193945
677960,"Weathers, Ryan",2026,"ST","Yankees","L","6.035596396",0.14814814814814814,0.1574074074074074,0.09259259259259259,-7.490628642644902,0.5555555555555556,0.35185185185185186,11.763668079492561,0.5370370370370371,14.480924958920763,0.4074074074074074,0.05555555555555555,-11.716425559271405,108,0.4166666666666667,0.8425925925925926,0.32407407407407407,-4.761870586598447,0.5740740740740741,0.10185185185185185,3.110240486758542
701656,"Henderson, Logan",2026,"CH","Brewers","R","4.878531073",0.1111111111111111,0.07407407407407407,0,,0.48148148148148145,0.5185185185185185,10.645933593981487,0.7037037037037037,13.806898398242351,0.2962962962962963,0,,108,0.37962962962962965,0.8888888888888888,0.12037037037037036,-3.068876744565233,0.7592592592592593,0.12037037037037036,3.0869987978122833
657277,"Webb, Logan",2026,"FC","Giants","R","1.285958337",0.046296296296296294,0.23148148148148148,0.17592592592592593,-6.438942583641773,0.6574074074074074,0.16666666666666666,7.237712221836431,0.046296296296296294,10.283862829561638,0.8055555555555556,0.14814814814814814,-10.336528859228018,108,0.2222222222222222,0.9629629629629629,0.027777777777777776,-3.426232414618391,0.5833333333333334,0.3888888888888889,3.0324975029598127
650644,"Civale, Aaron",2026,"SI","zMLB","R","1.017661534",0.009259259259259259,0.2962962962962963,0.14814814814814814,-5.627884084533473,0.7222222222222222,0.12962962962962962,5.843412105043864,0.037037037037037035,9.808721643023313,0.8055555555555556,0.1574074074074074,-9.835407982767535,108,0.12037037037037036,0.9351851851851852,0.018518518518518517,-3.393804110628584,0.6666666666666666,0.3148148148148148,2.7107404272420212
700669,"Graceffo, Gordon",2026,"SL","Cardinals","R","3.163578902",0.14814814814814814,0.32407407407407407,0.08333333333333333,-5.2999361352347965,0.5833333333333334,0.3333333333333333,7.997380224301006,0.25,10.956159873753377,0.6481481481481481,0.10185185185185185,-11.42348844305173,108,0.28703703703703703,0.9351851851851852,0.2222222222222222,-3.3118275319551405,0.6203703703703703,0.1574074074074074,2.887554288977612
666157,"Lodolo, Nick",2026,"CU","Reds","L","5.911757898",0.11214953271028037,0.12149532710280374,0.11214953271028037,-7.0564369015511454,0.514018691588785,0.37383177570093457,11.192176716780663,0.616822429906542,13.136846975859434,0.3644859813084112,0.018691588785046728,-8.733294086672602,107,0.35514018691588783,0.794392523364486,0.2803738317757009,-4.058141876014618,0.6448598130841121,0.07476635514018691,2.7804672612696844
650556,"Abreu, Bryan",2026,"FF","Astros","R","1.035756162",0.04672897196261682,0.24299065420560748,0.08411214953271028,-5.985588462562467,0.7476635514018691,0.16822429906542055,6.035205270954201,0.04672897196261682,11.37504288279984,0.7757009345794392,0.17757009345794392,-11.31757149342872,107,0.27102803738317754,0.897196261682243,0.009345794392523364,-2.5369490904903134,0.48598130841121495,0.5046728971962616,3.1570873021990664
669432,"Rogers, Trevor",2026,"ST","Orioles","L","3.952917354",0.11214953271028037,0.08411214953271028,0.028037383177570093,-5.079250346391205,0.514018691588785,0.45794392523364486,9.4216752482897,0.7850467289719626,15.071246013309976,0.16822429906542055,0.04672897196261682,-11.277290216577292,107,0.2897196261682243,0.794392523364486,0.1308411214953271,-2.8634086049319545,0.794392523364486,0.07476635514018691,2.409483399748672
670990,"Ramírez, Yohan",2026,"SI","Pirates","R","1.834827217",0.04672897196261682,0.24299065420560748,0.205607476635514,-6.843164767618245,0.6261682242990654,0.16822429906542055,7.338239093627411,0.018691588785046728,7.191494597492429,0.7570093457943925,0.22429906542056074,-9.762355072945173,107,0.1308411214953271,0.9439252336448598,0.102803738317757,-3.210766013792377,0.7009345794392523,0.19626168224299065,3.0482049918750334
680730,"Parker, Mitchell",2026,"FF","Nationals","L","1.124581073",0.04672897196261682,0.29906542056074764,0.037383177570093455,-5.263985950826324,0.8130841121495327,0.14953271028037382,6.771818513004683,0,,0.7102803738317757,0.2897196261682243,-10.193558674088385,107,0.19626168224299065,0.9252336448598131,0,,0.6728971962616822,0.32710280373831774,3.0320457413324364
605135,"Bassitt, Chris",2026,"CU","Orioles","R","4.618242885",0.102803738317757,0.12149532710280374,0.056074766355140186,-5.851744488312891,0.5046728971962616,0.4392523364485981,9.75457506555038,0.7663551401869159,17.213201490354017,0.19626168224299065,0.037383177570093455,-10.615000243248014,107,0.2897196261682243,0.822429906542056,0.16822429906542055,-2.9812176032067517,0.7850467289719626,0.04672897196261682,2.6637728464366788
685299,"Gordon, Tanner",2026,"CH","Rockies","R","3.191866961",0.08411214953271028,0.1588785046728972,0.028037383177570093,-5.308830114770246,0.5420560747663551,0.42990654205607476,7.517934278037813,0.5327102803738317,11.697688402014073,0.42990654205607476,0.037383177570093455,-10.778872486215093,107,0.21495327102803738,0.9345794392523364,0.12149532710280374,-2.9941640382990236,0.7850467289719626,0.09345794392523364,2.4017036993708683
681402,"Varland, Gus",2026,"SL","Nationals","R","4.173157489",0.11320754716981132,0.25471698113207547,0.03773584905660377,-5.858128054986855,0.6509433962264151,0.3113207547169811,8.028275124792208,0.41509433962264153,10.780324967729833,0.5471698113207547,0.03773584905660377,-10.895907891852874,106,0.24528301886792453,0.9433962264150944,0.1792452830188679,-3.995733854345524,0.7169811320754716,0.10377358490566038,2.9996462858200332
669062,"Miller, Erik",2026,"SL","Giants","L","5.12951673",0.24528301886792453,0.04716981132075472,0.05660377358490566,-6.571942620284798,0.42452830188679247,0.5188679245283019,10.48352159801293,0.6792452830188679,13.428664919551741,0.3018867924528302,0.018867924528301886,-11.791329970423796,106,0.5566037735849056,0.7358490566037735,0.44339622641509435,-4.414841505512479,0.5,0.05660377358490566,2.776546493666381
669711,"Weissert, Greg",2026,"FF","Red Sox","R","1.074993475",0.02830188679245283,0.22641509433962265,0.03773584905660377,-5.566345128173801,0.7452830188679245,0.2169811320754717,6.457464232877294,0.03773584905660377,10.720116938758444,0.7547169811320755,0.20754716981132076,-10.143161592051746,106,0.25471698113207547,0.9245283018867925,0,,0.5566037735849056,0.44339622641509435,3.05542631425668
519242,"Sale, Chris",2026,"CH","Braves","L","2.898542271",0.16981132075471697,0.27358490566037735,0.009433962264150943,-4.91672185530069,0.4811320754716981,0.5094339622641509,7.908203914473175,0.330188679245283,10.468253361426036,0.6320754716981132,0.03773584905660377,-9.677288338841013,106,0.3490566037735849,0.9716981132075472,0.2830188679245283,-3.1683115785843556,0.6509433962264151,0.0660377358490566,2.7534068774649176
668941,"Romero, JoJo",2026,"ST","Cardinals","L","7.171069673",0.05660377358490566,0.2169811320754717,0.09433962264150944,-6.218307849402174,0.5188679245283019,0.3867924528301887,11.196074435074712,0.330188679245283,12.816137530936185,0.6226415094339622,0.04716981132075472,-11.6603660993574,106,0.27358490566037735,0.8018867924528302,0.08490566037735849,-4.624088593011853,0.6698113207547169,0.24528301886792453,3.0451345052951306
594798,"deGrom, Jacob",2026,"CH","Rangers","R","3.797278556",0.16037735849056603,0.16981132075471697,0.009433962264150943,-4.499319909731078,0.4339622641509434,0.5566037735849056,8.348729021127317,0.41509433962264153,11.304990176423054,0.5754716981132075,0.009433962264150943,-8.757104012859902,106,0.44339622641509435,0.9339622641509434,0.4528301886792453,-3.409081440511129,0.5,0.04716981132075472,2.6000164462491475
691587,"Pérez, Eury",2026,"SI","Marlins","R","1.906593261",0.02830188679245283,0.16981132075471697,0.22641509433962265,-6.920556739238653,0.39622641509433965,0.37735849056603776,7.236680819074087,0.03773584905660377,8.987928510030486,0.8773584905660378,0.08490566037735849,-10.4310279386397,106,0.16037735849056603,0.9150943396226415,0.0660377358490566,-3.354353714549672,0.6792452830188679,0.25471698113207547,2.8816847185751646
657424,"Gage, Matt",2026,"SL","Giants","L","4.121653663",0.12264150943396226,0.22641509433962265,0.08490566037735849,-6.0710083519676195,0.6226415094339622,0.29245283018867924,8.653111109544247,0.330188679245283,10.507040345544914,0.5849056603773585,0.08490566037735849,-13.683905508611092,106,0.24528301886792453,0.9150943396226415,0.25471698113207547,-3.991730924344959,0.6792452830188679,0.0660377358490566,3.1552503484609753
687606,"Schultz, Paxton",2026,"FC","Nationals","R","1.0426277",0.018867924528301886,0.24528301886792453,0.10377358490566038,-6.12264397359399,0.6981132075471698,0.19811320754716982,8.480936943718882,0.08490566037735849,10.108774635128315,0.7924528301886793,0.12264150943396226,-11.821749975068084,106,0.2169811320754717,0.9433962264150944,0.02830188679245283,-3.572955578794608,0.6132075471698113,0.3584905660377358,2.822909623425174
694361,"Klein, Will",2026,"ST","Dodgers","R","4.436779951",0.07547169811320754,0.1509433962264151,0.09433962264150944,-7.078721554887469,0.4811320754716981,0.42452830188679247,9.344124473026865,0.1320754716981132,12.062729630438197,0.6037735849056604,0.2641509433962264,-11.376972969063408,106,0.2830188679245283,0.8301886792452831,0.1509433962264151,-3.9625039880141557,0.6698113207547169,0.1792452830188679,3.083705686311107
669330,"Wells, Tyler",2026,"FC","Orioles","R","1.751418663",0.03773584905660377,0.19811320754716982,0.08490566037735849,-5.93723562810462,0.7169811320754716,0.19811320754716982,9.268837798503172,0.12264150943396226,11.191596519936859,0.7075471698113207,0.16981132075471697,-10.91814707817495,106,0.3490566037735849,0.8867924528301887,0.04716981132075472,-3.2905992992433597,0.5471698113207547,0.4056603773584906,3.1749354190512022
687377,"Ribalta, Orlando",2026,"SL","Nationals","R","4.955641462",0.09433962264150944,0.11320754716981132,0.018867924528301886,-4.5462727054766585,0.5283018867924528,0.4528301886792453,9.358594006603862,0.5377358490566038,12.791043667510564,0.41509433962264153,0.04716981132075472,-10.661411534458175,106,0.25471698113207547,0.8867924528301887,0.16981132075471697,-2.8725201772520905,0.7452830188679245,0.08490566037735849,2.708867463700664
694819,"Misiorowski, Jacob",2026,"SL","Brewers","R","4.35277846",0.09433962264150944,0.24528301886792453,0.07547169811320754,-6.101868902725316,0.5849056603773585,0.33962264150943394,9.74116888934218,0.1792452830188679,12.281552372541997,0.7075471698113207,0.11320754716981132,-11.635522956539273,106,0.3113207547169811,0.8867924528301887,0.16981132075471697,-3.2394351339218006,0.6792452830188679,0.1509433962264151,3.445604404506979
621112,"Blackburn, Paul",2026,"SI","Yankees","R","1.2919369",0.009523809523809525,0.3238095238095238,0.18095238095238095,-5.499770454488491,0.7333333333333333,0.08571428571428572,5.207487796383602,0,,0.8285714285714286,0.17142857142857143,-8.871233306353068,105,0.11428571428571428,0.9428571428571428,0.1523809523809524,-2.9275996576030208,0.7047619047619048,0.14285714285714285,2.673457402890739
694335,"Svanson, Matt",2026,"ST","Cardinals","R","3.232086631",0.05714285714285714,0.19047619047619047,0.12380952380952381,-5.593138770908163,0.6666666666666666,0.20952380952380953,10.148631250686929,0.18095238095238095,11.358598197694054,0.7714285714285715,0.047619047619047616,-9.062412137684678,105,0.2857142857142857,0.9142857142857143,0.10476190476190476,-3.447545195494373,0.6761904761904762,0.21904761904761905,2.768111325234308
672456,"Montero, Keider",2026,"CU","Tigers","R","3.36612406",0.08571428571428572,0.24761904761904763,0.0380952380952381,-4.859097526754746,0.6571428571428571,0.3047619047619048,8.352886866764926,0.47619047619047616,13.05043017659842,0.45714285714285713,0.06666666666666667,-12.205265864412715,105,0.20952380952380953,0.8761904761904762,0.1523809523809524,-3.42698888143266,0.7428571428571429,0.10476190476190476,2.748004719035322
691725,"Painter, Andrew",2026,"SL","Phillies","R","2.414711079",0.14285714285714285,0.20952380952380953,0.10476190476190476,-5.429579479845746,0.5523809523809524,0.34285714285714286,8.42136049045703,0.3142857142857143,11.884618835851004,0.5904761904761905,0.09523809523809523,-11.266539557465855,105,0.38095238095238093,0.9238095238095239,0.18095238095238095,-3.2426441331665967,0.6095238095238096,0.20952380952380953,3.1542354338696086
813349,"Early, Connelly",2026,"SI","Red Sox","L","1.446919495",0.02857142857142857,0.2857142857142857,0.18095238095238095,-6.458277294780547,0.6571428571428571,0.1619047619047619,5.868870640027422,0.01904761904761905,7.9782674488406045,0.7428571428571429,0.23809523809523808,-9.769265826980881,105,0.12380952380952381,0.9333333333333333,0.09523809523809523,-2.6144667997424573,0.7047619047619048,0.2,2.5660533071778118
594580,"Moll, Sam",2026,"ST","Reds","L","6.531854452",0.10476190476190476,0.13333333333333333,0.0380952380952381,-7.327081609138983,0.5238095238095238,0.4380952380952381,13.558915433973059,0.45714285714285713,14.794581662195132,0.49523809523809526,0.047619047619047616,-10.013541113920521,105,0.4095238095238095,0.7619047619047619,0.1523809523809524,-3.735446284002891,0.6285714285714286,0.21904761904761905,2.7060218257231057
696270,"Johnson, Ryan",2026,"FC","Angels","R","2.026585723",0.0380952380952381,0.17142857142857143,0.2,-6.628915598445024,0.5333333333333333,0.26666666666666666,9.43203972765579,0.08571428571428572,10.391186121673213,0.7428571428571429,0.17142857142857143,-9.162816402073197,105,0.29523809523809524,0.9333333333333333,0.0380952380952381,-4.631504047042164,0.6476190476190476,0.3142857142857143,3.058539266922322
690925,"Beeter, Clayton",2026,"FF","Nationals","R","1.142593088",0.047619047619047616,0.22857142857142856,0.05714285714285714,-7.067541284894614,0.780952380952381,0.1619047619047619,5.862875905389526,0,,0.7047619047619048,0.29523809523809524,-10.355736990628806,105,0.20952380952380953,0.8952380952380953,0,,0.49523809523809526,0.5047619047619047,3.0750090101789573
676760,"Marinaccio, Ron",2026,"CH","zMLB","R","4.924814561",0.11428571428571428,0.2,0.0380952380952381,-4.669473543348279,0.5047619047619047,0.45714285714285713,9.477356124108587,0.6,13.528775974011497,0.38095238095238093,0.01904761904761905,-8.882504317979254,105,0.2761904761904762,0.8857142857142857,0.21904761904761905,-2.8855783259022076,0.7142857142857143,0.06666666666666667,2.6582376856627166
668941,"Romero, JoJo",2026,"SI","Cardinals","L","1.223072468",0.05714285714285714,0.3333333333333333,0.10476190476190476,-5.818251525341556,0.6952380952380952,0.2,7.593394807593822,0,,0.7428571428571429,0.2571428571428571,-11.188964999116989,105,0.14285714285714285,0.9333333333333333,0.06666666666666667,-2.882827831635344,0.7523809523809524,0.18095238095238095,2.816556115659138
805123,"Blubaugh, AJ",2026,"CH","Astros","R","4.452223071",0.17307692307692307,0.2980769230769231,0.028846153846153848,-5.942708036128098,0.5769230769230769,0.3942307692307692,9.152724792473983,0.47115384615384615,12.384609334438947,0.5192307692307693,0.009615384615384616,-9.370243509422158,104,0.34615384615384615,0.8846153846153846,0.3173076923076923,-3.8403280659476966,0.6634615384615384,0.019230769230769232,3.108988534700702
571578,"Corbin, Patrick",2026,"CH","Blue Jays","L","4.716858989",0.07692307692307693,0.10576923076923077,0.028846153846153848,-5.053144899834074,0.4326923076923077,0.5384615384615384,9.036934562828252,0.7019230769230769,14.647556445989645,0.25961538461538464,0.038461538461538464,-14.271257980946736,104,0.28846153846153844,0.875,0.15384615384615385,-2.648251855153916,0.7596153846153846,0.08653846153846154,2.353417647594121
669020,"Rolison, Ryan",2026,"FF","Cubs","L","0.883497694",0.04807692307692308,0.2980769230769231,0.057692307692307696,-5.211481584669703,0.7403846153846154,0.20192307692307693,6.739019199741557,0.009615384615384616,7.970765571064772,0.7403846153846154,0.25,-12.02946249436603,104,0.15384615384615385,0.9038461538461539,0.028846153846153848,-2.284598713637683,0.6538461538461539,0.3173076923076923,3.054655614822787
673513,"Matsui, Yuki",2026,"FF","Padres","L","0.890560428",0.038461538461538464,0.22115384615384615,0.125,-5.200391434813002,0.7403846153846154,0.1346153846153846,5.896090851142089,0.019230769230769232,7.8400444115313945,0.8269230769230769,0.15384615384615385,-9.888636666032479,104,0.28846153846153844,0.9423076923076923,0.009615384615384616,-2.3571655539428824,0.4807692307692308,0.5096153846153846,2.88676187596328
808967,"Yamamoto, Yoshinobu",2026,"SI","Dodgers","R","0.758817974",0.038461538461538464,0.25,0.22115384615384615,-5.646946253663558,0.7115384615384616,0.0673076923076923,6.326865256303448,0.009615384615384616,7.904965769365138,0.7307692307692307,0.25961538461538464,-9.866432168406767,104,0.11538461538461539,0.9423076923076923,0.04807692307692308,-2.8563849539228587,0.75,0.20192307692307693,2.824597733541134
694037,"Palencia, Daniel",2026,"FF","Cubs","R","1.526666187",0.057692307692307696,0.20192307692307693,0.08653846153846154,-5.909595126294816,0.6826923076923077,0.23076923076923078,6.979707872043269,0,,0.6730769230769231,0.3269230769230769,-10.969423231149607,104,0.2403846153846154,0.8557692307692307,0.009615384615384616,-4.608427788780746,0.5192307692307693,0.47115384615384615,3.2912359891711516
678022,"Perkins, Jack",2026,"CH","Athletics","R","2.74050226",0.18269230769230768,0.21153846153846154,0.04807692307692308,-5.920007772120496,0.5384615384615384,0.41346153846153844,7.481880984349537,0.3173076923076923,9.642215931039317,0.6057692307692307,0.07692307692307693,-9.729749830118237,104,0.4519230769230769,0.9038461538461539,0.49038461538461536,-3.5717236391939746,0.4807692307692308,0.028846153846153848,2.2161581909689594
666277,"Soriano, George",2026,"CH","Cardinals","R","2.952303893",0.14423076923076922,0.15384615384615385,0.09615384615384616,-5.506928267440787,0.49038461538461536,0.41346153846153844,7.528675882570057,0.25,10.678572469616892,0.7019230769230769,0.04807692307692308,-10.303951427845059,104,0.3942307692307692,0.9423076923076923,0.4326923076923077,-3.3292978592561036,0.5096153846153846,0.057692307692307696,2.8778566059585438
676106,"Hancock, Emerson",2026,"ST","Mariners","R","4.461164314",0.10576923076923077,0.0673076923076923,0.019230769230769232,-5.689631395862126,0.5288461538461539,0.4519230769230769,10.37014425076045,0.8076923076923077,15.116216461084651,0.18269230769230768,0.009615384615384616,-15.815228825133829,104,0.3557692307692308,0.8461538461538461,0.17307692307692307,-3.1714934518577724,0.7115384615384616,0.11538461538461539,2.8303686326340567
696270,"Johnson, Ryan",2026,"FS","Angels","R","4.9169999",0.16346153846153846,0.14423076923076922,0.04807692307692308,-5.324349005762961,0.4230769230769231,0.5288461538461539,10.7596363833231,0.6057692307692307,13.092705977675848,0.38461538461538464,0.009615384615384616,-8.43706008082792,104,0.34615384615384615,0.9423076923076923,0.21153846153846154,-3.1777345895108216,0.7403846153846154,0.04807692307692308,2.521493029193712
670970,"Morejon, Adrian",2026,"CH","Padres","L","2.89653653",0.11650485436893204,0.1553398058252427,0,,0.5048543689320388,0.49514563106796117,7.147660017999875,0.1262135922330097,9.39747778532223,0.8155339805825242,0.05825242718446602,-8.568348469457327,103,0.5048543689320388,0.9029126213592233,0.5533980582524272,-3.794843058513676,0.4174757281553398,0.02912621359223301,2.5415388542271815
657746,"Ryan, Joe",2026,"FS","Twins","R","3.175167041",0.0970873786407767,0.24271844660194175,0.019417475728155338,-4.396873351617492,0.6213592233009708,0.3592233009708738,7.5941238718716555,0.32038834951456313,10.90914053187918,0.6310679611650486,0.04854368932038835,-10.37210934254304,103,0.23300970873786409,0.9320388349514563,0.21359223300970873,-3.2846137274004317,0.6893203883495146,0.0970873786407767,2.6447258538522065
689147,"Kerkering, Orion",2026,"FF","Phillies","R","1.41720615",0.07766990291262135,0.1650485436893204,0.0970873786407767,-5.202946341084198,0.7281553398058253,0.17475728155339806,8.556304816697704,0.019417475728155338,8.153701257354523,0.6699029126213593,0.3106796116504854,-10.583609623504246,103,0.3786407766990291,0.9320388349514563,0.009708737864077669,-5.468984058783335,0.4174757281553398,0.5728155339805825,3.218398437271954
453286,"Scherzer, Max",2026,"FF","Blue Jays","R","0.8724332",0.019417475728155338,0.21359223300970873,0.1650485436893204,-5.510724456459756,0.7378640776699029,0.0970873786407767,6.129505482918721,0.009708737864077669,7.783867582492853,0.8058252427184466,0.18446601941747573,-9.910123522455393,103,0.1650485436893204,0.9514563106796117,0,,0.5436893203883495,0.4563106796116505,3.027335692871979
702275,"Ritchie, JR",2026,"CU","Braves","R","2.744844818",0.10679611650485436,0.1941747572815534,0.08737864077669903,-6.159650379533848,0.6213592233009708,0.2912621359223301,8.424972478883662,0.3883495145631068,11.197096403430429,0.5631067961165048,0.04854368932038835,-17.30147471236481,103,0.33980582524271846,0.9029126213592233,0.42718446601941745,-3.1859668961060694,0.5533980582524272,0.019417475728155338,3.0087153109588747
683769,"Gaddis, Hunter",2026,"FF","Guardians","R","1.076349345",0.019417475728155338,0.23300970873786409,0.038834951456310676,-5.453648146061372,0.8155339805825242,0.14563106796116504,5.803689581771171,0.02912621359223301,8.32083021640144,0.7669902912621359,0.20388349514563106,-10.208409338604264,103,0.2524271844660194,0.912621359223301,0,,0.5533980582524272,0.44660194174757284,3.157559299558271
669062,"Miller, Erik",2026,"SI","Giants","L","1.242226605",0.019417475728155338,0.1941747572815534,0.20388349514563106,-5.478754979904382,0.6116504854368932,0.18446601941747573,7.265546751401083,0,,0.6504854368932039,0.34951456310679613,-10.3063923723681,103,0.17475728155339806,0.883495145631068,0.07766990291262135,-2.9525037705249058,0.6699029126213593,0.2524271844660194,3.1068186814694685
660825,"Bazardo, Eduard",2026,"ST","Mariners","R","2.77264713",0.1262135922330097,0.22330097087378642,0.06796116504854369,-5.696590779948067,0.5825242718446602,0.34951456310679613,8.988083504848861,0.4174757281553398,12.492876266384847,0.5339805825242718,0.04854368932038835,-12.631587790498491,103,0.3883495145631068,0.9029126213592233,0.24271844660194175,-3.9575861023402554,0.6213592233009708,0.13592233009708737,3.0009129440436118
681517,"Leahy, Kyle",2026,"CH","Cardinals","R","3.103461564",0.13725490196078433,0.22549019607843138,0.029411764705882353,-5.537831338212265,0.49019607843137253,0.4803921568627451,7.9980474882300125,0.3627450980392157,10.388303851335998,0.6078431372549019,0.029411764705882353,-12.44072854712669,102,0.3627450980392157,0.8921568627450981,0.30392156862745096,-3.2776757048989977,0.6470588235294118,0.049019607843137254,2.4848688963097545
542888,"Armstrong, Shawn",2026,"FF","Guardians","R","0.977846631",0.0196078431372549,0.21568627450980393,0.058823529411764705,-5.924402072815543,0.7941176470588235,0.14705882352941177,5.81753874664548,0,,0.7352941176470589,0.2647058823529412,-9.822199613513673,102,0.23529411764705882,0.9313725490196079,0,,0.47058823529411764,0.5294117647058824,2.9851742090247315
593958,"Rodriguez, Eduardo",2026,"FC","Diamondbacks","L","1.962534425",0.058823529411764705,0.2549019607843137,0.18627450980392157,-5.4965282259070785,0.6470588235294118,0.16666666666666666,8.016947943062132,0.058823529411764705,8.578556685732824,0.7843137254901961,0.1568627450980392,-10.69187811044547,102,0.1568627450980392,0.8823529411764706,0.058823529411764705,-3.9292830231447673,0.6078431372549019,0.3333333333333333,2.590101651868603
669211,"Akin, Keegan",2026,"FF","Orioles","L","1.58984879",0.0196078431372549,0.22549019607843138,0.09803921568627451,-5.612803021619862,0.803921568627451,0.09803921568627451,5.109880401994081,0.00980392156862745,7.789990175260161,0.7647058823529411,0.22549019607843138,-10.156746589542498,102,0.18627450980392157,0.9117647058823529,0,,0.6078431372549019,0.39215686274509803,2.8856070045218742
664991,"Wolfram, Grant",2026,"SI","Orioles","L","1.672007971",0.058823529411764705,0.23529411764705882,0.22549019607843138,-5.756178676490029,0.6078431372549019,0.16666666666666666,6.739833230389284,0.00980392156862745,11.84453879411251,0.6764705882352942,0.3137254901960784,-10.850442017454192,102,0.17647058823529413,0.8235294117647058,0.029411764705882353,-6.048141540427985,0.6764705882352942,0.29411764705882354,3.0171084213911206
669165,"Hurt, Kyle",2026,"CH","Dodgers","R","2.794788981",0.13725490196078433,0.22549019607843138,0.0784313725490196,-6.009251733492695,0.5686274509803921,0.35294117647058826,7.77133426783162,0.43137254901960786,11.021505996173644,0.5490196078431373,0.0196078431372549,-10.052121603966498,102,0.3431372549019608,0.9509803921568627,0.30392156862745096,-3.346808564650405,0.6176470588235294,0.0784313725490196,2.389386591790306
685126,"Eisert, Brandon",2026,"FF","zMLB","L","1.069967086",0.0784313725490196,0.21568627450980393,0.058823529411764705,-5.150543927095217,0.7352941176470589,0.20588235294117646,6.510950350280602,0.049019607843137254,8.120173680072718,0.696078431372549,0.2549019607843137,-9.88824761368345,102,0.27450980392156865,0.9019607843137255,0.00980392156862745,-3.6840092902229835,0.47058823529411764,0.5196078431372549,3.2381457511583007
680573,"Woods Richardson, Simeon",2026,"FS","zMLB","R","2.879313899",0.049019607843137254,0.3235294117647059,0.058823529411764705,-6.211865189052131,0.6862745098039216,0.2549019607843137,8.19244060713343,0.3235294117647059,11.523406070401927,0.6470588235294118,0.029411764705882353,-9.778019898595701,102,0.18627450980392157,0.9411764705882353,0.17647058823529413,-2.9414943430703686,0.7941176470588235,0.029411764705882353,2.299588897359474
615698,"Quantrill, Cal",2026,"FC","Rangers","R","2.023653996",0.0196078431372549,0.30392156862745096,0.06862745098039216,-6.095535667631467,0.7745098039215687,0.1568627450980392,7.2653243855742,0.09803921568627451,11.001014105364582,0.7941176470588235,0.10784313725490197,-10.298227166391179,102,0.14705882352941177,0.8823529411764706,0.06862745098039216,-2.9599132412735547,0.6764705882352942,0.2549019607843137,2.8052459974669914
681517,"Leahy, Kyle",2026,"ST","Cardinals","R","6.059865577",0.06862745098039216,0.17647058823529413,0.0392156862745098,-5.270656201636321,0.5,0.46078431372549017,9.034615825264778,0.37254901960784315,11.31938435666844,0.5882352941176471,0.0392156862745098,-10.882668415710798,102,0.2549019607843137,0.8725490196078431,0.13725490196078433,-3.51341480469582,0.6568627450980392,0.20588235294117646,2.765686438942023
691951,"Aldegheri, Sam",2026,"CH","Angels","L","4.521899229",0.0392156862745098,0.12745098039215685,0.0392156862745098,-9.030164138121213,0.47058823529411764,0.49019607843137253,10.365816806909907,0.5980392156862745,15.242754770501529,0.37254901960784315,0.029411764705882353,-8.79856308684462,102,0.3333333333333333,0.9411764705882353,0.0784313725490196,-3.1608753563474696,0.7745098039215687,0.14705882352941177,2.9221329934177898
660853,"De Los Santos, Enyel",2026,"CH","Astros","R","3.997424797",0.0891089108910891,0.15841584158415842,0,,0.44554455445544555,0.5544554455445545,9.800050802412725,0.6336633663366337,13.231363292742154,0.3564356435643564,0.009900990099009901,-14.325749257668827,101,0.38613861386138615,0.9405940594059405,0.13861386138613863,-2.8210007054692876,0.801980198019802,0.0594059405940594,2.8088747968328067
592791,"Taillon, Jameson",2026,"CH","Cubs","R","3.170920121",0.10891089108910891,0.18811881188118812,0,,0.36633663366336633,0.6336633663366337,7.76866796369173,0.5445544554455446,11.952430438601688,0.43564356435643564,0.019801980198019802,-8.183549630589166,101,0.32673267326732675,0.9504950495049505,0.1485148514851485,-2.856949977244206,0.7821782178217822,0.06930693069306931,3.033109291200428
607625,"Lugo, Seth",2026,"ST","Royals","R","3.127565912",0.009900990099009901,0.1485148514851485,0.04950495049504951,-5.928451985223357,0.7425742574257426,0.2079207920792079,8.257004328328383,0.5148514851485149,11.350771188702549,0.44554455445544555,0.039603960396039604,-8.365017449327116,101,0.15841584158415842,0.9504950495049505,0.12871287128712872,-2.9289724966820843,0.7128712871287128,0.15841584158415842,2.579126827316558
663992,"Lovelady, Richard",2026,"ST","zMLB","L","4.550372848",0.0891089108910891,0.24752475247524752,0.06930693069306931,-5.533031146090942,0.5841584158415841,0.3465346534653465,9.496140803951212,0.42574257425742573,13.016577574456583,0.49504950495049505,0.07920792079207921,-13.646422937212199,101,0.24752475247524752,0.9207920792079208,0.12871287128712872,-3.8129462865744643,0.7524752475247525,0.1188118811881188,2.488056839813409
607067,"Rea, Colin",2026,"SL","Cubs","R","3.925087591",0.10891089108910891,0.24752475247524752,0.019801980198019802,-5.787532709861994,0.6831683168316832,0.297029702970297,9.351242532433584,0.297029702970297,12.046687359945262,0.6534653465346535,0.04950495049504951,-9.789621698310293,101,0.3069306930693069,0.9207920792079208,0.3069306930693069,-3.3979815244552,0.6435643564356436,0.04950495049504951,2.5532450496360672
592662,"Ray, Robbie",2026,"SI","Giants","L","1.905079318",0.039603960396039604,0.36633663366336633,0.0594059405940594,-6.683036565115434,0.7029702970297029,0.2376237623762376,6.529923636216448,0,,0.7623762376237624,0.2376237623762376,-9.831022778094315,101,0.07920792079207921,0.9702970297029703,0,,0.7425742574257426,0.25742574257425743,3.1023773915247532
543135,"Eovaldi, Nathan",2026,"FF","Rangers","R","0.67642542",0.039603960396039604,0.3069306930693069,0.04950495049504951,-5.618496457566417,0.8415841584158416,0.10891089108910891,6.118009669801612,0.009900990099009901,7.295741402494264,0.7821782178217822,0.2079207920792079,-10.927623278057334,101,0.24752475247524752,0.9504950495049505,0.009900990099009901,-2.7303222536827003,0.5544554455445545,0.43564356435643564,2.981496965325169
690997,"McLean, Nolan",2026,"FC","Mets","R","2.776041023",0.0594059405940594,0.22772277227722773,0.13861386138613863,-6.117054011524686,0.6435643564356436,0.21782178217821782,13.317817475897563,0.07920792079207921,8.621736827541255,0.7227722772277227,0.19801980198019803,-11.410958442599831,101,0.297029702970297,0.9207920792079208,0.07920792079207921,-3.249591170525801,0.6138613861386139,0.3069306930693069,3.5178341437699143
670990,"Ramírez, Yohan",2026,"FF","Pirates","R","0.964744491",0.0297029702970297,0.1782178217821782,0.15841584158415842,-5.428777026825439,0.6831683168316832,0.15841584158415842,5.717086414231983,0.009900990099009901,7.323599604354759,0.801980198019802,0.18811881188118812,-8.713285843953349,101,0.24752475247524752,0.9504950495049505,0,,0.5544554455445545,0.44554455445544555,3.1581459441774435
668933,"Ashcraft, Graham",2026,"FC","Reds","R","1.540188855",0.0594059405940594,0.2376237623762376,0.1485148514851485,-5.608818369840663,0.7029702970297029,0.1485148514851485,7.045770275838666,0,,0.7029702970297029,0.297029702970297,-10.747146154672343,101,0.19801980198019803,0.8910891089108911,0.09900990099009901,-3.5756391382872867,0.6237623762376238,0.27722772277227725,3.249109722765432
669467,"Pallante, Andre",2026,"CU","Cardinals","R","5.825198282",0.1782178217821782,0.2376237623762376,0,,0.6435643564356436,0.3564356435643564,9.915922178728474,0.5841584158415841,14.521140046271235,0.36633663366336633,0.04950495049504951,-12.003595800213095,101,0.297029702970297,0.8712871287128713,0.3069306930693069,-4.471302406497084,0.6435643564356436,0.04950495049504951,2.195580031574578
657277,"Webb, Logan",2026,"ST","Giants","R","3.56598524",0.0594059405940594,0.24752475247524752,0.18811881188118812,-6.523310532596407,0.5643564356435643,0.24752475247524752,8.926495502485425,0.21782178217821782,11.79532747423604,0.7326732673267327,0.04950495049504951,-11.708913109957251,101,0.2376237623762376,0.900990099009901,0.24752475247524752,-3.724625675667472,0.6138613861386139,0.13861386138613863,2.6543648158233624
624133,"Suarez, Ranger",2026,"CH","Red Sox","L","3.268343873",0.09900990099009901,0.15841584158415842,0,,0.5247524752475248,0.4752475247524752,9.113411042742086,0.594059405940594,12.951326280309605,0.39603960396039606,0.009900990099009901,-7.984162066941035,101,0.297029702970297,0.9207920792079208,0.1188118811881188,-2.9872766324536606,0.7821782178217822,0.09900990099009901,2.829668551583408
670329,"Garcia, Rico",2026,"CH","Orioles","R","3.816953578",0.19801980198019803,0.0891089108910891,0,,0.32673267326732675,0.6732673267326733,9.604394933140545,0.6435643564356436,13.303486841066519,0.3564356435643564,0,,101,0.46534653465346537,0.9702970297029703,0.15841584158415842,-2.66205909964607,0.594059405940594,0.24752475247524752,2.8497104716303077
691587,"Pérez, Eury",2026,"ST","Marlins","R","4.895149316",0.1188118811881188,0.06930693069306931,0.0594059405940594,-6.972561215898288,0.4752475247524752,0.46534653465346537,11.129214520392274,0.693069306930693,13.669989435404535,0.297029702970297,0.009900990099009901,-10.004068418942472,101,0.36633663366336633,0.7524752475247525,0.12871287128712872,-3.933569947940528,0.6237623762376238,0.24752475247524752,2.8268630844372664
672456,"Montero, Keider",2026,"CH","Tigers","R","3.492523032",0.08,0.18,0.01,-4.073899655002986,0.45,0.54,8.396659777654039,0.46,11.577055008358908,0.53,0.01,-12.936526905659628,100,0.29,0.93,0.17,-2.7256026759333323,0.73,0.1,2.693312760362647
656546,"Hoffman, Jeff",2026,"FS","Blue Jays","R","2.963837842",0.12,0.2,0.07,-5.800797441267216,0.54,0.39,7.220741372639724,0.34,10.343871371853826,0.62,0.04,-9.35635760504273,100,0.34,0.93,0.35,-3.5857809412775454,0.61,0.04,2.8335394661732902
680573,"Woods Richardson, Simeon",2026,"SL","zMLB","R","2.834642176",0.06,0.27,0.15,-5.96407228215712,0.66,0.19,7.285726395987489,0.22,10.307426737373524,0.71,0.07,-8.75062682868147,100,0.19,0.94,0.13,-4.574164029552616,0.73,0.14,2.763316606383159
676684,"Vest, Will",2026,"FF","Tigers","R","0.60189424",0.04,0.23,0.03,-4.3382837814054325,0.81,0.16,6.3648568388038225,0,,0.66,0.34,-10.480136700214219,100,0.2,0.93,0,,0.56,0.44,2.8391658306422993
687562,"Bennett, Jake",2026,"SI","Red Sox","L","1.678875939",0.03,0.3,0.18,-10.138044566994479,0.6,0.22,6.892619425987475,0.04,9.447196171886084,0.77,0.19,-10.86525104969684,100,0.1,0.93,0.14,-2.4169939369969495,0.78,0.08,2.5054227660525568
660853,"De Los Santos, Enyel",2026,"SL","Astros","R","4.457020752",0.13,0.17,0.03,-4.915689115185413,0.49,0.48,9.744103112583874,0.43,13.49603038441342,0.55,0.02,-10.05870479186495,100,0.36,0.93,0.18,-2.991023478386627,0.65,0.17,3.022484341086179
500779,"Quintana, Jose",2026,"FF","Rockies","L","0.991289988",0.03,0.25,0.1,-5.198463093395881,0.8,0.1,6.24041035743382,0,,0.72,0.28,-10.581242987484986,100,0.2,0.92,0.02,-2.452407239451837,0.6,0.38,3.352868141961172
668674,"Erceg, Lucas",2026,"FF","Royals","R","0.988035504",0.04,0.16,0.07,-5.3150690456297855,0.78,0.15,7.454185374080859,0,,0.61,0.39,-10.250596389685095,100,0.17,0.92,0,,0.66,0.34,2.9408638029236007
641927,"Ober, Bailey",2026,"SL","Twins","R","2.913175337",0,0.32,0.01,-4.298652322850817,0.77,0.22,7.226090916533528,0.37,11.834446886888886,0.6,0.03,-10.132628189890486,100,0.11,0.94,0.04,-4.345594824901486,0.84,0.12,2.7991693351871296
694297,"Pfaadt, Brandon",2026,"SI","Diamondbacks","R","1.470102545",0.02,0.33,0.2,-5.902863926249355,0.64,0.16,6.524099725638744,0.04,8.387353798914775,0.88,0.08,-9.996776883892153,100,0.09,0.95,0.12,-2.852547044649505,0.82,0.06,3.227342796041801
682052,"Lopez, Jacob",2026,"FC","Athletics","L","1.314769489",0.04,0.23,0.16,-5.883591958599503,0.75,0.09,9.2923327560867,0.09,10.56963503328824,0.77,0.14,-13.415418820565105,100,0.26,0.93,0.01,-7.975105602279314,0.59,0.4,3.2488888604078774
642701,"Santana, Dennis",2026,"FF","Pirates","R","0.767310595",0.01,0.25,0.13,-5.930461033089159,0.82,0.05,4.578768513725781,0.03,7.436802887850139,0.83,0.14,-9.622029428602124,100,0.18,0.9,0.01,-2.1821895221536813,0.58,0.41,2.896323422276057
671922,"Smith, Cade",2026,"FS","Guardians","R","4.434796702",0.1717171717171717,0.13131313131313133,0.0707070707070707,-6.328524736559867,0.46464646464646464,0.46464646464646464,9.097512186178461,0.41414141414141414,11.502226368311629,0.5353535353535354,0.050505050505050504,-9.514691706104426,99,0.45454545454545453,0.8484848484848485,0.43434343434343436,-3.7287012952903793,0.5353535353535354,0.030303030303030304,2.6725541072935184
808967,"Yamamoto, Yoshinobu",2026,"CU","Dodgers","R","3.679107661",0.09090909090909091,0.15151515151515152,0.050505050505050504,-4.462799446907082,0.6262626262626263,0.32323232323232326,8.700395579076119,0.6464646464646465,13.956248736916852,0.31313131313131315,0.04040404040404041,-12.61657919483291,99,0.2222222222222222,0.8888888888888888,0.18181818181818182,-2.7539139824372887,0.7878787878787878,0.030303030303030304,2.06693150747342
664875,"Lawrence, Justin",2026,"ST","zMLB","R","7.43962012",0.13131313131313133,0.15151515151515152,0.08080808080808081,-10.375184772915711,0.45454545454545453,0.46464646464646464,14.793773040125938,0.5454545454545454,14.498903606146417,0.40404040404040403,0.050505050505050504,-10.847833689988466,99,0.46464646464646464,0.797979797979798,0.25252525252525254,-4.826983982226498,0.6666666666666666,0.08080808080808081,2.575871672009022
664141,"Brubaker, JT",2026,"SL","Giants","R","4.510765496",0.20202020202020202,0.13131313131313133,0.04040404040404041,-4.901613885096147,0.41414141414141414,0.5454545454545454,9.148191554835845,0.5454545454545454,11.504901027221043,0.43434343434343436,0.020202020202020204,-14.358986571144946,99,0.3939393939393939,0.9292929292929293,0.31313131313131315,-3.347407160513984,0.6464646464646465,0.04040404040404041,2.8399264326842193
660761,"Suarez, José",2026,"SL","zMLB","L","2.998705146",0.10101010101010101,0.18181818181818182,0.04040404040404041,-6.361893018929216,0.6666666666666666,0.29292929292929293,8.694205940910802,0.4444444444444444,11.781378551278097,0.494949494949495,0.06060606060606061,-10.940632852150586,99,0.29292929292929293,0.8888888888888888,0.31313131313131315,-3.1712731486944845,0.5656565656565656,0.12121212121212122,2.770088186595121
702070,"Cameron, Noah",2026,"SL","Royals","L","5.006645026",0.13131313131313133,0.24242424242424243,0.06060606060606061,-7.940303928716668,0.6161616161616161,0.32323232323232326,10.333347203504253,0.4444444444444444,11.537912601007418,0.494949494949495,0.06060606060606061,-11.482010163925668,99,0.30303030303030304,0.9191919191919192,0.25252525252525254,-3.340276795917789,0.6767676767676768,0.0707070707070707,2.9623708630254386
643377,"Jax, Griffin",2026,"FF","Rays","R","1.21548539",0.020202020202020204,0.23232323232323232,0.030303030303030304,-4.920866230833205,0.7878787878787878,0.18181818181818182,6.9788726937008985,0.010101010101010102,8.426782501648779,0.7777777777777778,0.21212121212121213,-10.668608611417566,99,0.24242424242424243,0.9191919191919192,0.010101010101010102,-2.958584929134276,0.5151515151515151,0.47474747474747475,3.345260519097529
656794,"Newcomb, Sean",2026,"SV","White Sox","L","3.211283483",0.06060606060606061,0.2222222222222222,0.23232323232323232,-6.318820369104757,0.5353535353535354,0.23232323232323232,8.74345806481674,0.20202020202020202,11.391446010502227,0.6565656565656566,0.1414141414141414,-10.671205645407296,99,0.2828282828282828,0.8484848484848485,0.2828282828282828,-3.9415857242716643,0.5959595959595959,0.12121212121212122,3.0290474308912243
641835,"Mayza, Tim",2026,"SL","Phillies","L","3.255962963",0.10101010101010101,0.23232323232323232,0.06060606060606061,-6.846167955456936,0.6161616161616161,0.32323232323232326,8.142421658381648,0.25252525252525254,11.011148698968668,0.6363636363636364,0.1111111111111111,-11.615043140848458,99,0.29292929292929293,0.9191919191919192,0.23232323232323232,-3.922390834669954,0.696969696969697,0.0707070707070707,3.619299081626193
670329,"Garcia, Rico",2026,"FF","Orioles","R","0.716525261",0.04040404040404041,0.24242424242424243,0.06060606060606061,-4.686336583178941,0.7474747474747475,0.1919191919191919,5.731024639220438,0.0707070707070707,8.457239328240847,0.8282828282828283,0.10101010101010101,-10.623473235044525,99,0.24242424242424243,0.9494949494949495,0.030303030303030304,-2.497604689666983,0.48484848484848486,0.48484848484848486,2.9111007510019693
681035,"Scott, Christian",2026,"FC","Mets","R","1.833521661",0.030303030303030304,0.16161616161616163,0.26262626262626265,-6.183341876246903,0.6060606060606061,0.13131313131313133,7.955129374881345,0.10101010101010101,9.789102265182178,0.7373737373737373,0.16161616161616163,-11.524144842816122,99,0.1919191919191919,0.898989898989899,0.1414141414141414,-3.0146943277209326,0.6565656565656566,0.20202020202020202,2.941426727220304
607536,"Freeland, Kyle",2026,"ST","Rockies","L","3.642596847",0.1326530612244898,0.19387755102040816,0.12244897959183673,-6.586059887503951,0.6122448979591837,0.2653061224489796,10.672651801744193,0.3469387755102041,12.399746050781921,0.5510204081632653,0.10204081632653061,-11.890389739278762,98,0.3469387755102041,0.8979591836734694,0.25510204081632654,-2.9389206391942952,0.5816326530612245,0.16326530612244897,3.012095182974618
678394,"Bello, Brayan",2026,"FC","Red Sox","R","4.3835539",0.2755102040816326,0.15306122448979592,0,,0.5204081632653061,0.47959183673469385,9.360101304917809,0.5918367346938775,12.961174786989398,0.37755102040816324,0.030612244897959183,-10.780024897685946,98,0.45918367346938777,0.9489795918367347,0.35714285714285715,-3.7013961549917416,0.5408163265306123,0.10204081632653061,2.6685212134317786
687312,"Hughes, Gabriel",2026,"FF","Rockies","R","1.18775374",0.061224489795918366,0.15306122448979592,0.16326530612244897,-5.629338813491637,0.6836734693877551,0.15306122448979592,7.876228681527254,0.01020408163265306,9.471427314240813,0.5918367346938775,0.3979591836734694,-11.187018624921219,98,0.21428571428571427,0.8775510204081632,0.04081632653061224,-3.0725948409476134,0.6632653061224489,0.29591836734693877,3.097259022638552
665622,"Medina, Luis",2026,"FF","Athletics","R","0.98948731",0.030612244897959183,0.25510204081632654,0.05102040816326531,-5.397650895296269,0.7653061224489796,0.1836734693877551,6.264944237282051,0,,0.7857142857142857,0.21428571428571427,-10.047471620387295,98,0.24489795918367346,0.9285714285714286,0.01020408163265306,-2.0357033829773497,0.5306122448979592,0.45918367346938777,3.138242933035935
607259,"Martinez, Nick",2026,"FF","Rays","R","0.745769057",0.030612244897959183,0.2857142857142857,0.11224489795918367,-4.787888764408303,0.8469387755102041,0.04081632653061224,5.73271416253881,0.02040816326530612,7.906215272266177,0.7040816326530612,0.2755102040816326,-10.079595506627024,98,0.15306122448979592,0.9285714285714286,0.01020408163265306,-2.191147877414385,0.6020408163265306,0.3877551020408163,2.9690446650320643
543243,"Gray, Sonny",2026,"CU","Red Sox","R","4.759034546",0.10204081632653061,0.20408163265306123,0.05102040816326531,-7.474753395360694,0.673469387755102,0.2755102040816326,8.891811865034946,0.5408163265306123,13.160809487425201,0.4489795918367347,0.01020408163265306,-9.609792134551856,98,0.336734693877551,0.8979591836734694,0.41836734693877553,-4.373431107692937,0.5714285714285714,0.01020408163265306,2.1900499024547146
686613,"Brown, Hunter",2026,"FF","Astros","R","0.87387472",0.061224489795918366,0.2653061224489796,0.05102040816326531,-4.711907947022693,0.8367346938775511,0.11224489795918367,7.58791649994144,0,,0.7448979591836735,0.25510204081632654,-11.275747404746419,98,0.25510204081632654,0.9285714285714286,0.02040816326530612,-3.445830093972436,0.46938775510204084,0.5102040816326531,3.0578500793103305
683618,"Henriquez, Edgardo",2026,"FF","Dodgers","R","1.444549738",0.02040816326530612,0.14285714285714285,0.10204081632653061,-6.091520728757223,0.7551020408163265,0.14285714285714285,7.662505450311125,0.01020408163265306,8.071163333255802,0.7653061224489796,0.22448979591836735,-10.067759409864241,98,0.2857142857142857,0.9285714285714286,0.02040816326530612,-3.241726774005806,0.42857142857142855,0.5510204081632653,3.1276989497553433
656222,"Beeks, Jalen",2026,"FF","Rangers","L","1.131470275",0.01020408163265306,0.32653061224489793,0.08163265306122448,-5.080539903934954,0.8061224489795918,0.11224489795918367,7.525578887254423,0.01020408163265306,7.997735591583746,0.7040816326530612,0.2857142857142857,-10.950611128448557,98,0.14285714285714285,0.8367346938775511,0.01020408163265306,-2.1906681541021573,0.6122448979591837,0.37755102040816324,3.0725524302683587
641778,"Lauer, Eric",2026,"CH","zMLB","L","1.169038643",0.030927835051546393,0.32989690721649484,0.041237113402061855,-5.440724751706606,0.5463917525773195,0.41237113402061853,6.218392962098945,0.24742268041237114,10.43312859058931,0.7319587628865979,0.020618556701030927,-9.067903968650493,97,0.13402061855670103,0.9587628865979382,0.1134020618556701,-2.5335269833444465,0.7628865979381443,0.12371134020618557,2.6028738344961657
695418,"Lord, Brad",2026,"SL","Nationals","R","3.69955905",0.07216494845360824,0.20618556701030927,0.10309278350515463,-6.0619503131337975,0.5360824742268041,0.36082474226804123,8.35482378407321,0.24742268041237114,11.17415762475984,0.6391752577319587,0.1134020618556701,-9.282465159942456,97,0.25773195876288657,0.8350515463917526,0.2268041237113402,-3.404542168969929,0.6494845360824743,0.12371134020618557,2.913447438387397
688883,"Pallette, Peyton",2026,"FF","Guardians","R","1.032556145",0.041237113402061855,0.13402061855670103,0.07216494845360824,-5.138525601759325,0.7835051546391752,0.14432989690721648,5.425890830643288,0,,0.7319587628865979,0.26804123711340205,-10.268539040798247,97,0.30927835051546393,0.9175257731958762,0.010309278350515464,-2.090903011792912,0.422680412371134,0.5670103092783505,3.0615096718585804
621345,"Minter, A.J.",2026,"FC","Mets","L","2.477101684",0.030927835051546393,0.18556701030927836,0.12371134020618557,-5.79909935497471,0.5876288659793815,0.28865979381443296,7.860621978704198,0.32989690721649484,9.92704893080089,0.6185567010309279,0.05154639175257732,-10.097598304696334,97,0.26804123711340205,0.9690721649484536,0.1134020618556701,-3.213079053894694,0.711340206185567,0.17525773195876287,2.7462640174791293
679883,"Avila, Luinder",2026,"SL","Royals","R","4.43289781",0.1134020618556701,0.15463917525773196,0.12371134020618557,-6.528106665308568,0.5051546391752577,0.3711340206185567,8.08616088504625,0.28865979381443296,11.161918979011691,0.6391752577319587,0.07216494845360824,-10.483066896088033,97,0.3402061855670103,0.7835051546391752,0.3402061855670103,-4.48423459145402,0.5670103092783505,0.09278350515463918,2.8604785974186675
695611,"Jump, Gage",2026,"SL","Athletics","L","2.653213455",0.041237113402061855,0.23711340206185566,0.10309278350515463,-5.177784786275387,0.711340206185567,0.18556701030927836,8.210121459377307,0.31958762886597936,10.878112354928346,0.5979381443298969,0.08247422680412371,-10.871146524075849,97,0.26804123711340205,0.9072164948453608,0.21649484536082475,-3.535343441658121,0.6185567010309279,0.16494845360824742,2.92770267198673
676571,"Poulin, PJ",2026,"ST","Nationals","L","4.780342717",0.12371134020618557,0.15463917525773196,0.061855670103092786,-8.207611821082638,0.5567010309278351,0.38144329896907214,9.731228802838869,0.6391752577319587,13.183505315366924,0.35051546391752575,0.010309278350515464,-7.829723502180877,97,0.28865979381443296,0.8969072164948454,0.16494845360824742,-4.33452632743732,0.7319587628865979,0.10309278350515463,3.0784932037448582
643410,"Leiter Jr., Mark",2026,"FS","Athletics","R","4.443744732",0.28865979381443296,0.10309278350515463,0.061855670103092786,-6.755365343114862,0.3917525773195876,0.5463917525773195,8.816647761847388,0.6082474226804123,12.578043042181768,0.38144329896907214,0.010309278350515464,-9.327742734606243,97,0.4639175257731959,0.865979381443299,0.4329896907216495,-3.652762329183636,0.5360824742268041,0.030927835051546393,2.8445238124745527
663558,"Morán, Jovani",2026,"FF","Red Sox","L","1.045333048",0.041237113402061855,0.23711340206185566,0.09278350515463918,-5.517888134604173,0.8144329896907216,0.09278350515463918,5.748986789639837,0.010309278350515464,12.021416153010486,0.6907216494845361,0.29896907216494845,-10.495798731757079,97,0.2268041237113402,0.865979381443299,0.020618556701030927,-2.2608089785015886,0.5773195876288659,0.4020618556701031,3.1472093545496755
668933,"Ashcraft, Graham",2026,"SL","Reds","R","5.095280343",0.1134020618556701,0.16494845360824742,0.10309278350515463,-7.243338292585021,0.5360824742268041,0.36082474226804123,10.59051699173617,0.21649484536082475,11.52474848464724,0.6597938144329897,0.12371134020618557,-11.739680887946385,97,0.4639175257731959,0.7835051546391752,0.3711340206185567,-4.934197825120733,0.4742268041237113,0.15463917525773196,3.390744663909087
685126,"Eisert, Brandon",2026,"SL","zMLB","L","3.209960468",0.09278350515463918,0.20618556701030927,0.061855670103092786,-5.24599185106107,0.5670103092783505,0.3711340206185567,8.978514748179144,0.35051546391752575,11.678867394501504,0.5670103092783505,0.08247422680412371,-11.811202551774565,97,0.3402061855670103,0.9381443298969072,0.15463917525773196,-3.4250257953966954,0.7216494845360825,0.12371134020618557,2.9436055861456847
676440,"Bibee, Tanner",2026,"CU","Guardians","R","5.028069736",0.08247422680412371,0.18556701030927836,0.061855670103092786,-7.391474746161885,0.5670103092783505,0.3711340206185567,9.850900711796484,0.6288659793814433,15.062391920399824,0.36082474226804123,0.010309278350515464,-7.929697327417651,97,0.26804123711340205,0.8969072164948454,0.20618556701030927,-3.628968817284568,0.7422680412371134,0.05154639175257732,3.088903005014048
579328,"Kikuchi, Yusei",2026,"FF","Angels","L","1.731911554",0.041237113402061855,0.21649484536082475,0.061855670103092786,-6.495507910983869,0.8350515463917526,0.10309278350515463,9.10283152924974,0.010309278350515464,7.225505447783883,0.7216494845360825,0.26804123711340205,-10.611333017782068,97,0.20618556701030927,0.9175257731958762,0.020618556701030927,-2.3172292950552658,0.5463917525773195,0.4329896907216495,3.1122421396994926
675911,"Strider, Spencer",2026,"SL","Braves","R","6.100738978",0.17525773195876287,0.09278350515463918,0.041237113402061855,-6.216149339070617,0.5051546391752577,0.4536082474226804,11.492136954650821,0.6701030927835051,13.89980811396278,0.31958762886597936,0.010309278350515464,-17.486253123079326,97,0.4020618556701031,0.8762886597938144,0.23711340206185566,-4.032046882228606,0.6494845360824743,0.1134020618556701,2.932713637233328
662253,"Muñoz, Andrés",2026,"FF","Mariners","R","1.186194306",0.07291666666666667,0.21875,0.041666666666666664,-6.659789600321769,0.7291666666666666,0.22916666666666666,7.511119723839485,0,,0.6145833333333334,0.3854166666666667,-10.708558276942412,96,0.2708333333333333,0.8958333333333334,0.020833333333333332,-2.351029506666727,0.5520833333333334,0.4270833333333333,3.235474687727672
571948,"Milner, Hoby",2026,"SI","Cubs","L","1.636575951",0.052083333333333336,0.3645833333333333,0.125,-9.32257171409625,0.7395833333333334,0.13541666666666666,6.811220911609028,0.052083333333333336,8.655900132216464,0.7916666666666666,0.15625,-9.501424574615937,96,0.1875,0.9583333333333334,0.10416666666666667,-3.16226121239911,0.6666666666666666,0.22916666666666666,2.930068389719997
656492,"Griffin, Foster",2026,"CU","Nationals","L","3.906652189",0.052083333333333336,0.20833333333333334,0.052083333333333336,-4.99888025319474,0.65625,0.2916666666666667,8.254972267462817,0.4270833333333333,13.689161993627842,0.5416666666666666,0.03125,-11.110998392700608,96,0.25,0.9270833333333334,0.3125,-3.655105244021308,0.6666666666666666,0.020833333333333332,2.1823429885369716
663372,"Feltner, Ryan",2026,"CH","Rockies","R","5.261753329",0.2916666666666667,0.14583333333333334,0.041666666666666664,-6.795184063570784,0.40625,0.5520833333333334,9.900445492765614,0.53125,14.732269886510482,0.4375,0.03125,-9.841950118000538,96,0.4791666666666667,0.9479166666666666,0.3333333333333333,-3.3880645124974893,0.5416666666666666,0.125,2.968681549449403
621111,"Buehler, Walker",2026,"SI","Padres","R","0.829273669",0.020833333333333332,0.3333333333333333,0.125,-5.798014504318543,0.7708333333333334,0.10416666666666667,7.328800664808416,0.010416666666666666,10.958864175868225,0.7395833333333334,0.25,-10.266961829162915,96,0.11458333333333333,0.8958333333333334,0.052083333333333336,-3.0547473692719755,0.75,0.19791666666666666,2.983029004622478
694297,"Pfaadt, Brandon",2026,"FF","Diamondbacks","R","1.21168699",0.03125,0.3854166666666667,0.09375,-4.954918057985154,0.7604166666666666,0.14583333333333334,5.548322409834079,0.020833333333333332,10.630400742413112,0.7604166666666666,0.21875,-10.346383278322415,96,0.15625,0.9375,0,,0.6770833333333334,0.3229166666666667,3.0068120756091568
676083,"Junk, Janson",2026,"CH","Marlins","R","3.146081004",0.12631578947368421,0.2631578947368421,0.042105263157894736,-7.2599448720604665,0.631578947368421,0.3263157894736842,7.3717314028502114,0.23157894736842105,11.205945579366372,0.7157894736842105,0.05263157894736842,-10.26197212080939,95,0.3263157894736842,0.9157894736842105,0.3894736842105263,-3.3404631716715576,0.5578947368421052,0.05263157894736842,2.583235405048581
621383,"Banks, Tanner",2026,"SL","Phillies","L","0.965610284",0.031578947368421054,0.14736842105263157,0.16842105263157894,-5.359544473346398,0.6421052631578947,0.18947368421052632,6.898051594573746,0.042105263157894736,10.472404978542139,0.5894736842105263,0.3684210526315789,-11.618088212171301,95,0.23157894736842105,0.8736842105263158,0.031578947368421054,-2.335087173124082,0.6526315789473685,0.3157894736842105,2.911818515473043
605135,"Bassitt, Chris",2026,"FC","Orioles","R","0.980660408",0.05263157894736842,0.23157894736842105,0.16842105263157894,-6.51286817551149,0.6947368421052632,0.1368421052631579,6.810490589755953,0.031578947368421054,10.77358697613507,0.6736842105263158,0.29473684210526313,-13.320264407753655,95,0.22105263157894736,0.7894736842105263,0.042105263157894736,-3.442628127752692,0.6210526315789474,0.3368421052631579,3.1515130868823062
646241,"De Jesus, Enmanuel",2026,"FF","Tigers","L","0.719084532",0.021052631578947368,0.2,0.08421052631578947,-4.939975266538434,0.7894736842105263,0.12631578947368421,5.282149613314431,0.010526315789473684,9.117590257067091,0.6631578947368421,0.3263157894736842,-10.371138393616409,95,0.2631578947368421,0.8631578947368421,0,,0.4631578947368421,0.5368421052631579,2.9482954649580404
607074,"Rodón, Carlos",2026,"SL","Yankees","L","5.250099118",0.10526315789473684,0.21052631578947367,0.08421052631578947,-8.914022786695154,0.6736842105263158,0.24210526315789474,8.34215288215508,0.2736842105263158,11.384564894854863,0.6210526315789474,0.10526315789473684,-12.788169958471277,95,0.3263157894736842,0.8736842105263158,0.2631578947368421,-6.011169898442052,0.5894736842105263,0.14736842105263157,2.8081128305446
592791,"Taillon, Jameson",2026,"FC","Cubs","R","2.740272502",0.031578947368421054,0.23157894736842105,0.021052631578947368,-4.491756343638967,0.6947368421052632,0.28421052631578947,9.370514119246668,0.29473684210526313,11.463066127883968,0.6421052631578947,0.06315789473684211,-12.40780341639123,95,0.2631578947368421,0.9263157894736842,0.06315789473684211,-2.6289771690777397,0.6947368421052632,0.24210526315789474,2.905164703095958
665871,"Assad, Javier",2026,"FF","Cubs","R","0.882231303",0.021052631578947368,0.2736842105263158,0.11578947368421053,-5.748472626692901,0.8,0.08421052631578947,7.1495300774047505,0,,0.7894736842105263,0.21052631578947367,-11.649885958416634,95,0.1368421052631579,0.9157894736842105,0.021052631578947368,-2.587057052103453,0.6210526315789474,0.35789473684210527,3.0546213247159693
642528,"Loáisiga, Jonathan",2026,"SI","Diamondbacks","R","1.423791549",0.010526315789473684,0.23157894736842105,0.28421052631578947,-5.67627769787047,0.5368421052631579,0.17894736842105263,12.930320731264308,0,,0.7684210526315789,0.23157894736842105,-10.78284003714832,95,0.18947368421052632,0.9157894736842105,0.16842105263157894,-2.937077622701224,0.7157894736842105,0.11578947368421053,2.85582828524513
608331,"Fried, Max",2026,"SI","Yankees","L","2.173385159",0.031914893617021274,0.26595744680851063,0.0851063829787234,-5.054718874604738,0.6595744680851063,0.2553191489361702,7.308121031493199,0.02127659574468085,9.00414123950619,0.7021276595744681,0.2765957446808511,-9.570199027678152,94,0.1595744680851064,0.9680851063829787,0.14893617021276595,-3.1439619186299606,0.7553191489361702,0.09574468085106383,2.916193267261268
593958,"Rodriguez, Eduardo",2026,"CU","Diamondbacks","L","3.609793557",0.11702127659574468,0.35106382978723405,0.010638297872340425,-5.455091054234195,0.6702127659574468,0.3191489361702128,8.77762881174752,0.4787234042553192,13.031772561493224,0.48936170212765956,0.031914893617021274,-10.944310881502268,94,0.23404255319148937,0.9468085106382979,0.2127659574468085,-2.794731611964413,0.7553191489361702,0.031914893617021274,2.307264682360778
696270,"Johnson, Ryan",2026,"SI","Angels","R","0.621792936",0,0.3723404255319149,0.06382978723404255,-6.297830726178639,0.723404255319149,0.2127659574468085,5.376623155777006,0.02127659574468085,9.485416125724921,0.8723404255319149,0.10638297872340426,-8.364749362201332,94,0.031914893617021274,0.9787234042553191,0.05319148936170213,-2.2966957428158032,0.8297872340425532,0.11702127659574468,2.4790916743658995
663623,"Irvin, Jake",2026,"SI","Nationals","R","1.28001219",0,0.3191489361702128,0.09574468085106383,-5.121829070090904,0.7340425531914894,0.1702127659574468,6.404819056509548,0.07446808510638298,8.683101661525662,0.7872340425531915,0.13829787234042554,-9.782288702216697,94,0.09574468085106383,0.9680851063829787,0.09574468085106383,-2.7463533907295132,0.7659574468085106,0.13829787234042554,2.6917739751160124
669022,"Gore, MacKenzie",2026,"SL","Rangers","L","2.6388474",0.07446808510638298,0.23404255319148937,0.0425531914893617,-6.9924520873505145,0.6170212765957447,0.3404255319148936,7.724057395096945,0.43617021276595747,10.993811540745144,0.5212765957446809,0.0425531914893617,-10.410011932459092,94,0.23404255319148937,0.8723404255319149,0.13829787234042554,-3.411549700885805,0.7340425531914894,0.1276595744680851,2.5110342921087905
689296,"Nunez, Anthony",2026,"ST","Orioles","R","7.299843064",0.20212765957446807,0.1276595744680851,0.010638297872340425,-4.904591329317288,0.3617021276595745,0.6276595744680851,12.680648028607461,0.4787234042553192,13.181948448625395,0.44680851063829785,0.07446808510638298,-10.133189801570614,94,0.48936170212765956,0.7553191489361702,0.2978723404255319,-3.822735673053204,0.574468085106383,0.1276595744680851,2.9577015523462804
669093,"Estrada, Jeremiah",2026,"FF","Padres","R","0.950600762",0.031914893617021274,0.2127659574468085,0.1276595744680851,-6.167249466867047,0.7553191489361702,0.11702127659574468,5.950980554857429,0,,0.7872340425531915,0.2127659574468085,-9.699474373387536,94,0.26595744680851063,0.925531914893617,0,,0.46808510638297873,0.5319148936170213,3.184575462170876
702474,"Paredes, Mike",2026,"FF","Twins","R","0.823630951",0,0.35106382978723405,0.10638297872340426,-5.385162278601693,0.8297872340425532,0.06382978723404255,5.791466389488898,0.02127659574468085,8.510247248172124,0.9042553191489362,0.07446808510638298,-11.097291287258832,94,0.13829787234042554,0.9893617021276596,0.031914893617021274,-2.1846208337979296,0.6276595744680851,0.3404255319148936,2.776907911202363
681217,"Silseth, Chase",2026,"FS","Angels","R","4.664675164",0.19148936170212766,0.14893617021276595,0.031914893617021274,-7.534872962740203,0.5106382978723404,0.4574468085106383,8.281571379787007,0.4574468085106383,11.872701510972355,0.5212765957446809,0.02127659574468085,-9.379149608753403,94,0.40425531914893614,0.8723404255319149,0.3829787234042553,-3.963898656040735,0.5425531914893617,0.07446808510638298,2.4014902917641354
672335,"Pérez, Cionel",2026,"SV","zMLB","L","4.576211124",0.09574468085106383,0.2127659574468085,0.02127659574468085,-5.0577833642085395,0.5,0.4787234042553192,9.265385218425628,0.2872340425531915,13.624824532236264,0.6382978723404256,0.07446808510638298,-10.694562895082933,94,0.3404255319148936,0.8191489361702128,0.2127659574468085,-3.582825255852867,0.648936170212766,0.13829787234042554,2.4434797768835708
684049,"Bidois, Brandan",2026,"FF","Pirates","R","1.264481681",0.06382978723404255,0.24468085106382978,0.02127659574468085,-6.102002248549107,0.7978723404255319,0.18085106382978725,6.7354820782415485,0,,0.7659574468085106,0.23404255319148937,-10.422333391083502,94,0.35106382978723405,0.8723404255319149,0.0425531914893617,-3.138203930044903,0.43617021276595747,0.5212765957446809,3.375229084351045
687064,"Young, Brandon",2026,"SI","Orioles","R","0.729112854",0.043010752688172046,0.3010752688172043,0.26881720430107525,-6.148950792635944,0.6451612903225806,0.08602150537634409,6.12861390434084,0,,0.7526881720430108,0.24731182795698925,-10.802177099981286,93,0.10752688172043011,0.8602150537634409,0.053763440860215055,-2.3614817080480397,0.7849462365591398,0.16129032258064516,2.930963009891811
664199,"Clarke, Taylor",2026,"SL","Diamondbacks","R","3.905169316",0.07526881720430108,0.24731182795698925,0.043010752688172046,-5.843956945436675,0.5698924731182796,0.3870967741935484,10.484589635898818,0.40860215053763443,11.678706562675593,0.5698924731182796,0.021505376344086023,-9.847755814659607,93,0.3548387096774194,0.8817204301075269,0.1827956989247312,-3.376345222405398,0.7096774193548387,0.10752688172043011,2.4918936893404453
677944,"Cecconi, Slade",2026,"CU","Guardians","R","6.999228391",0.0967741935483871,0.13978494623655913,0.043010752688172046,-5.209813673444557,0.5698924731182796,0.3870967741935484,14.225553475438995,0.7419354838709677,14.482762995131399,0.25806451612903225,0,,93,0.27956989247311825,0.8387096774193549,0.23655913978494625,-4.826311441374069,0.7204301075268817,0.043010752688172046,2.3249175006425484
668674,"Erceg, Lucas",2026,"SL","Royals","R","6.021718398",0.11827956989247312,0.13978494623655913,0.17204301075268819,-5.903838535760776,0.5376344086021505,0.2903225806451613,12.080898886526795,0.4731182795698925,12.764304988075022,0.4946236559139785,0.03225806451612903,-13.834060494771336,93,0.2903225806451613,0.8709677419354839,0.22580645161290322,-3.951088796969946,0.6881720430107527,0.08602150537634409,2.5185837513432707
683175,"Phillips, Connor",2026,"FF","Reds","R","1.118838732",0.03225806451612903,0.24731182795698925,0.053763440860215055,-5.282964701529829,0.7096774193548387,0.23655913978494625,6.658351208144978,0,,0.7741935483870968,0.22580645161290322,-10.31607838021895,93,0.15053763440860216,0.9354838709677419,0,,0.5913978494623656,0.40860215053763443,2.9355192759555493
518876,"Kelly, Merrill",2026,"SL","Diamondbacks","R","5.248969926",0.07526881720430108,0.1827956989247312,0.021505376344086023,-5.152217260026829,0.5376344086021505,0.44086021505376344,11.938262224260361,0.5268817204301075,12.562742830793178,0.4731182795698925,0,,93,0.3548387096774194,0.9139784946236559,0.15053763440860216,-3.14835399691093,0.7741935483870968,0.07526881720430108,2.893232792785103
689520,"Laweryson, Cody",2026,"FF","Twins","R","1.069923316",0.03225806451612903,0.23655913978494625,0.0967741935483871,-6.281489118534392,0.8602150537634409,0.043010752688172046,9.849655590671334,0,,0.7741935483870968,0.22580645161290322,-10.999158081143651,93,0.21505376344086022,0.9032258064516129,0.021505376344086023,-3.3036534156453374,0.5053763440860215,0.4731182795698925,2.8565393290542933
675512,"Melton, Troy",2026,"SL","Tigers","R","4.528312338",0.0967741935483871,0.20430107526881722,0.07526881720430108,-8.274300520964468,0.5698924731182796,0.3548387096774194,7.589793348099194,0.43010752688172044,11.23075356946981,0.5483870967741935,0.021505376344086023,-14.41572455294968,93,0.3225806451612903,0.8924731182795699,0.27956989247311825,-5.054539286004663,0.6559139784946236,0.06451612903225806,2.851345339102197
666171,"Zeferjahn, Ryan",2026,"FF","Angels","R","1.16643646",0.15053763440860216,0.11827956989247312,0.06451612903225806,-5.652262826905862,0.7204301075268817,0.21505376344086022,8.374081721508595,0.010752688172043012,9.521765856665791,0.5483870967741935,0.44086021505376344,-10.778884988417209,93,0.43010752688172044,0.8709677419354839,0.010752688172043012,-2.572554370651611,0.3118279569892473,0.6774193548387096,3.410721605185044
687330,"Kelly, Kevin",2026,"CH","Rays","R","1.957605315",0.08602150537634409,0.24731182795698925,0.07526881720430108,-6.20874424249117,0.5591397849462365,0.3655913978494624,6.708929425641305,0.24731182795698925,9.980965731947812,0.7096774193548387,0.043010752688172046,-9.414046395423625,93,0.24731182795698925,0.978494623655914,0.3118279569892473,-3.0820090044354775,0.6559139784946236,0.03225806451612903,3.259592746747525
656876,"Rasmussen, Drew",2026,"CH","Rays","R","2.621149079",0.13978494623655913,0.1935483870967742,0.010752688172043012,-5.4744128912640235,0.5268817204301075,0.46236559139784944,6.810408773365226,0.23655913978494625,9.68201177096476,0.6559139784946236,0.10752688172043011,-9.491183747439912,93,0.3763440860215054,0.8709677419354839,0.43010752688172044,-3.591914307531438,0.4946236559139785,0.07526881720430108,2.6839332390672173
641302,"Alexander, Tyler",2026,"CH","Rangers","L","2.192774722",0.0967741935483871,0.22580645161290322,0.010752688172043012,-4.6026853085009485,0.4946236559139785,0.4946236559139785,7.027071957331476,0.34408602150537637,10.406385551205926,0.6021505376344086,0.053763440860215055,-8.351450698633709,93,0.23655913978494625,0.956989247311828,0.24731182795698925,-2.8363893387835217,0.7204301075268817,0.03225806451612903,2.5346281220885873
680802,"Weiss, Ryan",2026,"FF","Astros","R","0.77968826",0.043478260869565216,0.2717391304347826,0.05434782608695652,-5.360275243855115,0.7934782608695652,0.15217391304347827,5.172904254080157,0.010869565217391304,7.068654718865026,0.7608695652173914,0.22826086956521738,-10.256860010589858,92,0.16304347826086957,0.9239130434782609,0,,0.532608695652174,0.4673913043478261,3.0695415029990456
656492,"Griffin, Foster",2026,"SI","Nationals","L","1.196410135",0.043478260869565216,0.11956521739130435,0.1956521739130435,-7.144069476262013,0.5,0.30434782608695654,6.204685734100807,0,,0.6956521739130435,0.30434782608695654,-9.868418042616263,92,0.1956521739130435,0.8804347826086957,0.09782608695652174,-3.569193083875207,0.5869565217391305,0.31521739130434784,2.7578002604878007
656794,"Newcomb, Sean",2026,"SI","White Sox","L","2.050898019",0.021739130434782608,0.34782608695652173,0.16304347826086957,-6.589364652813557,0.6630434782608695,0.17391304347826086,8.292851319543006,0.021739130434782608,7.289784774181197,0.8260869565217391,0.15217391304347827,-11.218809108841597,92,0.09782608695652174,0.9565217391304348,0.06521739130434782,-2.807735165474255,0.8260869565217391,0.10869565217391304,2.8166534871218976
681911,"Vesia, Alex",2026,"SL","Dodgers","L","4.100398087",0.10869565217391304,0.11956521739130435,0.15217391304347827,-5.695229485798932,0.5760869565217391,0.2717391304347826,10.125015644390887,0.31521739130434784,12.749902026077043,0.5760869565217391,0.10869565217391304,-11.811311853773901,92,0.42391304347826086,0.7934782608695652,0.2717391304347826,-4.765752285100568,0.4673913043478261,0.2608695652173913,3.0593681910785726
668881,"Greene, Hunter",2026,"FF","Reds","R","1.448240173",0.010869565217391304,0.22826086956521738,0.07608695652173914,-5.328546681264473,0.8260869565217391,0.09782608695652174,5.269141622702965,0.010869565217391304,8.508233664148296,0.8478260869565217,0.14130434782608695,-9.224369118353454,92,0.15217391304347827,0.967391304347826,0,,0.5217391304347826,0.4782608695652174,2.945424708015576
669947,"Scholtens, Jesse",2026,"SL","Rays","R","2.39647596",0.021739130434782608,0.29347826086956524,0.20652173913043478,-5.606182633448958,0.717391304347826,0.07608695652173914,8.02656993287698,0.16304347826086957,10.382244922615573,0.7934782608695652,0.043478260869565216,-8.967421038486172,92,0.15217391304347827,0.9565217391304348,0.09782608695652174,-4.162783363128291,0.8043478260869565,0.09782608695652174,3.033069385265388
693686,"Miles, Spencer",2026,"FF","Blue Jays","R","1.262299915",0.07692307692307693,0.14285714285714285,0.08791208791208792,-5.318951905799535,0.7142857142857143,0.1978021978021978,10.62116942237674,0,,0.5604395604395604,0.43956043956043955,-11.490114792720448,91,0.25274725274725274,0.7802197802197802,0,,0.4725274725274725,0.5274725274725275,3.1800438932365993
543037,"Cole, Gerrit",2026,"SL","Yankees","R","3.401679537",0.03296703296703297,0.27472527472527475,0.08791208791208792,-6.267768945749996,0.6483516483516484,0.26373626373626374,7.6326219461320255,0.1978021978021978,10.87223436622677,0.7472527472527473,0.054945054945054944,-10.852526548828502,91,0.25274725274725274,0.8681318681318682,0.16483516483516483,-4.60723030173722,0.7142857142857143,0.12087912087912088,2.658640501654045
667297,"Nance, Tommy",2026,"CU","zMLB","R","4.954098945",0.07692307692307693,0.17582417582417584,0.2087912087912088,-6.791990259063628,0.6373626373626373,0.15384615384615385,9.245343436726811,0.18681318681318682,11.915370725234817,0.7032967032967034,0.10989010989010989,-10.551499572562639,91,0.26373626373626374,0.8681318681318682,0.3626373626373626,-4.56391718639509,0.5714285714285714,0.06593406593406594,2.6288124180222656
664208,"Maton, Phil",2026,"FC","Cubs","R","1.13072935",0.08791208791208792,0.25274725274725274,0.12087912087912088,-5.492838561074726,0.7252747252747253,0.15384615384615385,6.418953589807094,0.01098901098901099,7.656607020445299,0.6373626373626373,0.3516483516483517,-10.643342908969691,91,0.25274725274725274,0.8791208791208791,0.01098901098901099,-3.1412322467378444,0.5714285714285714,0.4175824175824176,3.3529843128659653
663969,"Phillips, Tyler",2026,"CU","Marlins","R","5.728434904",0.14285714285714285,0.24175824175824176,0.08791208791208792,-7.138062589440787,0.7142857142857143,0.1978021978021978,10.080995695043262,0.2967032967032967,12.339988895071647,0.6703296703296703,0.03296703296703297,-8.278015733647248,91,0.5054945054945055,0.8351648351648352,0.5494505494505495,-5.990254862249263,0.42857142857142855,0.02197802197802198,3.2149667523435177
672335,"Pérez, Cionel",2026,"SI","zMLB","L","1.674038056",0,0.26373626373626374,0.10989010989010989,-5.95518159118993,0.6703296703296703,0.21978021978021978,6.976030370225303,0,,0.7692307692307693,0.23076923076923078,-10.494154346765116,91,0.12087912087912088,0.9340659340659341,0.14285714285714285,-2.7604515148844597,0.7252747252747253,0.13186813186813187,2.4416735754017393
621121,"McCullers Jr., Lance",2026,"FC","zMLB","R","1.525283454",0.06593406593406594,0.1978021978021978,0.16483516483516483,-7.1140653634147135,0.7032967032967034,0.13186813186813187,8.947322555060982,0.07692307692307693,8.798293011528788,0.7472527472527473,0.17582417582417584,-11.803416048618239,91,0.21978021978021978,0.8901098901098901,0.12087912087912088,-3.2016675314509997,0.5384615384615384,0.34065934065934067,3.094288280016125
673513,"Matsui, Yuki",2026,"FS","Padres","L","4.774632226",0.2222222222222222,0.16666666666666666,0.044444444444444446,-4.77076889963455,0.3888888888888889,0.5666666666666667,9.687148935032436,0.6222222222222222,12.897394679968386,0.34444444444444444,0.03333333333333333,-8.40812724565899,90,0.4888888888888889,0.8555555555555555,0.3111111111111111,-4.335936409283378,0.6111111111111112,0.07777777777777778,3.055784841320169
660604,"Rangel, Alan",2026,"CH","Phillies","R","4.991171748",0.14444444444444443,0.13333333333333333,0.022222222222222223,-7.605732602183807,0.5555555555555556,0.4222222222222222,10.427465538993177,0.7111111111111111,14.416244535591932,0.2777777777777778,0.011111111111111112,-9.106303827496609,90,0.37777777777777777,0.8777777777777778,0.24444444444444444,-4.184191140296142,0.6888888888888889,0.06666666666666667,2.713732249188561
670245,"Watson, Ryan",2026,"FF","Red Sox","R","0.89133217",0.022222222222222223,0.3,0.044444444444444446,-6.102462567419399,0.8,0.15555555555555556,7.12857112825203,0,,0.7444444444444445,0.25555555555555554,-8.836587293302808,90,0.2222222222222222,0.9111111111111111,0.011111111111111112,-2.407565640818079,0.5777777777777777,0.4111111111111111,3.024539433616861
687911,"King, Bryan",2026,"ST","Astros","L","3.226679516",0.022222222222222223,0.2111111111111111,0.16666666666666666,-5.413933813993087,0.6222222222222222,0.2111111111111111,7.9650238850052775,0.37777777777777777,11.701569260846908,0.5888888888888889,0.03333333333333333,-13.881564583728968,90,0.2,0.9,0.1111111111111111,-4.606294303184215,0.7666666666666667,0.12222222222222222,2.75691046205994
681517,"Leahy, Kyle",2026,"SI","Cardinals","R","0.858119682",0.011111111111111112,0.35555555555555557,0.23333333333333334,-6.132044445275221,0.7222222222222222,0.044444444444444446,6.093736613593782,0,,0.7666666666666667,0.23333333333333334,-11.266979143729365,90,0.06666666666666667,0.8444444444444444,0.08888888888888889,-2.3989040236301666,0.8555555555555555,0.05555555555555555,2.876304852446919
669387,"Mlodzinski, Carmen",2026,"SI","Pirates","R","3.593339208",0.011111111111111112,0.36666666666666664,0.15555555555555556,-5.572484282309063,0.7111111111111111,0.13333333333333333,6.458472847408981,0.011111111111111112,7.4359826565490525,0.7777777777777778,0.2111111111111111,-10.0865856746216,90,0.06666666666666667,0.9555555555555556,0.07777777777777778,-2.763536279798046,0.7777777777777778,0.14444444444444443,2.5069223428572203
686613,"Brown, Hunter",2026,"SI","Astros","R","1.354853682",0,0.1348314606741573,0.3707865168539326,-7.148667877675448,0.449438202247191,0.1797752808988764,6.152168827481868,0.011235955056179775,8.528404722309748,0.6741573033707865,0.3146067415730337,-10.099280877404997,89,0.1797752808988764,0.9325842696629213,0.07865168539325842,-3.7573546377752103,0.7191011235955056,0.20224719101123595,3.282039043616248
657044,"Thompson, Ryan",2026,"SL","Diamondbacks","R","7.994703438",0.0898876404494382,0.1797752808988764,0.033707865168539325,-7.495724335735207,0.5393258426966292,0.42696629213483145,11.721660604996428,0.6404494382022472,14.489050760848938,0.3595505617977528,0,,89,0.23595505617977527,0.7303370786516854,0.11235955056179775,-3.3045633660429714,0.7303370786516854,0.15730337078651685,3.0953443519798896
669372,"Ginn, J.T.",2026,"FF","Athletics","R","0.744736881",0.011235955056179775,0.29213483146067415,0.0898876404494382,-5.459526061440917,0.8089887640449438,0.10112359550561797,5.1134465582668875,0.02247191011235955,8.156926694367879,0.8202247191011236,0.15730337078651685,-9.365993928673543,89,0.2247191011235955,0.9213483146067416,0.033707865168539325,-2.943229972646753,0.6404494382022472,0.3258426966292135,3.0558830476074585
673929,"Leasure, Jordan",2026,"FF","White Sox","R","0.592572882",0.02247191011235955,0.2696629213483146,0.0449438202247191,-4.880450499755038,0.8539325842696629,0.10112359550561797,6.289401156420881,0.011235955056179775,7.363976790594031,0.8426966292134831,0.14606741573033707,-10.304341827545247,89,0.19101123595505617,0.898876404494382,0,,0.5730337078651685,0.42696629213483145,2.8534600739047566
682842,"Uribe, Abner",2026,"SL","Brewers","R","7.829593302",0.10112359550561797,0.1348314606741573,0.12359550561797752,-5.6901760616598445,0.449438202247191,0.42696629213483145,15.550799846631078,0.42696629213483145,14.048285530894983,0.5280898876404494,0.0449438202247191,-11.601693134714987,89,0.39325842696629215,0.6853932584269663,0.16853932584269662,-3.7178144906614117,0.6741573033707865,0.15730337078651685,2.97686723301244
675512,"Melton, Troy",2026,"FC","Tigers","R","2.501446026",0.02247191011235955,0.21348314606741572,0.15730337078651685,-6.648136637321555,0.5168539325842697,0.3258426966292135,7.57709707436708,0.15730337078651685,10.321010924015297,0.7752808988764045,0.06741573033707865,-10.446343659675026,89,0.24719101123595505,0.9101123595505618,0.1797752808988764,-3.29352806125417,0.6966292134831461,0.12359550561797752,2.431277862098605
645261,"Alcantara, Sandy",2026,"ST","Marlins","R","3.010422273",0.033707865168539325,0.0898876404494382,0.0898876404494382,-6.380518189020973,0.6853932584269663,0.2247191011235955,9.51359035066709,0.3595505617977528,11.857433665549692,0.550561797752809,0.0898876404494382,-12.75063428322177,89,0.2696629213483146,0.8426966292134831,0.14606741573033707,-4.094268629120399,0.5955056179775281,0.25842696629213485,2.8788807819301585
677053,"Nardi, Andrew",2026,"FF","Marlins","L","1.459095961",0.12359550561797752,0.20224719101123595,0.07865168539325842,-5.840821083141816,0.7303370786516854,0.19101123595505617,9.041673723197684,0.011235955056179775,7.008568436048671,0.550561797752809,0.43820224719101125,-11.027838576990828,89,0.29213483146067415,0.8651685393258427,0,,0.5280898876404494,0.47191011235955055,3.463449147699559
702273,"Schultz, Noah",2026,"SI","White Sox","L","2.20177008",0.0449438202247191,0.34831460674157305,0.10112359550561797,-6.385275033993127,0.6292134831460674,0.2696629213483146,6.465903050908074,0.033707865168539325,9.69422143875203,0.8089887640449438,0.15730337078651685,-10.335937576048993,89,0.06741573033707865,0.9325842696629213,0.10112359550561797,-2.433249227558757,0.7078651685393258,0.19101123595505617,2.684739643708156
663568,"Kolek, Stephen",2026,"SI","Royals","R","0.787521147",0.011235955056179775,0.42696629213483145,0.16853932584269662,-6.177711194609756,0.6966292134831461,0.1348314606741573,5.5606000409892395,0,,0.8089887640449438,0.19101123595505617,-10.421564967337076,89,0.056179775280898875,0.9325842696629213,0.0898876404494382,-2.709547957877744,0.797752808988764,0.11235955056179775,2.731270253554835
642528,"Loáisiga, Jonathan",2026,"CH","Diamondbacks","R","3.228259208",0.12359550561797752,0.1797752808988764,0.02247191011235955,-5.045183002370646,0.43820224719101125,0.5393258426966292,7.9264959791726195,0.3595505617977528,11.313068763384665,0.6067415730337079,0.033707865168539325,-8.306519044148256,89,0.33707865168539325,0.9438202247191011,0.20224719101123595,-3.5910994180331803,0.7415730337078652,0.056179775280898875,3.058539262477291
672282,"Detmers, Reid",2026,"CH","Angels","L","4.758494976",0.0898876404494382,0.20224719101123595,0,,0.4606741573033708,0.5393258426966292,9.581716059994832,0.5842696629213483,13.763428909183679,0.4157303370786517,0,,89,0.3258426966292135,0.9101123595505618,0.1348314606741573,-2.738753181967992,0.7865168539325843,0.07865168539325842,2.6225198952318993
669461,"Liberatore, Matthew",2026,"CU","Cardinals","L","3.74426005",0.0449438202247191,0.11235955056179775,0.11235955056179775,-6.827254569021561,0.7078651685393258,0.1797752808988764,8.528677643291996,0.47191011235955055,11.96044218299321,0.47191011235955055,0.056179775280898875,-11.238505038792848,89,0.3707865168539326,0.8876404494382022,0.449438202247191,-4.0654646058650465,0.5168539325842697,0.033707865168539325,3.570389475090441
676428,"Hurter, Brant",2026,"SI","Tigers","L","3.133486461",0.03409090909090909,0.3409090909090909,0.17045454545454544,-7.07627663848056,0.7159090909090909,0.11363636363636363,14.544167844121846,0.011363636363636364,9.432732365561234,0.7727272727272727,0.2159090909090909,-10.666948601788693,88,0.10227272727272728,0.8977272727272727,0.125,-2.8231384345285653,0.7727272727272727,0.10227272727272728,3.355103188977995
621111,"Buehler, Walker",2026,"SL","Padres","R","1.90484526",0.045454545454545456,0.23863636363636365,0.022727272727272728,-7.2897257881068,0.6704545454545454,0.3068181818181818,7.921165790151089,0.17045454545454544,9.985001956185378,0.6704545454545454,0.1590909090909091,-10.909389294579352,88,0.26136363636363635,0.9090909090909091,0.10227272727272728,-3.2093676273890837,0.6136363636363636,0.2840909090909091,2.9443682219253127
642397,"Soto, Gregory",2026,"SI","Pirates","L","2.086183071",0.06818181818181818,0.2840909090909091,0.18181818181818182,-5.959545091729888,0.6022727272727273,0.2159090909090909,7.031369944776159,0.011363636363636364,8.46255798157295,0.75,0.23863636363636365,-10.47206105012948,88,0.10227272727272728,0.9090909090909091,0.045454545454545456,-4.327257494283312,0.7272727272727273,0.22727272727272727,3.000175080387001
656271,"Burke, Brock",2026,"SL","Reds","L","4.836828475",0.23863636363636365,0.19318181818181818,0.045454545454545456,-5.332260526684724,0.48863636363636365,0.4659090909090909,9.634065816323702,0.5568181818181818,12.963522005982371,0.4318181818181818,0.011363636363636364,-7.341472882544158,88,0.4090909090909091,0.9204545454545454,0.36363636363636365,-3.7545759363075466,0.6022727272727273,0.03409090909090909,2.8634952696370943
681190,"Vásquez, Randy",2026,"CU","Padres","R","2.383740971",0.06818181818181818,0.26136363636363635,0.056818181818181816,-5.327083003296904,0.7613636363636364,0.18181818181818182,6.507566980944697,0.38636363636363635,10.513534019582352,0.5568181818181818,0.056818181818181816,-10.112501847070995,88,0.20454545454545456,0.9545454545454546,0.26136363636363635,-3.8006114793366943,0.7045454545454546,0.03409090909090909,2.669575503228746
664299,"Javier, Cristian",2026,"FF","Astros","R","1.044389531",0.022727272727272728,0.1590909090909091,0.056818181818181816,-5.942123441882083,0.8181818181818182,0.125,5.346241131923931,0.022727272727272728,7.250155849365684,0.75,0.22727272727272727,-9.114070747239317,88,0.2727272727272727,0.9659090909090909,0,,0.4431818181818182,0.5568181818181818,3.143584347823625
676962,"Brown, Ben",2026,"SI","Cubs","R","1.138710857",0.011363636363636364,0.23863636363636365,0.2159090909090909,-6.97067763403759,0.7272727272727273,0.056818181818181816,5.926820697204804,0,,0.75,0.25,-10.30823399906408,88,0.13636363636363635,0.9204545454545454,0.1590909090909091,-2.8912996641932827,0.7272727272727273,0.11363636363636363,2.530446025076153
699134,"Rodriguez, Bradgley",2026,"SI","Padres","R","0.704468969",0.022727272727272728,0.22727272727272727,0.18181818181818182,-6.705992420485764,0.6363636363636364,0.18181818181818182,6.51809478029512,0.022727272727272728,8.065452379891935,0.7272727272727273,0.25,-9.168505346611607,88,0.13636363636363635,0.8977272727272727,0.11363636363636363,-2.6925474751240652,0.6363636363636364,0.25,2.7838528090236614
663158,"Suarez, Robert",2026,"CH","Braves","R","3.313076418",0.125,0.14772727272727273,0,,0.42045454545454547,0.5795454545454546,8.586642865419561,0.5,10.358623305230727,0.5,0,,88,0.36363636363636365,0.9431818181818182,0.2159090909090909,-2.9738842511314063,0.7386363636363636,0.045454545454545456,2.5464766431662667
592662,"Ray, Robbie",2026,"CU","Giants","L","5.859498102",0.125,0.11363636363636363,0.045454545454545456,-6.895729830607947,0.6022727272727273,0.3522727272727273,10.633907902538999,0.6363636363636364,13.673620529386408,0.3181818181818182,0.045454545454545456,-9.095727724893393,88,0.3977272727272727,0.8863636363636364,0.3522727272727273,-5.155938182773677,0.6022727272727273,0.045454545454545456,2.5449976518442154
573124,"Rogers, Taylor",2026,"SI","Twins","L","0.982480805",0.022727272727272728,0.38636363636363635,0.056818181818181816,-5.100231909901934,0.7954545454545454,0.14772727272727273,7.069440068846013,0.011363636363636364,7.149404979013706,0.7045454545454546,0.2840909090909091,-10.92411095154375,88,0.10227272727272728,0.9204545454545454,0.011363636363636364,-2.3830152431360148,0.75,0.23863636363636365,3.141286748080403
641816,"Mahle, Tyler",2026,"FC","Giants","R","3.221473552",0.03409090909090909,0.32954545454545453,0.03409090909090909,-4.696360120818922,0.7159090909090909,0.25,7.472779546114641,0.09090909090909091,10.091893793355911,0.8522727272727273,0.056818181818181816,-12.907234948478628,88,0.125,0.9318181818181818,0.07954545454545454,-3.212819136438132,0.6818181818181818,0.23863636363636365,2.8615557162946117
671096,"Abbott, Andrew",2026,"CU","Reds","L","8.912007047",0.10344827586206896,0.2413793103448276,0.022988505747126436,-4.154072286591328,0.6666666666666666,0.3103448275862069,12.124886678063465,0.45977011494252873,13.60475622413587,0.45977011494252873,0.08045977011494253,-8.420477676143,87,0.22988505747126436,0.9195402298850575,0.1839080459770115,-6.878821173666802,0.7586206896551724,0.05747126436781609,2.605490886742314
669438,"Englert, Mason",2026,"CH","Rays","R","3.360484439",0.12643678160919541,0.1839080459770115,0.05747126436781609,-5.746413980338466,0.5862068965517241,0.3563218390804598,7.5100453869630845,0.39080459770114945,10.081361258956338,0.5632183908045977,0.04597701149425287,-13.050695649602195,87,0.3103448275862069,0.9540229885057471,0.367816091954023,-3.2528904056485337,0.6091954022988506,0.022988505747126436,3.1568259995994943
547179,"Lorenzen, Michael",2026,"CU","Rockies","R","5.10493987",0.05747126436781609,0.28735632183908044,0.09195402298850575,-7.207220433645595,0.6666666666666666,0.2413793103448276,7.371900359343449,0.25287356321839083,10.888433264681503,0.7011494252873564,0.04597701149425287,-11.112627403806501,87,0.2413793103448276,0.8850574712643678,0.3103448275862069,-4.757915304105983,0.6551724137931034,0.034482758620689655,3.102660619915369
642100,"Speier, Gabe",2026,"FF","Mariners","L","1.223687299",0.05747126436781609,0.13793103448275862,0.08045977011494253,-5.696301032038866,0.8045977011494253,0.11494252873563218,6.026496588344593,0,,0.7586206896551724,0.2413793103448276,-10.196868777456134,87,0.2988505747126437,0.9080459770114943,0,,0.40229885057471265,0.5977011494252874,3.2920641655897254
668390,"Winn, Cole",2026,"FC","Rangers","R","2.298164687",0.034482758620689655,0.2413793103448276,0.16091954022988506,-5.688286202733825,0.6436781609195402,0.19540229885057472,7.7553399152043125,0.13793103448275862,9.68843328538005,0.7586206896551724,0.10344827586206896,-9.242766926013436,87,0.21839080459770116,0.9310344827586207,0.10344827586206896,-3.443036832006185,0.7011494252873564,0.19540229885057472,3.0374579511147894
678020,"Halvorsen, Seth",2026,"FF","Rockies","R","0.360631741",0,0.2988505747126437,0.10344827586206896,-4.891344133728843,0.8045977011494253,0.09195402298850575,6.273844140870469,0,,0.7126436781609196,0.28735632183908044,-10.210671900050661,87,0.08045977011494253,0.9540229885057471,0.04597701149425287,-2.2230990533310244,0.6896551724137931,0.26436781609195403,2.687163001085483
608337,"Giolito, Lucas",2026,"FF","Padres","R","1.30729967",0.034482758620689655,0.3333333333333333,0.034482758620689655,-5.146427140430863,0.8505747126436781,0.11494252873563218,7.489308308439608,0.022988505747126436,8.294614012150783,0.6896551724137931,0.28735632183908044,-11.833297117745557,87,0.1724137931034483,0.8505747126436781,0.011494252873563218,-2.040836930500436,0.6781609195402298,0.3103448275862069,3.3401956583625516
642397,"Soto, Gregory",2026,"SL","Pirates","L","6.169443772",0.1839080459770115,0.08045977011494253,0.04597701149425287,-5.8222421314643364,0.5287356321839081,0.42528735632183906,13.041598419566204,0.6781609195402298,15.397284249978005,0.2988505747126437,0.022988505747126436,-8.792947344984245,87,0.42528735632183906,0.8045977011494253,0.2413793103448276,-3.9081196778394607,0.5747126436781609,0.1839080459770115,2.831715720846447
686790,"McDonald, Trevor",2026,"CH","Giants","R","5.039244699",0.1724137931034483,0.16091954022988506,0.022988505747126436,-10.019057263839771,0.5057471264367817,0.47126436781609193,9.320074054109414,0.6436781609195402,13.849274104538031,0.3448275862068966,0.011494252873563218,-11.652615467986882,87,0.3333333333333333,0.9080459770114943,0.367816091954023,-3.2233171070440214,0.6206896551724138,0.011494252873563218,2.4940249010009325
657746,"Ryan, Joe",2026,"SI","Twins","R","0.866353626",0.022988505747126436,0.367816091954023,0.1724137931034483,-5.914259996975115,0.735632183908046,0.09195402298850575,5.446103454018306,0.011494252873563218,9.111805947808707,0.7931034482758621,0.19540229885057472,-9.8819083686636,87,0.08045977011494253,0.9195402298850575,0.04597701149425287,-2.211306033452968,0.8045977011494253,0.14942528735632185,3.09424257564948
676979,"Crochet, Garrett",2026,"FF","Red Sox","L","0.762226336",0.12643678160919541,0.19540229885057472,0.06896551724137931,-5.1147040195100715,0.6781609195402298,0.25287356321839083,6.354548729113348,0.011494252873563218,10.606276729561364,0.6206896551724138,0.367816091954023,-10.405472304902151,87,0.26436781609195403,0.8735632183908046,0.011494252873563218,-2.224387833544699,0.42528735632183906,0.5632183908045977,3.0414773115170304
670059,"Holderman, Colin",2026,"ST","Guardians","R","5.592410445",0.16091954022988506,0.14942528735632185,0.08045977011494253,-7.084417421622802,0.4367816091954023,0.4827586206896552,11.677343530858096,0.5517241379310345,14.378440438691031,0.40229885057471265,0.04597701149425287,-11.212308469868987,87,0.40229885057471265,0.7701149425287356,0.1724137931034483,-4.766659607700672,0.6896551724137931,0.13793103448275862,2.7384889243303636
663436,"Martin, Davis",2026,"CU","White Sox","R","6.429005184",0.13793103448275862,0.21839080459770116,0.08045977011494253,-10.166202818794794,0.632183908045977,0.28735632183908044,13.20985450360382,0.4827586206896552,14.472286021735194,0.5057471264367817,0.011494252873563218,-8.767401320994937,87,0.40229885057471265,0.8620689655172413,0.42528735632183906,-4.414545191333589,0.5402298850574713,0.034482758620689655,2.179075008337789
554430,"Wheeler, Zack",2026,"FC","Phillies","R","1.112268538",0.022988505747126436,0.20689655172413793,0.3103448275862069,-6.0305331381895035,0.5862068965517241,0.10344827586206896,5.635576545761063,0.022988505747126436,9.378841097136743,0.7931034482758621,0.1839080459770115,-10.708518706048347,87,0.1839080459770115,0.9080459770114943,0.08045977011494253,-3.1067682706844084,0.632183908045977,0.28735632183908044,3.0551068591887973
669022,"Gore, MacKenzie",2026,"CH","Rangers","L","4.404686373",0.16279069767441862,0.10465116279069768,0.011627906976744186,-4.131233592247863,0.4186046511627907,0.5697674418604651,9.193626055591183,0.5465116279069767,12.58900852381476,0.45348837209302323,0,,86,0.37209302325581395,0.9302325581395349,0.22093023255813954,-3.4709631827175005,0.6627906976744186,0.11627906976744186,2.893620713127069
666277,"Soriano, George",2026,"FF","Cardinals","R","0.875061779",0.06976744186046512,0.37209302325581395,0.05813953488372093,-4.548663978553262,0.8023255813953488,0.13953488372093023,7.104235391778997,0,,0.8488372093023255,0.1511627906976744,-10.111739966175486,86,0.18604651162790697,0.9302325581395349,0.011627906976744186,-4.8910295217535005,0.6046511627906976,0.38372093023255816,2.948540338266849
702273,"Schultz, Noah",2026,"FC","White Sox","L","1.038422289",0.011627906976744186,0.19767441860465115,0.18604651162790697,-5.926684201708861,0.6744186046511628,0.13953488372093023,7.40647708948128,0.10465116279069768,10.487651467700072,0.7325581395348837,0.16279069767441862,-10.648030499777034,86,0.19767441860465115,0.8953488372093024,0.03488372093023256,-2.552731091810915,0.6511627906976745,0.313953488372093,2.976170096767302
683618,"Henriquez, Edgardo",2026,"SI","Dodgers","R","1.315546115",0.023255813953488372,0.2441860465116279,0.3488372093023256,-6.686243147481603,0.5930232558139535,0.05813953488372093,10.053662507979858,0.023255813953488372,7.493787246982605,0.813953488372093,0.16279069767441862,-10.734973725275482,86,0.13953488372093023,0.9534883720930233,0.09302325581395349,-2.8621566405985583,0.6744186046511628,0.23255813953488372,2.8248703760289597
688107,"Gasser, Robert",2026,"SI","Brewers","L","0.853591415",0.023255813953488372,0.29069767441860467,0.18604651162790697,-5.393585923514628,0.6976744186046512,0.11627906976744186,5.5347878669701736,0.03488372093023256,9.005445457170039,0.7906976744186046,0.1744186046511628,-10.607898295633031,86,0.1511627906976744,0.9418604651162791,0.05813953488372093,-2.607890063213311,0.7325581395348837,0.20930232558139536,3.081066679184151
694335,"Svanson, Matt",2026,"FC","Cardinals","R","2.508835691",0.06976744186046512,0.20930232558139536,0.19767441860465115,-7.7960624826736815,0.6976744186046512,0.10465116279069768,7.386176626357812,0.03488372093023256,11.322186206109164,0.7906976744186046,0.1744186046511628,-11.801913392394527,86,0.19767441860465115,0.872093023255814,0.09302325581395349,-5.0503557696929775,0.6162790697674418,0.29069767441860467,2.8024103916692726
689296,"Nunez, Anthony",2026,"FF","Orioles","R","0.774757059",0.011627906976744186,0.19767441860465115,0.10465116279069768,-5.258721971900333,0.7209302325581395,0.1744186046511628,6.477994020821134,0,,0.8488372093023255,0.1511627906976744,-11.702148256253372,86,0.2558139534883721,0.9186046511627907,0.011627906976744186,-2.226812835010731,0.5348837209302325,0.45348837209302323,2.9561599172151336
656492,"Griffin, Foster",2026,"CH","Nationals","L","4.145085559",0.12790697674418605,0.11627906976744186,0,,0.36046511627906974,0.6395348837209303,8.973677146277412,0.7325581395348837,12.793850864771697,0.2441860465116279,0.023255813953488372,-20.59101791173157,86,0.36046511627906974,0.9534883720930233,0.13953488372093023,-3.172081482192885,0.7790697674418605,0.08139534883720931,3.07675258636244
650644,"Civale, Aaron",2026,"FF","zMLB","R","1.117477494",0,0.37209302325581395,0.011627906976744186,-4.222334717383934,0.9069767441860465,0.08139534883720931,6.556047769176896,0.011627906976744186,16.981465404738618,0.8837209302325582,0.10465116279069768,-9.661161465054677,86,0.11627906976744186,0.9302325581395349,0.011627906976744186,-2.6097497782837453,0.5930232558139535,0.3953488372093023,2.87435423700538
686993,"Sterner, Justin",2026,"ST","Athletics","R","7.858216441",0.18604651162790697,0.1744186046511628,0.023255813953488372,-8.024770813260176,0.5232558139534884,0.45348837209302323,13.086814803014667,0.5930232558139535,15.540770779465191,0.3953488372093023,0.011627906976744186,-7.791082452549332,86,0.43023255813953487,0.7674418604651163,0.27906976744186046,-5.1194215508499346,0.627906976744186,0.09302325581395349,2.9728453968922204
681190,"Vásquez, Randy",2026,"SI","Padres","R","1.167018639",0.011627906976744186,0.32558139534883723,0.19767441860465115,-6.389843577713385,0.7209302325581395,0.08139534883720931,6.522035871813517,0.023255813953488372,7.5833704434380556,0.8604651162790697,0.11627906976744186,-9.526850413793102,86,0.11627906976744186,0.9418604651162791,0.06976744186046512,-3.121198958085407,0.6976744186046512,0.23255813953488372,2.75633204748134
681151,"Murray, Jayden",2026,"FF","zMLB","R","1.111445892",0.023255813953488372,0.20930232558139536,0.06976744186046512,-6.224474321601251,0.8255813953488372,0.10465116279069768,5.36102046331538,0.023255813953488372,8.380319075095109,0.7441860465116279,0.23255813953488372,-9.288942827650462,86,0.37209302325581395,0.9767441860465116,0.011627906976744186,-2.653494795019348,0.4186046511627907,0.5697674418604651,3.274078142188975
800311,"Fuentes, Didier",2026,"SL","Braves","R","6.361975924",0.13953488372093023,0.18604651162790697,0.09302325581395349,-6.4597419818173725,0.5581395348837209,0.3488372093023256,11.563542233830644,0.4883720930232558,12.76731970247308,0.46511627906976744,0.046511627906976744,-13.215803404124664,86,0.3488372093023256,0.8488372093023255,0.29069767441860467,-4.582427149783338,0.6744186046511628,0.03488372093023256,2.233644492989218
676917,"Cavalli, Cade",2026,"ST","Nationals","R","5.556386862",0.1511627906976744,0.18604651162790697,0.13953488372093023,-7.249172560494786,0.4186046511627907,0.4418604651162791,8.976071669503039,0.37209302325581395,11.313303312104845,0.5697674418604651,0.05813953488372093,-8.527325625823135,86,0.313953488372093,0.8837209302325582,0.313953488372093,-4.123129093670371,0.6162790697674418,0.06976744186046512,2.5810876215885736
668674,"Erceg, Lucas",2026,"SI","Royals","R","0.625768644",0.03488372093023256,0.20930232558139536,0.18604651162790697,-6.36211121391085,0.5581395348837209,0.2558139534883721,6.1421270821251674,0,,0.7441860465116279,0.2558139534883721,-10.317624804255892,86,0.16279069767441862,0.9069767441860465,0.046511627906976744,-2.7030465487695183,0.6627906976744186,0.29069767441860467,2.564354696171531
691725,"Painter, Andrew",2026,"FS","Phillies","R","3.663448713",0.16279069767441862,0.12790697674418605,0.03488372093023256,-6.010057947137709,0.36046511627906974,0.6046511627906976,8.41290946863667,0.627906976744186,11.51917788424021,0.37209302325581395,0,,86,0.38372093023255816,0.9302325581395349,0.29069767441860467,-3.044101229426148,0.6744186046511628,0.03488372093023256,3.001348786616274
670167,"Schreiber, John",2026,"FF","Royals","R","1.026438859",0.06976744186046512,0.1511627906976744,0.10465116279069768,-5.15679343673316,0.6976744186046512,0.19767441860465115,6.857310993299675,0.023255813953488372,8.800816252577494,0.6046511627906976,0.37209302325581395,-10.698876617742672,86,0.3023255813953488,0.8488372093023255,0,,0.4418604651162791,0.5581395348837209,3.15055116508872
696062,"Dotel, Wilber",2026,"FF","Pirates","R","1.185425728",0.023255813953488372,0.2441860465116279,0.03488372093023256,-5.889236118921732,0.7906976744186046,0.1744186046511628,6.346306199428626,0.023255813953488372,9.802263230065297,0.7441860465116279,0.23255813953488372,-10.091241333638925,86,0.1744186046511628,0.9302325581395349,0,,0.5813953488372093,0.4186046511627907,3.07909944066169
681799,"Roberts, Ethan",2026,"FC","Cubs","R","1.414544878",0.058823529411764705,0.29411764705882354,0.047058823529411764,-5.837340390403589,0.7411764705882353,0.21176470588235294,7.800274005069727,0.011764705882352941,7.4206525101899885,0.8235294117647058,0.16470588235294117,-11.168707009632108,85,0.2,0.9529411764705882,0.011764705882352941,-2.106065298154885,0.6705882352941176,0.3176470588235294,3.399776956290449
668390,"Winn, Cole",2026,"FF","Rangers","R","0.986186579",0.058823529411764705,0.23529411764705882,0.058823529411764705,-5.694627985975101,0.7411764705882353,0.2,7.107072490666619,0.011764705882352941,7.381068050037014,0.8235294117647058,0.16470588235294117,-10.920913731141919,85,0.24705882352941178,0.9411764705882353,0.03529411764705882,-2.562520355331558,0.43529411764705883,0.5294117647058824,2.871054183552937
657424,"Gage, Matt",2026,"FF","Giants","L","0.897649541",0.07058823529411765,0.15294117647058825,0.08235294117647059,-5.40558474372622,0.7764705882352941,0.1411764705882353,6.853916031676746,0,,0.5764705882352941,0.4235294117647059,-10.481803671172486,85,0.24705882352941178,0.9058823529411765,0.03529411764705882,-2.209021710542723,0.4235294117647059,0.5411764705882353,2.9936761452257534
608650,"Enns, Dietrich",2026,"FF","Orioles","L","0.898941597",0.047058823529411764,0.24705882352941178,0.07058823529411765,-5.969099077133852,0.8470588235294118,0.08235294117647059,5.981153301757684,0,,0.7176470588235294,0.2823529411764706,-10.963418158297017,85,0.23529411764705882,0.9411764705882353,0.011764705882352941,-2.1145497261616994,0.5411764705882353,0.4470588235294118,3.0533271112123823
672782,"Gómez, Yoendrys",2026,"ST","zMLB","R","3.458628947",0.15294117647058825,0.2235294117647059,0.07058823529411765,-5.889778186673199,0.5058823529411764,0.4235294117647059,8.941391949472104,0.5058823529411764,13.011206006939602,0.47058823529411764,0.023529411764705882,-13.293781518697081,85,0.38823529411764707,0.9058823529411765,0.23529411764705882,-3.8148670999272163,0.611764705882353,0.15294117647058825,3.10489386863369
518585,"Cruz, Fernando",2026,"FF","Yankees","R","0.791828591",0.023529411764705882,0.3411764705882353,0.08235294117647059,-6.673297168122732,0.7647058823529411,0.15294117647058825,6.124719477545757,0.058823529411764705,8.820584230576491,0.8,0.1411764705882353,-10.585169456540745,85,0.15294117647058825,0.9176470588235294,0.023529411764705882,-2.9898694138460384,0.6823529411764706,0.29411764705882354,2.7997757982130187
548384,"Raley, Brooks",2026,"FC","Mets","L","1.601628425",0.08235294117647059,0.16470588235294117,0.2,-6.419848249272443,0.6235294117647059,0.17647058823529413,7.397546163367586,0.09411764705882353,9.955720900318,0.5529411764705883,0.35294117647058826,-12.127645933604366,85,0.29411764705882354,0.8705882352941177,0.047058823529411764,-4.80460581929667,0.5529411764705883,0.4,3.5495227787486887
664199,"Clarke, Taylor",2026,"CH","Diamondbacks","R","2.327806751",0.047058823529411764,0.3176470588235294,0.023529411764705882,-5.422342943472698,0.5882352941176471,0.38823529411764707,7.1826264284118215,0.2,8.831690344448573,0.7529411764705882,0.047058823529411764,-9.145757996313147,85,0.21176470588235294,0.9411764705882353,0.2235294117647059,-3.453735409528676,0.7647058823529411,0.011764705882352941,2.439626150524234
667463,"King, John",2026,"SI","Marlins","L","1.586290792",0.03571428571428571,0.2619047619047619,0.15476190476190477,-6.116234780845571,0.6428571428571429,0.20238095238095238,7.845027877006455,0.03571428571428571,8.00134339663057,0.6666666666666666,0.2976190476190476,-11.835841526100452,84,0.17857142857142858,0.9047619047619048,0.13095238095238096,-3.133072422288808,0.7380952380952381,0.13095238095238096,2.920136830661494
673540,"Senga, Kodai",2026,"FO","Mets","R","6.680486239",0.23809523809523808,0.10714285714285714,0.05952380952380952,-4.538020568293961,0.4166666666666667,0.5238095238095238,11.713098590915708,0.7380952380952381,14.7169123851208,0.25,0.011904761904761904,-7.1240281358128925,84,0.4166666666666667,0.7857142857142857,0.2976190476190476,-4.811944372758708,0.6785714285714286,0.023809523809523808,3.2481696065156553
670245,"Watson, Ryan",2026,"ST","Red Sox","R","4.795153103",0.047619047619047616,0.19047619047619047,0.023809523809523808,-8.727547048974962,0.5119047619047619,0.4642857142857143,10.464422712163849,0.36904761904761907,13.28107979363123,0.6071428571428571,0.023809523809523808,-8.0040480714867,84,0.34523809523809523,0.8809523809523809,0.09523809523809523,-3.137682538347102,0.7142857142857143,0.19047619047619047,2.7120604221306457
694973,"Skenes, Paul",2026,"SI","Pirates","R","1.365755122",0.011904761904761904,0.2976190476190476,0.2261904761904762,-5.754246451677635,0.7023809523809523,0.07142857142857142,5.298250328285196,0,,0.8095238095238095,0.19047619047619047,-11.125556199431967,84,0.08333333333333333,0.9047619047619048,0.08333333333333333,-3.031509968367967,0.7619047619047619,0.15476190476190477,2.725832318420282
695380,"Hoppe, Alex",2026,"SL","Mariners","R","4.582362955",0.10714285714285714,0.27380952380952384,0.011904761904761904,-5.322800504437165,0.6666666666666666,0.32142857142857145,8.523433254419414,0.20238095238095238,11.639868229261758,0.7261904761904762,0.07142857142857142,-10.289647846166812,84,0.40476190476190477,0.8095238095238095,0.40476190476190477,-4.668369383956926,0.5238095238095238,0.07142857142857142,3.0797034366160707
669022,"Gore, MacKenzie",2026,"FC","Rangers","L","1.48305527",0.03571428571428571,0.2261904761904762,0.21428571428571427,-5.484049789275859,0.7619047619047619,0.023809523809523808,17.296036424936663,0.08333333333333333,9.452115437117657,0.7857142857142857,0.13095238095238096,-12.405948151400546,84,0.27380952380952384,0.9404761904761905,0.27380952380952384,-3.179758912784037,0.5238095238095238,0.20238095238095238,3.0276957605318593
605130,"Barlow, Scott",2026,"CU","Athletics","R","5.781799201",0.20238095238095238,0.09523809523809523,0.011904761904761904,-16.51445962105784,0.4642857142857143,0.5238095238095238,12.308490455209656,0.7976190476190477,15.403985047164376,0.20238095238095238,0,,84,0.4880952380952381,0.8690476190476191,0.2976190476190476,-4.034666189142215,0.6904761904761905,0.011904761904761904,3.2230408274325133
663460,"Bubic, Kris",2026,"CH","Royals","L","3.082081266",0.19047619047619047,0.15476190476190477,0.023809523809523808,-5.109573666282053,0.5476190476190477,0.42857142857142855,7.748126035737546,0.34523809523809523,10.504023944567912,0.47619047619047616,0.17857142857142858,-11.569498837118527,84,0.32142857142857145,0.8809523809523809,0.30952380952380953,-3.5372753891843,0.5357142857142857,0.15476190476190477,2.8398293347421486
607192,"Glasnow, Tyler",2026,"FF","Dodgers","R","1.816821537",0.047619047619047616,0.27380952380952384,0.17857142857142858,-5.308122034797442,0.7261904761904762,0.09523809523809523,7.189808220807481,0.023809523809523808,9.92885629073032,0.6904761904761905,0.2857142857142857,-9.823755709425825,84,0.11904761904761904,0.8928571428571429,0.011904761904761904,-4.776838333203218,0.6785714285714286,0.30952380952380953,2.972464336193803
656234,"Bird, Jake",2026,"SI","Yankees","R","1.527392014",0.047619047619047616,0.38095238095238093,0.15476190476190477,-7.383575795028234,0.7142857142857143,0.13095238095238096,7.291623176540434,0.023809523809523808,7.742141381255377,0.8214285714285714,0.15476190476190477,-10.052868254438376,84,0.19047619047619047,0.9642857142857143,0.11904761904761904,-3.1710933597783413,0.7261904761904762,0.15476190476190477,3.02177727469898
592094,"Adam, Jason",2026,"CH","Padres","R","2.058730695",0.07142857142857142,0.25,0.07142857142857142,-5.910212364790951,0.6309523809523809,0.2976190476190476,6.719555584329943,0.2976190476190476,10.1894481197905,0.6666666666666666,0.03571428571428571,-9.600086911244869,84,0.2976190476190476,0.9404761904761905,0.32142857142857145,-3.1791450394127523,0.6666666666666666,0.011904761904761904,3.519372305206456
693686,"Miles, Spencer",2026,"SL","Blue Jays","R","2.441699437",0.012048192771084338,0.24096385542168675,0.0963855421686747,-7.229784423186317,0.7108433734939759,0.1927710843373494,7.350647442638307,0.12048192771084337,8.767248969304104,0.7590361445783133,0.12048192771084337,-10.748631818456747,83,0.20481927710843373,0.891566265060241,0.13253012048192772,-4.139532047143574,0.6626506024096386,0.20481927710843373,2.9326710325950107
608337,"Giolito, Lucas",2026,"CH","Padres","R","5.276341836",0.0963855421686747,0.14457831325301204,0.012048192771084338,-7.27256756539753,0.6385542168674698,0.3493975903614458,9.515560556028202,0.6626506024096386,14.596917407267103,0.3253012048192771,0.012048192771084338,-11.952230869191224,83,0.25301204819277107,0.9036144578313253,0.0963855421686747,-5.6279692260138,0.8072289156626506,0.0963855421686747,2.8754509498712646
690997,"McLean, Nolan",2026,"ST","Mets","R","4.191560461",0.060240963855421686,0.18072289156626506,0.1566265060240964,-7.401839296955335,0.5060240963855421,0.3373493975903614,9.290616622216854,0.30120481927710846,12.234246598072435,0.6265060240963856,0.07228915662650602,-9.877151302580392,83,0.27710843373493976,0.8674698795180723,0.14457831325301204,-3.765288578832397,0.6867469879518072,0.1686746987951807,2.841663771166492
656605,"Keller, Mitch",2026,"SL","Pirates","R","3.328547084",0.060240963855421686,0.2289156626506024,0.08433734939759036,-5.423221200453347,0.6746987951807228,0.24096385542168675,7.647247582097089,0.3132530120481928,10.693186242566972,0.6144578313253012,0.07228915662650602,-12.040509246699079,83,0.21686746987951808,0.963855421686747,0.1686746987951807,-3.720645590166997,0.7349397590361446,0.0963855421686747,2.8261667552460743
552640,"Kittredge, Andrew",2026,"SI","Orioles","R","0.913604378",0.024096385542168676,0.2891566265060241,0.12048192771084337,-5.4268505311139545,0.5903614457831325,0.2891566265060241,6.387186147882622,0.03614457831325301,8.871046296179129,0.8072289156626506,0.1566265060240964,-10.49871285480662,83,0.12048192771084337,0.9156626506024096,0.13253012048192772,-2.400246823091557,0.7590361445783133,0.10843373493975904,2.481622630190463
656849,"Peterson, David",2026,"CH","zMLB","L","3.353846771",0.060240963855421686,0.1927710843373494,0.012048192771084338,-5.720843793637922,0.40963855421686746,0.5783132530120482,7.31806272877151,0.39759036144578314,11.21092583185665,0.5542168674698795,0.04819277108433735,-12.626112820053986,83,0.2289156626506024,0.9036144578313253,0.18072289156626506,-3.0539922182451877,0.7228915662650602,0.0963855421686747,2.5258441849337636
676477,"Whitlock, Garrett",2026,"SL","Red Sox","R","6.468562997",0.24096385542168675,0.1927710843373494,0.04819277108433735,-4.629790612624542,0.43373493975903615,0.5180722891566265,10.242670799309161,0.43373493975903615,13.133415098566545,0.5180722891566265,0.04819277108433735,-11.080439824133585,83,0.42168674698795183,0.8554216867469879,0.3855421686746988,-4.335444739972924,0.5662650602409639,0.04819277108433735,2.6147233249894897
674444,"Cruz, Steven",2026,"FC","Royals","R","1.54467355",0.04819277108433735,0.1927710843373494,0.18072289156626506,-6.506346961648889,0.6385542168674698,0.18072289156626506,6.71325894295678,0.08433734939759036,9.044568547157816,0.7831325301204819,0.13253012048192772,-9.088021458733321,83,0.3614457831325301,0.9518072289156626,0.2289156626506024,-3.846679821461755,0.5903614457831325,0.18072289156626506,3.265162584459703
694360,"Way, Beck",2026,"FC","Royals","R","3.565949445",0.07228915662650602,0.2289156626506024,0.08433734939759036,-8.509565964050656,0.5301204819277109,0.3855421686746988,8.012559574902639,0.24096385542168675,9.458546592123502,0.6987951807228916,0.060240963855421686,-11.788240331077146,83,0.3373493975903614,0.9156626506024096,0.3132530120481928,-3.710770167835784,0.5903614457831325,0.0963855421686747,2.350693302193809
700241,"McGreevy, Michael",2026,"FC","Cardinals","R","1.526050051",0.03614457831325301,0.2289156626506024,0.20481927710843373,-5.935732586248407,0.7349397590361446,0.060240963855421686,9.69234552207205,0.08433734939759036,9.172856629287569,0.6265060240963856,0.2891566265060241,-11.231628220274617,83,0.18072289156626506,0.8313253012048193,0.012048192771084338,-3.1025425192112634,0.6746987951807228,0.3132530120481928,3.5967549618015293
665795,"Cabrera, Edward",2026,"CU","Cubs","R","3.601965645",0.10843373493975904,0.24096385542168675,0.024096385542168676,-7.385420209019983,0.6506024096385542,0.3253012048192771,7.255322276831252,0.42168674698795183,10.825421930128378,0.4939759036144578,0.08433734939759036,-14.354892180247877,83,0.3493975903614458,0.7710843373493976,0.42168674698795183,-4.511606298377363,0.5180722891566265,0.060240963855421686,3.1485407360353226
622554,"Domínguez, Seranthony",2026,"ST","White Sox","R","8.421708606",0.14634146341463414,0.15853658536585366,0.04878048780487805,-8.296440712312224,0.5365853658536586,0.4146341463414634,12.210911197481432,0.5121951219512195,14.021963186944783,0.4634146341463415,0.024390243902439025,-12.389922559538665,82,0.3048780487804878,0.8780487804878049,0.15853658536585366,-4.797349892513047,0.6585365853658537,0.18292682926829268,3.038033642542579
681293,"Arrighetti, Spencer",2026,"ST","Astros","R","5.076820425",0.0975609756097561,0.15853658536585366,0.08536585365853659,-7.764265207561742,0.6219512195121951,0.2926829268292683,9.290446898859875,0.5121951219512195,13.079611683546752,0.4634146341463415,0.024390243902439025,-8.209855475740264,82,0.2682926829268293,0.8414634146341463,0.21951219512195122,-4.78266385420761,0.6341463414634146,0.14634146341463414,2.4983280442597726
595345,"Okert, Steven",2026,"FF","Astros","L","0.791069963",0.024390243902439025,0.21951219512195122,0.07317073170731707,-5.387090243657138,0.7926829268292683,0.13414634146341464,5.909541444729542,0,,0.7195121951219512,0.2804878048780488,-9.929319395492184,82,0.18292682926829268,0.926829268292683,0.012195121951219513,-2.098572962052142,0.5365853658536586,0.45121951219512196,2.8680767117897243
547973,"Chapman, Aroldis",2026,"FF","Red Sox","L","0.814049763",0.024390243902439025,0.2926829268292683,0.12195121951219512,-5.718235506604177,0.7682926829268293,0.10975609756097561,5.713890296297599,0.024390243902439025,8.858871890725005,0.8292682926829268,0.14634146341463414,-10.239955360820396,82,0.2073170731707317,0.9146341463414634,0,,0.6341463414634146,0.36585365853658536,2.9520644866698125
689266,"Dodd, Dylan",2026,"FC","Braves","L","3.30761305",0.0975609756097561,0.2073170731707317,0.06097560975609756,-5.1565208040514205,0.6097560975609756,0.32926829268292684,8.17461080067335,0.43902439024390244,10.527480047861838,0.5121951219512195,0.04878048780487805,-11.836230465924146,82,0.2804878048780488,0.9878048780487805,0.23170731707317074,-3.301495327889943,0.6829268292682927,0.08536585365853659,3.4262884237019127
621112,"Blackburn, Paul",2026,"FC","Yankees","R","1.808165766",0.06097560975609756,0.1951219512195122,0.07317073170731707,-5.98696026186882,0.6463414634146342,0.2804878048780488,6.745039787159729,0.07317073170731707,10.42353779838829,0.6951219512195121,0.23170731707317074,-10.436468652668065,82,0.17073170731707318,0.8780487804878049,0.04878048780487805,-2.8597797476546782,0.6829268292682927,0.2682926829268293,3.072876247520119
657514,"Bernardino, Brennan",2026,"CU","Rockies","L","4.01226179",0.17073170731707318,0.18292682926829268,0.06097560975609756,-5.161951157640617,0.5,0.43902439024390244,9.072687106764173,0.5365853658536586,13.907166786509285,0.4146341463414634,0.04878048780487805,-12.560008175167495,82,0.35365853658536583,0.7804878048780488,0.23170731707317074,-4.0415757096657625,0.6463414634146342,0.12195121951219512,2.974800046976507
680755,"Fisher, Braydon",2026,"CU","Blue Jays","R","3.5496629",0.08536585365853659,0.2682926829268293,0.04878048780487805,-5.470059257457843,0.6707317073170732,0.2804878048780488,8.097877016563285,0.3048780487804878,12.808915515755865,0.5609756097560976,0.13414634146341464,-13.383061572478837,82,0.24390243902439024,0.8048780487804879,0.24390243902439024,-3.4237104086147268,0.6829268292682927,0.07317073170731707,3.0644491762651045
663738,"Lynch IV, Daniel",2026,"CH","Royals","L","3.969412204",0.12195121951219512,0.25609756097560976,0.06097560975609756,-5.854375044760188,0.5121951219512195,0.4268292682926829,9.999792099423003,0.4268292682926829,12.544660405353323,0.573170731707317,0,,82,0.2926829268292683,0.9390243902439024,0.2682926829268293,-2.8592710648824915,0.7073170731707317,0.024390243902439025,2.748673992808955
677958,"Rocker, Kumar",2026,"FF","Rangers","R","0.820569529",0.04878048780487805,0.24390243902439024,0.04878048780487805,-4.736812772594657,0.7682926829268293,0.18292682926829268,5.492216316849762,0.036585365853658534,8.657256146937797,0.7560975609756098,0.2073170731707317,-9.540787158627607,82,0.24390243902439024,0.9634146341463414,0.012195121951219513,-2.44033251038059,0.5487804878048781,0.43902439024390244,2.9819724296271866
687606,"Schultz, Paxton",2026,"FF","Nationals","R","0.857888396",0.06097560975609756,0.2804878048780488,0.036585365853658534,-5.120089377515132,0.8048780487804879,0.15853658536585366,6.694484016587055,0.012195121951219513,7.373337755047799,0.6707317073170732,0.3170731707317073,-9.604121616050593,82,0.14634146341463414,0.9390243902439024,0,,0.6219512195121951,0.3780487804878049,2.8680269659959823
656302,"Cease, Dylan",2026,"CH","Blue Jays","R","5.251866065",0.14814814814814814,0.04938271604938271,0,,0.35802469135802467,0.6419753086419753,11.635881893160294,0.7283950617283951,14.921667360287943,0.24691358024691357,0.024691358024691357,-9.309425174518925,81,0.5308641975308642,0.8641975308641975,0.1728395061728395,-2.7472865703824336,0.6419753086419753,0.18518518518518517,3.2331857290600494
660604,"Rangel, Alan",2026,"FF","Phillies","R","0.434637603",0.012345679012345678,0.25925925925925924,0.07407407407407407,-6.516597071357132,0.8024691358024691,0.12345679012345678,6.211172632083229,0.04938271604938271,9.508204195746732,0.7160493827160493,0.2345679012345679,-10.07282877443892,81,0.08641975308641975,0.9506172839506173,0.024691358024691357,-2.4503730283040714,0.654320987654321,0.32098765432098764,2.6503033775138496
696070,"Rojas, Kendry",2026,"FF","Twins","L","1.460371075",0.07407407407407407,0.13580246913580246,0.04938271604938271,-5.944016091003829,0.7901234567901234,0.16049382716049382,8.285577430345258,0.012345679012345678,7.222231329971199,0.5679012345679012,0.41975308641975306,-10.69106255588962,81,0.2839506172839506,0.9012345679012346,0,,0.3950617283950617,0.6049382716049383,3.1692842381679007
669432,"Rogers, Trevor",2026,"SI","Orioles","L","1.845492446",0.012345679012345678,0.3333333333333333,0.18518518518518517,-6.398695313330209,0.6666666666666666,0.14814814814814814,5.951950603322958,0.037037037037037035,8.67467485913392,0.7777777777777778,0.18518518518518517,-9.342639396240372,81,0.09876543209876543,0.9382716049382716,0.07407407407407407,-3.0867776139250553,0.7530864197530864,0.1728395061728395,2.805137397395316
668964,"Myers, Tobias",2026,"FS","Mets","R","5.403382301",0.1111111111111111,0.14814814814814814,0.037037037037037035,-4.6234260938292175,0.5185185185185185,0.4444444444444444,11.044932113593864,0.6419753086419753,15.104783283687626,0.3333333333333333,0.024691358024691357,-11.840548460492961,81,0.3333333333333333,0.8765432098765432,0.13580246913580246,-3.403942491041204,0.7530864197530864,0.1111111111111111,2.5911219136214743
669724,"Hanifee, Brenan",2026,"SI","Tigers","R","0.731860243",0,0.37037037037037035,0.2345679012345679,-5.879457276220476,0.691358024691358,0.07407407407407407,6.785964921760376,0,,0.7901234567901234,0.20987654320987653,-10.893356499259959,81,0.08641975308641975,0.9506172839506173,0.09876543209876543,-2.528510991451662,0.7901234567901234,0.1111111111111111,2.72644732188687
702275,"Ritchie, JR",2026,"CH","Braves","R","2.693232713",0.1111111111111111,0.2345679012345679,0.024691358024691357,-8.218301978739406,0.5802469135802469,0.3950617283950617,6.383692433029318,0.2962962962962963,10.49524061873073,0.6419753086419753,0.06172839506172839,-9.254209330243233,81,0.2345679012345679,0.9629629629629629,0.20987654320987653,-3.81358031097233,0.7407407407407407,0.04938271604938271,2.784867446385009
669373,"Skubal, Tarik",2026,"SL","Tigers","L","1.99570905",0.04938271604938271,0.25925925925925924,0.1728395061728395,-6.412975455164508,0.7530864197530864,0.07407407407407407,7.673406220160192,0.09876543209876543,8.918801299677586,0.8024691358024691,0.09876543209876543,-12.926149299001699,81,0.30864197530864196,0.9135802469135802,0.25925925925925924,-4.17532570297789,0.5802469135802469,0.16049382716049382,3.4578750490216223
593958,"Rodriguez, Eduardo",2026,"SI","Diamondbacks","L","0.659233856",0,0.32098765432098764,0.2962962962962963,-6.033007037495221,0.6419753086419753,0.06172839506172839,6.620946426572117,0.024691358024691357,7.777263202770035,0.8271604938271605,0.14814814814814814,-10.465033332656944,81,0.06172839506172839,0.9506172839506173,0.08641975308641975,-2.3304779941203795,0.8148148148148148,0.09876543209876543,2.6166014455502067
623474,"Herget, Jimmy",2026,"ST","Rockies","R","3.55419244",0.08641975308641975,0.12345679012345678,0.037037037037037035,-7.119101751399821,0.5185185185185185,0.4444444444444444,9.64613235394575,0.7037037037037037,13.582109877324447,0.2962962962962963,0,,81,0.2962962962962963,0.8148148148148148,0.07407407407407407,-2.699895059340938,0.8395061728395061,0.08641975308641975,2.5478607829721365
656848,"Petersen, Michael",2026,"SL","Marlins","R","4.853430613",0.16049382716049382,0.2962962962962963,0.04938271604938271,-5.662347928498379,0.7037037037037037,0.24691358024691357,8.945007509033294,0.4567901234567901,11.844138515776036,0.5185185185185185,0.024691358024691357,-13.037841279591843,81,0.35802469135802467,0.8518518518518519,0.38271604938271603,-4.842951047224248,0.5802469135802469,0.037037037037037035,2.6792674114322326
687377,"Ribalta, Orlando",2026,"FF","Nationals","R","1.036854135",0.09876543209876543,0.20987654320987653,0.037037037037037035,-6.006932918961496,0.7777777777777778,0.18518518518518517,7.454697887386888,0.012345679012345678,9.1095504934729,0.7530864197530864,0.2345679012345679,-12.342213797634505,81,0.30864197530864196,0.8395061728395061,0.012345679012345678,-2.4210472958397915,0.4444444444444444,0.5432098765432098,3.0787493744782495
690928,"Dobbins, Hunter",2026,"FF","Cardinals","R","0.913961421",0.024691358024691357,0.2345679012345679,0.09876543209876543,-5.453618274073001,0.7654320987654321,0.13580246913580246,5.8212553147781065,0.012345679012345678,7.705058222708937,0.691358024691358,0.2962962962962963,-9.092653060024045,81,0.16049382716049382,0.9259259259259259,0,,0.5802469135802469,0.41975308641975306,2.9394417076418136
642232,"Yarbrough, Ryan",2026,"CH","Yankees","L","6.161505468",0.12345679012345678,0.09876543209876543,0.012345679012345678,-4.8677258631533,0.32098765432098764,0.6666666666666666,10.876354931111651,0.6296296296296297,15.690224578198213,0.37037037037037035,0,,81,0.345679012345679,0.9629629629629629,0.1728395061728395,-3.0381142972738484,0.7160493827160493,0.1111111111111111,2.6038669211916607
701542,"Warren, Will",2026,"CH","Yankees","R","3.194950947",0.13580246913580246,0.2222222222222222,0,,0.43209876543209874,0.5679012345679012,7.626250400352352,0.37037037037037035,11.227714613764434,0.6049382716049383,0.024691358024691357,-12.081583578036076,81,0.2716049382716049,0.9259259259259259,0.2222222222222222,-2.817678413130113,0.7407407407407407,0.037037037037037035,2.8788560530927056