"id","name","year","bbe","gb_rate","air_rate","fb_rate","ld_rate","pu_rate","pull_rate","straight_rate","oppo_rate","pull_gb_rate","straight_gb_rate","oppo_gb_rate","pull_air_rate","straight_air_rate","oppo_air_rate"
500743,"Rojas, Miguel",2026,139,0.46762589928057574,0.5323741007194246,0.20863309352517995,0.21582733812949645,0.10791366906474824,0.3381294964028776,0.4100719424460433,0.2517985611510791,0.18705035971223022,0.20863309352517995,0.07194244604316548,0.15107913669064738,0.20143884892086333,0.17985611510791366
502671,"Goldschmidt, Paul",2026,195,0.4358974358974359,0.5641025641025643,0.2871794871794873,0.20000000000000004,0.07692307692307694,0.3230769230769227,0.38461538461538464,0.2923076923076924,0.13846153846153844,0.2153846153846154,0.08205128205128208,0.18461538461538426,0.16923076923076924,0.2102564102564103
514888,"Altuve, Jose",2026,243,0.4814814814814815,0.5185185185185184,0.21399176954732502,0.2304526748971193,0.07407407407407411,0.411522633744856,0.432098765432099,0.1563786008230453,0.20576131687242796,0.2510288065843623,0.024691358024691357,0.20576131687242802,0.18106995884773674,0.13168724279835395
518692,"Freeman, Freddie",2026,316,0.4082278481012659,0.591772151898734,0.28481012658227856,0.2689873417721517,0.037974683544303785,0.3386075949367088,0.3702531645569621,0.2911392405063293,0.18987341772151897,0.15189873417721522,0.06645569620253168,0.1487341772151898,0.2183544303797469,0.2246835443037976
521692,"Perez, Salvador",2026,301,0.38538205980066453,0.6146179401993357,0.28903654485049846,0.24252491694352168,0.08305647840531559,0.4053156146179398,0.3322259136212624,0.26245847176079723,0.19601328903654502,0.13953488372093018,0.04983388704318936,0.20930232558139478,0.19269102990033224,0.21262458471760787
542303,"Ozuna, Marcell",2026,160,0.32499999999999996,0.6749999999999999,0.29374999999999984,0.27500000000000013,0.10624999999999998,0.3812499999999999,0.3625000000000001,0.2562499999999999,0.19375000000000006,0.09999999999999998,0.031249999999999993,0.18749999999999986,0.2625000000000001,0.22499999999999992
543309,"Higashioka, Kyle",2026,118,0.33898305084745756,0.6610169491525424,0.2796610169491526,0.27966101694915263,0.10169491525423727,0.38135593220339,0.41525423728813565,0.20338983050847456,0.17796610169491536,0.11016949152542375,0.05084745762711865,0.20338983050847462,0.3050847457627119,0.15254237288135591
543760,"Semien, Marcus",2026,241,0.3485477178423234,0.6514522821576764,0.30705394190871377,0.24896265560165975,0.0954356846473029,0.4688796680497927,0.3443983402489627,0.1867219917012447,0.19502074688796667,0.10788381742738593,0.045643153526970966,0.27385892116182603,0.23651452282157678,0.14107883817427375
543807,"Springer, George",2026,227,0.4493392070484581,0.5506607929515422,0.2687224669603526,0.20704845814977985,0.07488986784140973,0.4361233480176211,0.3436123348017621,0.22026431718061681,0.23788546255506612,0.16299559471365635,0.048458149779735685,0.19823788546255497,0.18061674008810577,0.17180616740088112
543877,"Vázquez, Christian",2026,154,0.43506493506493493,0.564935064935065,0.25324675324675316,0.2467532467532468,0.06493506493506492,0.32467532467532473,0.34415584415584427,0.33116883116883117,0.18181818181818177,0.17532467532467533,0.07792207792207795,0.14285714285714296,0.16883116883116894,0.2532467532467532
545121,"Vargas, Ildemaro",2026,276,0.4456521739130433,0.5543478260869568,0.17753623188405798,0.27898550724637705,0.09782608695652172,0.4166666666666668,0.39492753623188415,0.18840579710144925,0.21739130434782608,0.17753623188405798,0.05072463768115942,0.19927536231884072,0.21739130434782616,0.13768115942028983
545341,"Grichuk, Randal",2026,112,0.38392857142857145,0.6160714285714287,0.29464285714285726,0.23214285714285718,0.08928571428571427,0.4821428571428571,0.28571428571428586,0.23214285714285726,0.2678571428571429,0.09821428571428573,0.017857142857142853,0.2142857142857142,0.18750000000000014,0.2142857142857144
545361,"Trout, Mike",2026,213,0.37558685446009377,0.6244131455399063,0.3286384976525822,0.2347417840375589,0.061032863849765244,0.40845070422535185,0.352112676056338,0.23943661971830987,0.19248826291079807,0.1314553990610328,0.0516431924882629,0.21596244131455378,0.2206572769953052,0.18779342723004697
547180,"Harper, Bryce",2026,283,0.4346289752650176,0.5653710247349819,0.2791519434628973,0.2579505300353355,0.028268551236749116,0.39929328621908117,0.3922261484098939,0.20848056537102486,0.23321554770318034,0.17314487632508843,0.028268551236749113,0.16607773851590082,0.21908127208480546,0.18021201413427573
553993,"Suárez, Eugenio",2026,162,0.3580246913580248,0.6419753086419753,0.30246913580246904,0.24691358024691362,0.0925925925925926,0.4753086419753088,0.3086419753086419,0.21604938271604954,0.2469135802469136,0.11111111111111112,0,0.22839506172839522,0.1975308641975308,0.21604938271604954
571448,"Arenado, Nolan",2026,261,0.3793103448275863,0.6206896551724139,0.2643678160919541,0.23754789272030657,0.11877394636015332,0.4482758620689653,0.37931034482758624,0.17241379310344832,0.1877394636015325,0.1417624521072797,0.04980842911877392,0.2605363984674328,0.23754789272030655,0.12260536398467439
571970,"Muncy, Max",2026,230,0.3999999999999999,0.6000000000000001,0.3260869565217392,0.20869565217391312,0.06521739130434782,0.5304347826086955,0.28695652173913055,0.18260869565217402,0.2565217391304348,0.11304347826086959,0.030434782608695674,0.2739130434782607,0.17391304347826098,0.15217391304347835
572233,"Walker, Christian",2026,280,0.4285714285714285,0.5714285714285711,0.27857142857142825,0.21071428571428566,0.08214285714285716,0.4464285714285716,0.3035714285714286,0.2500000000000001,0.23214285714285723,0.15000000000000002,0.04642857142857142,0.21428571428571438,0.15357142857142858,0.20357142857142868
573262,"Yastrzemski, Mike",2026,176,0.3977272727272727,0.6022727272727272,0.3124999999999999,0.2329545454545455,0.0568181818181818,0.45454545454545464,0.3352272727272726,0.21022727272727285,0.24431818181818185,0.11363636363636366,0.03977272727272728,0.2102272727272728,0.22159090909090895,0.17045454545454558
575929,"Contreras, Willson",2026,241,0.37759336099585045,0.6224066390041494,0.28630705394190864,0.2282157676348549,0.10788381742738587,0.4813278008298755,0.3360995850622405,0.18257261410788378,0.2157676348547718,0.12863070539419083,0.03319502074688798,0.2655601659751037,0.2074688796680497,0.1493775933609958
592450,"Judge, Aaron",2026,143,0.38461538461538436,0.6153846153846152,0.32167832167832144,0.22377622377622383,0.06993006993006992,0.4335664335664336,0.3146853146853145,0.2517482517482519,0.2517482517482517,0.09790209790209789,0.03496503496503496,0.18181818181818188,0.21678321678321663,0.21678321678321694
592518,"Machado, Manny",2026,288,0.4131944444444445,0.5868055555555556,0.28125,0.23611111111111108,0.06944444444444449,0.4270833333333333,0.32291666666666685,0.2500000000000001,0.2256944444444445,0.15624999999999997,0.03125000000000001,0.2013888888888888,0.16666666666666688,0.2187500000000001
592626,"Pederson, Joc",2026,204,0.40196078431372534,0.5980392156862747,0.2794117647058823,0.2500000000000001,0.0686274509803922,0.4019607843137255,0.3529411764705883,0.24509803921568613,0.18627450980392152,0.1519607843137256,0.06372549019607844,0.215686274509804,0.20098039215686272,0.1813725490196077
592663,"Realmuto, J.T.",2026,197,0.44162436548223355,0.5583756345177667,0.2639593908629443,0.26395939086294423,0.030456852791878177,0.4111675126903553,0.3299492385786801,0.25888324873096424,0.25380710659898476,0.13705583756345183,0.05076142131979695,0.15736040609137053,0.19289340101522826,0.2081218274111673
592885,"Yelich, Christian",2026,191,0.549738219895288,0.4502617801047122,0.2198952879581152,0.21465968586387446,0.01570680628272252,0.3455497382198954,0.3769633507853404,0.2774869109947642,0.26701570680628267,0.21989528795811514,0.06282722513089006,0.0785340314136127,0.15706806282722524,0.21465968586387413
593428,"Bogaerts, Xander",2026,278,0.535971223021583,0.4640287769784173,0.2374100719424461,0.19064748201438847,0.03597122302158277,0.45683453237410065,0.3597122302158273,0.18345323741007194,0.2805755395683453,0.21223021582733817,0.043165467625899304,0.17625899280575535,0.14748201438848915,0.14028776978417262
595978,"Hedges, Austin",2026,116,0.48275862068965525,0.5172413793103449,0.21551724137931041,0.21551724137931033,0.08620689655172412,0.525862068965517,0.3189655172413794,0.1551724137931034,0.29310344827586216,0.1465517241379311,0.043103448275862065,0.23275862068965486,0.1724137931034483,0.11206896551724133
596019,"Lindor, Francisco",2026,147,0.38775510204081637,0.6122448979591838,0.29251700680272097,0.26530612244897983,0.054421768707482984,0.4421768707482993,0.31972789115646255,0.23809523809523836,0.22448979591836743,0.12925170068027225,0.03401360544217687,0.21768707482993188,0.1904761904761903,0.2040816326530615
596115,"Story, Trevor",2026,110,0.4818181818181818,0.5181818181818183,0.20909090909090916,0.22727272727272732,0.08181818181818182,0.4545454545454543,0.35454545454545455,0.19090909090909097,0.24545454545454565,0.1818181818181818,0.054545454545454536,0.20909090909090866,0.17272727272727276,0.13636363636363644
596142,"Sánchez, Gary",2026,115,0.3826086956521739,0.6173913043478263,0.28695652173913055,0.20869565217391312,0.12173913043478268,0.3913043478260869,0.40869565217391296,0.20000000000000007,0.2086956521739131,0.1478260869565218,0.02608695652173914,0.18260869565217383,0.26086956521739113,0.17391304347826092
605137,"Bell, Josh",2026,288,0.41319444444444464,0.5868055555555555,0.2569444444444443,0.24652777777777782,0.08333333333333341,0.40972222222222227,0.3645833333333333,0.2256944444444445,0.2048611111111111,0.15624999999999994,0.052083333333333315,0.20486111111111116,0.20833333333333337,0.1736111111111112
605141,"Betts, Mookie",2026,232,0.3017241379310344,0.6982758620689656,0.36206896551724144,0.27586206896551724,0.060344827586206934,0.37931034482758635,0.4008620689655172,0.21982758620689657,0.16810344827586207,0.10775862068965518,0.025862068965517248,0.21120689655172428,0.293103448275862,0.19396551724137934
605170,"Caratini, Victor",2026,198,0.4292929292929292,0.5707070707070708,0.24242424242424243,0.27777777777777796,0.050505050505050504,0.3787878787878788,0.3535353535353536,0.2676767676767676,0.20707070707070707,0.1717171717171717,0.05050505050505053,0.1717171717171717,0.18181818181818188,0.2171717171717171
606192,"Hernández, Teoscar",2026,173,0.4219653179190751,0.578034682080925,0.31791907514450884,0.19653179190751438,0.06358381502890177,0.30635838150289024,0.4046242774566474,0.28901734104046256,0.19075144508670533,0.18497109826589594,0.04624277456647398,0.11560693641618491,0.21965317919075147,0.2427745664739886
606466,"Marte, Ketel",2026,343,0.4314868804664722,0.5685131195335273,0.2769679300291543,0.23615160349854217,0.0553935860058309,0.5131195335276969,0.30612244897959195,0.18075801749271142,0.2857142857142857,0.11370262390670562,0.03206997084548107,0.2274052478134112,0.19241982507288635,0.14868804664723034
607043,"Nimmo, Brandon",2026,289,0.3944636678200693,0.6055363321799309,0.2768166089965397,0.30449826989619383,0.02422145328719724,0.31141868512110715,0.45328719723183375,0.23529411764705893,0.1730103806228373,0.1695501730103807,0.05190311418685122,0.13840830449826985,0.2837370242214531,0.1833910034602077
607208,"Turner, Trea",2026,317,0.4731861198738169,0.5268138801261831,0.2681388012618297,0.21135646687697165,0.047318611987381715,0.31861198738170343,0.40694006309148256,0.2744479495268139,0.18611987381703457,0.18611987381703474,0.1009463722397476,0.13249211356466886,0.22082018927444783,0.17350157728706628
608070,"Ramírez, José",2026,239,0.3179916317991633,0.6820083682008368,0.301255230125523,0.26359832635983266,0.11715481171548113,0.48953974895397523,0.3389121338912135,0.17154811715481172,0.17991631799163188,0.10878661087866112,0.029288702928870286,0.30962343096234335,0.23012552301255237,0.14225941422594143
608324,"Bregman, Alex",2026,331,0.38368580060422935,0.6163141993957705,0.2507552870090635,0.24169184290030202,0.1238670694864049,0.47432024169184306,0.3444108761329304,0.1812688821752264,0.23867069486404846,0.11480362537764344,0.030211480362537818,0.2356495468277946,0.22960725075528698,0.1510574018126886
608348,"Kelly, Carson",2026,193,0.4870466321243521,0.5129533678756477,0.2227979274611399,0.21243523316062177,0.07772020725388604,0.3626943005181347,0.42487046632124353,0.2124352331606217,0.2227979274611399,0.2176165803108809,0.046632124352331585,0.13989637305699482,0.20725388601036263,0.16580310880829013
608369,"Seager, Corey",2026,130,0.45384615384615373,0.5461538461538462,0.2923076923076923,0.20769230769230773,0.046153846153846156,0.4615384615384614,0.3153846153846155,0.2230769230769232,0.2846153846153848,0.1461538461538462,0.02307692307692308,0.17692307692307657,0.1692307692307693,0.20000000000000012
609280,"Andujar, Miguel",2026,201,0.5323383084577114,0.4676616915422886,0.17910447761194026,0.2288557213930349,0.05970149253731344,0.4477611940298509,0.3582089552238806,0.1940298507462686,0.24875621890547245,0.1990049751243781,0.08457711442786073,0.19900497512437842,0.15920398009950248,0.10945273631840788
620443,"Torrens, Luis",2026,135,0.5555555555555555,0.4444444444444445,0.15555555555555553,0.23703703703703707,0.05185185185185188,0.3037037037037038,0.37037037037037046,0.32592592592592606,0.22962962962962966,0.22222222222222232,0.10370370370370374,0.07407407407407415,0.14814814814814814,0.22222222222222232
621020,"Swanson, Dansby",2026,258,0.39922480620155065,0.6007751937984499,0.32170542635658933,0.20542635658914735,0.0736434108527132,0.48062015503875977,0.3294573643410853,0.1899224806201549,0.2751937984496125,0.10852713178294571,0.015503875968992248,0.20542635658914726,0.2209302325581396,0.17441860465116266
621043,"Correa, Carlos",2026,97,0.47422680412371143,0.5257731958762887,0.16494845360824748,0.31958762886597936,0.04123711340206187,0.40206185567010305,0.29896907216494856,0.2989690721649484,0.2061855670103093,0.13402061855670103,0.13402061855670105,0.19587628865979376,0.16494845360824753,0.16494845360824734
621438,"Taylor, Tyrone",2026,107,0.3644859813084112,0.635514018691589,0.3364485981308412,0.18691588785046734,0.11214953271028036,0.49532710280373826,0.31775700934579443,0.18691588785046728,0.2336448598130842,0.08411214953271029,0.04672897196261683,0.26168224299065407,0.23364485981308414,0.14018691588785046
621439,"Buxton, Byron",2026,239,0.31799163179916323,0.6820083682008367,0.3514644351464433,0.21338912133891205,0.1171548117154812,0.4769874476987446,0.322175732217573,0.2008368200836821,0.18828451882845193,0.10460251046025103,0.025104602510460247,0.2887029288702927,0.21757322175732197,0.17573221757322183
621493,"Ward, Taylor",2026,293,0.3754266211604097,0.6245733788395904,0.26621160409556327,0.28668941979522167,0.07167235494880543,0.33788395904436863,0.385665529010239,0.27645051194539244,0.19453924914675771,0.13993174061433442,0.04095563139931741,0.14334470989761092,0.24573378839590457,0.23549488054607504
621566,"Olson, Matt",2026,298,0.37248322147650986,0.6275167785234899,0.33892617449664425,0.20469798657718113,0.08389261744966447,0.37583892617449655,0.38590604026845626,0.23825503355704708,0.17449664429530193,0.16107382550335572,0.03691275167785235,0.20134228187919462,0.22483221476510054,0.20134228187919473
624413,"Alonso, Pete",2026,284,0.41197183098591555,0.5880281690140843,0.3098591549295774,0.23591549295774644,0.042253521126760535,0.3556338028169014,0.4119718309859156,0.23239436619718312,0.19718309859154926,0.16901408450704222,0.04577464788732392,0.15845070422535212,0.2429577464788734,0.1866197183098592
624424,"Conforto, Michael",2026,102,0.3333333333333332,0.6666666666666667,0.3921568627450981,0.24509803921568626,0.02941176470588237,0.431372549019608,0.36274509803921573,0.20588235294117654,0.14705882352941174,0.13725490196078435,0.04901960784313725,0.28431372549019623,0.22549019607843138,0.1568627450980393
624585,"Soler, Jorge",2026,190,0.39473684210526316,0.6052631578947368,0.25789473684210523,0.28421052631578947,0.06315789473684216,0.5210526315789475,0.29473684210526335,0.1842105263157895,0.2368421052631579,0.11578947368421053,0.042105263157894736,0.28421052631578964,0.17894736842105283,0.14210526315789476
624641,"Sosa, Edmundo",2026,132,0.4924242424242424,0.5075757575757576,0.17424242424242428,0.24999999999999997,0.0833333333333333,0.41666666666666685,0.4242424242424244,0.15909090909090912,0.27272727272727265,0.18939393939393942,0.030303030303030314,0.1439393939393942,0.234848484848485,0.1287878787878788
630105,"Cronenworth, Jake",2026,128,0.5468749999999998,0.4531250000000001,0.16406250000000003,0.22656250000000008,0.0625,0.3125000000000001,0.4609375,0.22656249999999997,0.21093750000000006,0.27343750000000006,0.06250000000000003,0.10156250000000006,0.18749999999999994,0.16406249999999994
641343,"Bauers, Jake",2026,220,0.4272727272727272,0.5727272727272732,0.30000000000000027,0.24545454545454565,0.027272727272727292,0.409090909090909,0.3227272727272728,0.26818181818181835,0.24545454545454554,0.1454545454545455,0.03636363636363636,0.16363636363636347,0.1772727272727273,0.23181818181818198
641355,"Bellinger, Cody",2026,309,0.3592233009708738,0.6407766990291263,0.3009708737864076,0.2556634304207122,0.08414239482200647,0.42394822006472477,0.38187702265372203,0.19417475728155326,0.21359223300970884,0.13268608414239497,0.012944983818770222,0.21035598705501593,0.24919093851132706,0.18122977346278304
641487,"Crawford, J.P.",2026,226,0.49115044247787626,0.5088495575221239,0.1902654867256637,0.23451327433628325,0.08407079646017701,0.36725663716814183,0.37610619469026546,0.2566371681415929,0.23451327433628333,0.18584070796460178,0.07079646017699118,0.1327433628318585,0.19026548672566368,0.1858407079646017
641680,"Heim, Jonah",2026,152,0.4276315789473684,0.5723684210526315,0.2828947368421051,0.21710526315789477,0.0723684210526316,0.4078947368421052,0.33552631578947384,0.2565789473684212,0.25000000000000006,0.1315789473684211,0.04605263157894737,0.15789473684210514,0.20394736842105274,0.2105263157894738
641857,"McMahon, Ryan",2026,151,0.4238410596026491,0.5761589403973512,0.3178807947019869,0.21854304635761596,0.039735099337748346,0.38410596026490057,0.337748344370861,0.27814569536423855,0.2516556291390728,0.15231788079470204,0.019867549668874177,0.13245033112582777,0.18543046357615894,0.2582781456953644
641933,"O'Neill, Tyler",2026,117,0.28205128205128227,0.717948717948718,0.3931623931623932,0.22222222222222227,0.10256410256410257,0.4786324786324788,0.3333333333333333,0.18803418803418806,0.1794871794871795,0.09401709401709403,0.008547008547008548,0.2991452991452993,0.2393162393162393,0.17948717948717952
642086,"Smith, Dominic",2026,195,0.4153846153846155,0.584615384615385,0.2820512820512822,0.2461538461538463,0.05641025641025641,0.353846153846154,0.4051282051282053,0.241025641025641,0.1794871794871795,0.18974358974358968,0.04615384615384614,0.1743589743589745,0.21538461538461562,0.19487179487179485
642201,"White, Eli",2026,97,0.5463917525773193,0.4536082474226804,0.25773195876288657,0.17525773195876296,0.020618556701030934,0.3608247422680412,0.38144329896907214,0.25773195876288657,0.2577319587628865,0.1958762886597939,0.09278350515463919,0.10309278350515466,0.18556701030927825,0.1649484536082474
642708,"Rosario, Amed",2026,117,0.4188034188034188,0.5811965811965811,0.24786324786324793,0.2564102564102564,0.07692307692307693,0.38461538461538464,0.3846153846153848,0.23076923076923073,0.2051282051282052,0.1623931623931625,0.0512820512820513,0.17948717948717943,0.2222222222222223,0.17948717948717943
642715,"Adames, Willy",2026,267,0.34082397003745335,0.6591760299625471,0.3408239700374534,0.20973782771535585,0.10861423220973782,0.49812734082397003,0.29588014981273414,0.2059925093632959,0.2209737827715355,0.08988764044943826,0.02996254681647941,0.2771535580524345,0.20599250936329588,0.1760299625468165
643217,"Benintendi, Andrew",2026,211,0.3696682464454975,0.6303317535545022,0.2938388625592416,0.2606635071090047,0.07582938388625596,0.5402843601895742,0.3270142180094786,0.13270142180094788,0.23222748815165872,0.11374407582938391,0.023696682464454978,0.30805687203791543,0.2132701421800947,0.1090047393364929
643289,"Dubón, Mauricio",2026,322,0.4130434782608696,0.5869565217391304,0.23291925465838503,0.2670807453416149,0.08695652173913047,0.3167701863354037,0.3944099378881987,0.28881987577639767,0.16459627329192544,0.18012422360248448,0.06832298136645967,0.15217391304347827,0.21428571428571425,0.220496894409938
643396,"Kiner-Falefa, Isiah",2026,102,0.4607843137254902,0.53921568627451,0.15686274509803932,0.2549019607843138,0.12745098039215688,0.3921568627450981,0.39215686274509803,0.215686274509804,0.21568627450980396,0.19607843137254902,0.04901960784313724,0.17647058823529413,0.19607843137254902,0.16666666666666674
643446,"McNeil, Jeff",2026,250,0.42400000000000015,0.5759999999999998,0.21999999999999983,0.288,0.06800000000000003,0.4079999999999998,0.3279999999999999,0.26400000000000023,0.23200000000000007,0.12000000000000006,0.07200000000000002,0.17599999999999974,0.20799999999999985,0.19200000000000023
645277,"Albies, Ozzie",2026,350,0.3428571428571429,0.6571428571428569,0.33428571428571413,0.24571428571428566,0.07714285714285707,0.46,0.3342857142857144,0.20571428571428568,0.18857142857142856,0.13142857142857156,0.022857142857142854,0.27142857142857146,0.20285714285714285,0.18285714285714283
646240,"Devers, Rafael",2026,278,0.3992805755395683,0.6007194244604316,0.3453237410071942,0.1942446043165467,0.061151079136690704,0.327338129496403,0.42086330935251776,0.2517985611510791,0.17625899280575533,0.18705035971223016,0.03597122302158273,0.15107913669064768,0.2338129496402876,0.2158273381294964
647304,"Naylor, Josh",2026,332,0.44277108433734963,0.5572289156626506,0.21987951807228923,0.23192771084337355,0.1054216867469879,0.41265060240963836,0.3373493975903615,0.2500000000000001,0.22891566265060243,0.1415662650602411,0.07228915662650601,0.18373493975903593,0.1957831325301204,0.1777108433734941
650333,"Arraez, Luis",2026,386,0.3937823834196892,0.6062176165803107,0.2875647668393782,0.27461139896373044,0.04404145077720209,0.300518134715026,0.37823834196891165,0.3212435233160622,0.14507772020725376,0.1917098445595856,0.05699481865284974,0.1554404145077722,0.18652849740932606,0.2642487046632125
650402,"Torres, Gleyber",2026,136,0.45588235294117646,0.5441176470588236,0.26470588235294124,0.24999999999999997,0.029411764705882363,0.17647058823529413,0.39705882352941196,0.42647058823529405,0.11764705882352948,0.23529411764705893,0.10294117647058824,0.05882352941176465,0.16176470588235303,0.3235294117647058
650489,"Castro, Willi",2026,224,0.3526785714285712,0.6473214285714287,0.34375000000000006,0.23660714285714296,0.06696428571428574,0.44196428571428586,0.3214285714285714,0.2366071428571429,0.20089285714285712,0.12053571428571425,0.03125000000000002,0.24107142857142874,0.20089285714285715,0.20535714285714288
650490,"Díaz, Yandy",2026,329,0.5015197568389057,0.4984802431610942,0.1975683890577507,0.243161094224924,0.057750759878419475,0.21884498480243159,0.48024316109422527,0.3009118541033433,0.1398176291793313,0.28875379939209767,0.07294832826747724,0.07902735562310029,0.1914893617021276,0.22796352583586607
650859,"Rengifo, Luis",2026,185,0.5513513513513514,0.44864864864864873,0.16216216216216223,0.23783783783783785,0.04864864864864868,0.37297297297297294,0.3567567567567568,0.27027027027027,0.23783783783783766,0.21621621621621626,0.09729729729729725,0.13513513513513528,0.14054054054054052,0.17297297297297276
655316,"Monasterio, Andruw",2026,133,0.3157894736842105,0.6842105263157897,0.3308270676691731,0.24060150375939854,0.11278195488721808,0.39097744360902253,0.35338345864661663,0.25563909774436094,0.18045112781954897,0.11278195488721805,0.022556390977443615,0.21052631578947356,0.2406015037593986,0.23308270676691734
656305,"Chapman, Matt",2026,229,0.4541484716157203,0.5458515283842794,0.20524017467248912,0.2183406113537117,0.12227074235807864,0.39301310043668136,0.3449781659388644,0.26200873362445404,0.21397379912663764,0.17030567685589515,0.06986899563318778,0.17903930131004372,0.17467248908296923,0.19213973799126627
656484,"Gray, Tristan",2026,115,0.3478260869565218,0.6521739130434783,0.22608695652173919,0.3478260869565217,0.07826086956521737,0.4086956521739132,0.382608695652174,0.20869565217391314,0.1565217391304347,0.1565217391304348,0.03478260869565218,0.25217391304347847,0.22608695652173919,0.17391304347826098
656555,"Hoskins, Rhys",2026,147,0.26530612244897955,0.7346938775510204,0.3129251700680272,0.21768707482993194,0.20408163265306134,0.5578231292517007,0.217687074829932,0.22448979591836737,0.217687074829932,0.027210884353741506,0.020408163265306145,0.34013605442176875,0.1904761904761905,0.20408163265306123
656716,"McKinstry, Zach",2026,204,0.4117647058823527,0.588235294117647,0.2843137254901961,0.24019607843137247,0.06372549019607847,0.38725490196078455,0.3480392156862746,0.264705882352941,0.24019607843137264,0.12745098039215685,0.04411764705882354,0.1470588235294119,0.22058823529411775,0.22058823529411747
656775,"Mullins, Cedric",2026,241,0.2946058091286308,0.705394190871369,0.31950207468879643,0.20331950207468874,0.1825726141078838,0.44813278008298757,0.3112033195020747,0.24066390041493793,0.14107883817427383,0.10788381742738594,0.04564315352697098,0.3070539419087137,0.20331950207468874,0.19502074688796694
656811,"O'Hearn, Ryan",2026,253,0.407114624505929,0.592885375494071,0.3003952569169961,0.2529644268774703,0.039525691699604765,0.3992094861660078,0.33596837944664026,0.26482213438735186,0.20158102766798425,0.15810276679841898,0.04743083003952568,0.19762845849802357,0.1778656126482213,0.21739130434782616
656941,"Schwarber, Kyle",2026,225,0.27111111111111114,0.7288888888888889,0.3422222222222223,0.2844444444444444,0.10222222222222224,0.5466666666666671,0.28888888888888886,0.1644444444444444,0.2000000000000001,0.06222222222222226,0.00888888888888889,0.346666666666667,0.2266666666666666,0.1555555555555555
657041,"Thomas, Lane",2026,195,0.3641025641025639,0.6358974358974357,0.251282051282051,0.2512820512820513,0.13333333333333344,0.4564102564102568,0.3743589743589743,0.16923076923076913,0.18974358974358962,0.14358974358974358,0.03076923076923079,0.26666666666666716,0.23076923076923073,0.13846153846153833
657656,"Laureano, Ramón",2026,119,0.411764705882353,0.5882352941176471,0.31092436974789917,0.21848739495798322,0.058823529411764726,0.3529411764705882,0.3361344537815125,0.31092436974789917,0.17647058823529413,0.1596638655462185,0.07563025210084032,0.17647058823529407,0.17647058823529402,0.23529411764705885
657757,"Sheets, Gavin",2026,232,0.44396551724137934,0.5560344827586207,0.22844827586206906,0.2241379310344827,0.10344827586206894,0.36637931034482757,0.3448275862068964,0.2887931034482756,0.1637931034482759,0.1939655172413792,0.08620689655172414,0.20258620689655166,0.1508620689655172,0.20258620689655144
660271,"Ohtani, Shohei",2026,273,0.42124542124542125,0.5787545787545789,0.31868131868131877,0.22344322344322345,0.03663003663003667,0.49450549450549486,0.28205128205128194,0.22344322344322357,0.2893772893772895,0.10256410256410264,0.029304029304029307,0.20512820512820534,0.1794871794871793,0.19413919413919425
660670,"Acuña Jr., Ronald",2026,145,0.4068965517241379,0.5931034482758623,0.29655172413793124,0.20689655172413793,0.0896551724137931,0.3724137931034483,0.3310344827586206,0.2965517241379311,0.18620689655172415,0.15862068965517245,0.06206896551724138,0.18620689655172415,0.17241379310344812,0.23448275862068974
660688,"Ruiz, Keibert",2026,193,0.40932642487046633,0.5906735751295337,0.30569948186528495,0.20725388601036268,0.07772020725388604,0.5854922279792746,0.27461139896373055,0.13989637305699473,0.2746113989637306,0.10880829015544052,0.025906735751295346,0.310880829015544,0.16580310880829002,0.11398963730569939
660821,"Sánchez, Jesús",2026,167,0.44910179640718545,0.5508982035928145,0.23952095808383234,0.23353293413173665,0.07784431137724551,0.3353293413173656,0.4191616766467067,0.24550898203592797,0.17365269461077845,0.2095808383233534,0.0658682634730539,0.16167664670658713,0.20958083832335334,0.17964071856287406
661388,"Contreras, William",2026,319,0.432601880877743,0.5673981191222568,0.24137931034482757,0.24137931034482732,0.08463949843260189,0.36677115987460807,0.3918495297805643,0.2413793103448276,0.20689655172413796,0.19435736677115972,0.03134796238244515,0.1598746081504701,0.1974921630094046,0.21003134796238243
662139,"Varsho, Daulton",2026,244,0.3893442622950819,0.6106557377049178,0.25,0.26639344262295067,0.09426229508196719,0.3729508196721311,0.4221311475409837,0.20491803278688525,0.16803278688524595,0.16393442622950818,0.0573770491803279,0.20491803278688517,0.25819672131147553,0.14754098360655735
663457,"Nootbaar, Lars",2026,100,0.46,0.54,0.29,0.2300000000000001,0.020000000000000004,0.4100000000000001,0.34999999999999987,0.24,0.3000000000000001,0.11000000000000006,0.05,0.10999999999999999,0.23999999999999982,0.19
663538,"Hoerner, Nico",2026,376,0.4148936170212765,0.5851063829787233,0.2047872340425531,0.2952127659574468,0.08510638297872346,0.31914893617021267,0.3882978723404253,0.2925531914893617,0.18085106382978733,0.16755319148936176,0.06648936170212771,0.13829787234042534,0.22074468085106352,0.226063829787234
663586,"Riley, Austin",2026,254,0.37401574803149623,0.6259842519685039,0.31496062992125984,0.2204724409448819,0.09055118110236227,0.39763779527559084,0.34251968503937014,0.2598425196850392,0.2204724409448818,0.10629921259842524,0.047244094488188955,0.17716535433070904,0.2362204724409449,0.21259842519685024
663616,"Larnach, Trevor",2026,222,0.38738738738738737,0.6126126126126127,0.2387387387387389,0.2792792792792792,0.09459459459459461,0.4279279279279281,0.37387387387387383,0.19819819819819817,0.1981981981981981,0.13063063063063063,0.05855855855855857,0.22972972972973002,0.2432432432432432,0.1396396396396396
663647,"Hayes, Ke'Bryan",2026,115,0.37391304347826076,0.626086956521739,0.27826086956521734,0.30434782608695643,0.043478260869565216,0.2956521739130437,0.4173913043478261,0.2869565217391305,0.1565217391304348,0.20869565217391306,0.008695652173913045,0.13913043478260892,0.20869565217391306,0.27826086956521745
663656,"Tucker, Kyle",2026,277,0.37184115523465716,0.6281588447653431,0.3212996389891698,0.2527075812274369,0.054151624548736475,0.4332129963898915,0.3321299638989169,0.23465703971119123,0.22382671480144403,0.10469314079422386,0.04332129963898917,0.2093862815884475,0.22743682310469304,0.19133574007220205
663728,"Raleigh, Cal",2026,174,0.2816091954022989,0.718390804597701,0.41954022988505746,0.17241379310344823,0.12643678160919541,0.5287356321839076,0.2586206896551724,0.21264367816091959,0.21264367816091956,0.05172413793103448,0.01724137931034483,0.31609195402298806,0.2068965517241379,0.19540229885057475
663743,"Fortes, Nick",2026,201,0.5373134328358207,0.462686567164179,0.17910447761194026,0.1791044776119403,0.1044776119402985,0.5124378109452736,0.32338308457711445,0.1641791044776119,0.30845771144278583,0.17412935323383089,0.054726368159204,0.2039800995024878,0.14925373134328357,0.10945273631840788
663757,"Grisham, Trent",2026,237,0.39662447257383965,0.6033755274261606,0.29535864978902976,0.20253164556962028,0.10548523206751059,0.4599156118143459,0.3586497890295361,0.1814345991561181,0.25738396624472576,0.11814345991561179,0.02109704641350212,0.20253164556962017,0.2405063291139243,0.16033755274261596
663837,"Vierling, Matt",2026,218,0.3761467889908259,0.6238532110091743,0.27981651376146793,0.2293577981651376,0.11467889908256881,0.3394495412844037,0.4036697247706422,0.2568807339449542,0.220183486238532,0.1284403669724771,0.02752293577981652,0.11926605504587168,0.27522935779816515,0.22935779816513768
663886,"Stephenson, Tyler",2026,181,0.3425414364640884,0.6574585635359115,0.3093922651933701,0.2928176795580111,0.05524861878453036,0.37569060773480656,0.3535911602209945,0.27071823204419887,0.16574585635359113,0.16022099447513813,0.016574585635359133,0.20994475138121543,0.1933701657458564,0.25414364640883974
663968,"Mangum, Jake",2026,216,0.6203703703703708,0.37962962962962965,0.1435185185185185,0.18981481481481485,0.046296296296296294,0.3009259259259259,0.33333333333333337,0.36574074074074076,0.21759259259259256,0.1898148148148148,0.21296296296296294,0.08333333333333331,0.14351851851851857,0.15277777777777782
663993,"Lowe, Nathaniel",2026,154,0.4155844155844156,0.5844155844155845,0.2597402597402596,0.2662337662337664,0.05844155844155847,0.4025974025974027,0.38961038961038963,0.20779220779220775,0.2337662337662338,0.16233766233766245,0.019480519480519487,0.1688311688311689,0.22727272727272718,0.18831168831168826
664023,"Happ, Ian",2026,234,0.37606837606837634,0.6239316239316238,0.35470085470085455,0.2051282051282052,0.06410256410256412,0.4444444444444444,0.35897435897435903,0.1965811965811966,0.17948717948717946,0.16239316239316237,0.03418803418803421,0.26495726495726496,0.19658119658119666,0.1623931623931624
664034,"France, Ty",2026,183,0.44262295081967223,0.557377049180328,0.24043715846994537,0.2513661202185794,0.0655737704918033,0.38797814207650266,0.3715846994535521,0.2404371584699452,0.18032786885245905,0.2185792349726776,0.04371584699453552,0.2076502732240436,0.15300546448087451,0.1967213114754097
664040,"Lowe, Brandon",2026,269,0.3382899628252788,0.6617100371747211,0.3457249070631971,0.24535315985130104,0.070631970260223,0.46840148698884776,0.34572490706319703,0.1858736059479554,0.18215613382899623,0.13011152416356883,0.02602230483271375,0.28624535315985156,0.2156133828996282,0.15985130111524165
664702,"Straw, Myles",2026,144,0.43055555555555547,0.5694444444444443,0.28472222222222204,0.18750000000000003,0.09722222222222221,0.37499999999999983,0.3958333333333333,0.22916666666666682,0.2013888888888889,0.18750000000000006,0.04166666666666668,0.17361111111111094,0.20833333333333326,0.18750000000000014
664728,"Isbel, Kyle",2026,129,0.48062015503875954,0.5193798449612402,0.17054263565891467,0.24806201550387602,0.10077519379844961,0.29457364341085296,0.3643410852713178,0.3410852713178293,0.17829457364341095,0.14728682170542634,0.1550387596899226,0.11627906976744201,0.21705426356589147,0.1860465116279067
664761,"Bohm, Alec",2026,315,0.49841269841269864,0.5015873015873017,0.21269841269841272,0.22857142857142865,0.060317460317460374,0.2984126984126987,0.4444444444444443,0.25714285714285695,0.20952380952380947,0.24444444444444427,0.04444444444444444,0.08888888888888921,0.20000000000000004,0.2126984126984125
664770,"Lukes, Nathan",2026,192,0.5104166666666667,0.48958333333333337,0.203125,0.22916666666666669,0.05729166666666668,0.3333333333333331,0.36458333333333315,0.30208333333333326,0.18749999999999994,0.25,0.07291666666666667,0.14583333333333315,0.11458333333333315,0.22916666666666657
664954,"Sullivan, Brett",2026,111,0.36036036036036034,0.6396396396396395,0.2792792792792792,0.22522522522522528,0.13513513513513514,0.5315315315315315,0.2612612612612613,0.2072072072072073,0.26126126126126137,0.06306306306306307,0.03603603603603605,0.2702702702702702,0.19819819819819823,0.17117117117117125
664983,"McCarthy, Jake",2026,260,0.45384615384615384,0.5461538461538463,0.21153846153846173,0.2653846153846154,0.06923076923076925,0.37692307692307714,0.38846153846153836,0.23461538461538461,0.20384615384615373,0.1884615384615384,0.06153846153846161,0.1730769230769234,0.19999999999999996,0.17307692307692302
665019,"Clemens, Kody",2026,252,0.3769841269841268,0.6230158730158728,0.32936507936507925,0.2222222222222222,0.07142857142857142,0.44841269841269843,0.30158730158730174,0.25000000000000017,0.2301587301587302,0.11507936507936506,0.03174603174603175,0.21825396825396823,0.18650793650793668,0.21825396825396842
665161,"Peña, Jeremy",2026,184,0.45108695652173886,0.548913043478261,0.24999999999999997,0.24456521739130446,0.05434782608695652,0.48369565217391314,0.3152173913043481,0.2010869565217391,0.2717391304347825,0.12500000000000006,0.054347826086956506,0.21195652173913065,0.19021739130434806,0.1467391304347826
665487,"Tatis Jr., Fernando",2026,321,0.5171339563862929,0.4828660436137071,0.1962616822429906,0.24922118380062305,0.03738317757009346,0.32087227414330227,0.3987538940809969,0.28037383177570074,0.22741433021806853,0.22429906542056083,0.06542056074766354,0.09345794392523374,0.17445482866043605,0.21495327102803718
665489,"Guerrero Jr., Vladimir",2026,321,0.482866043613707,0.5171339563862931,0.19003115264797518,0.26168224299065435,0.06542056074766359,0.36760124610591893,0.38629283489096555,0.2461059190031153,0.23052959501557635,0.17757009345794392,0.07476635514018697,0.13707165109034258,0.20872274143302164,0.1713395638629283
665742,"Soto, Juan",2026,247,0.3805668016194331,0.6194331983805668,0.34817813765182193,0.19838056680161936,0.07287449392712554,0.39676113360323884,0.4291497975708503,0.17408906882591085,0.19433198380566805,0.1619433198380568,0.024291497975708502,0.2024291497975708,0.2672064777327935,0.14979757085020234
665750,"Taveras, Leody",2026,202,0.46039603960396036,0.5396039603960394,0.2178217821782178,0.23267326732673252,0.08910891089108913,0.3267326732673266,0.4158415841584157,0.2574257425742573,0.1782178217821782,0.20792079207920788,0.07425742574257425,0.14851485148514837,0.20792079207920783,0.18316831683168305
665804,"Amaya, Miguel",2026,103,0.3398058252427184,0.6601941747572815,0.3203883495145629,0.22330097087378645,0.11650485436893204,0.3592233009708739,0.35922330097087374,0.2815533980582524,0.16504854368932045,0.12621359223300968,0.04854368932038836,0.19417475728155345,0.23300970873786406,0.23300970873786406
665833,"Cruz, Oneil",2026,152,0.47368421052631565,0.5263157894736842,0.24342105263157893,0.25,0.03289473684210527,0.4210526315789474,0.37499999999999994,0.20394736842105277,0.22368421052631587,0.16447368421052633,0.08552631578947369,0.19736842105263153,0.21052631578947362,0.11842105263157908
665862,"Chisholm Jr., Jazz",2026,232,0.43103448275862066,0.5689655172413796,0.2887931034482761,0.18103448275862072,0.09913793103448273,0.5474137931034483,0.2801724137931034,0.17241379310344837,0.3017241379310345,0.10344827586206902,0.02586206896551725,0.2456896551724138,0.17672413793103442,0.1465517241379311
665877,"Fermín, José",2026,151,0.3973509933774833,0.6026490066225167,0.23841059602649023,0.23841059602649006,0.12582781456953643,0.47682119205298024,0.34437086092715236,0.17880794701986752,0.19867549668874185,0.14569536423841067,0.05298013245033112,0.2781456953642384,0.19867549668874168,0.1258278145695364
665926,"Giménez, Andrés",2026,249,0.47791164658634533,0.5220883534136547,0.2208835341365462,0.21686746987951816,0.08433734939759036,0.39357429718875503,0.3132530120481927,0.2931726907630524,0.23293172690763056,0.1726907630522089,0.07228915662650603,0.16064257028112447,0.14056224899598382,0.22088353413654638
665966,"Narváez, Carlos",2026,109,0.38532110091743116,0.614678899082569,0.3119266055045873,0.2385321100917432,0.06422018348623852,0.29357798165137616,0.3669724770642202,0.33944954128440363,0.16513761467889906,0.1926605504587156,0.027522935779816522,0.1284403669724771,0.1743119266055046,0.3119266055045871
666018,"Aranda, Jonathan",2026,282,0.37234042553191493,0.6276595744680847,0.3156028368794324,0.2765957446808508,0.03546099290780143,0.26241134751773043,0.42198581560283654,0.31560283687943264,0.12056737588652484,0.19148936170212774,0.06028368794326245,0.1418439716312056,0.2304964539007088,0.2553191489361702
666023,"Fermin, Freddy",2026,121,0.3966942148760329,0.6033057851239669,0.3140495867768594,0.2066115702479339,0.08264462809917356,0.40495867768595034,0.3719008264462809,0.22314049586776868,0.18181818181818185,0.18181818181818185,0.033057851239669415,0.2231404958677685,0.19008264462809907,0.19008264462809926
666126,"Cortes, Carlos",2026,189,0.48148148148148173,0.5185185185185187,0.21693121693121703,0.24338624338624348,0.05820105820105822,0.30687830687830664,0.43386243386243406,0.25925925925925924,0.18518518518518515,0.23280423280423293,0.06349206349206354,0.12169312169312149,0.20105820105820113,0.1957671957671957
666139,"Lowe, Josh",2026,133,0.3834586466165414,0.6165413533834586,0.3609022556390977,0.18045112781954892,0.07518796992481204,0.37593984962405996,0.3909774436090225,0.2330827067669175,0.21804511278195482,0.12781954887218056,0.03759398496240603,0.15789473684210514,0.2631578947368419,0.1954887218045115
666152,"Hamilton, David",2026,164,0.5121951219512196,0.4878048780487805,0.26829268292682934,0.1707317073170731,0.048780487804878044,0.323170731707317,0.31707317073170727,0.35975609756097554,0.20731707317073175,0.15853658536585366,0.14634146341463422,0.11585365853658527,0.1585365853658536,0.21341463414634132
666160,"Moniak, Mickey",2026,173,0.3294797687861271,0.6705202312138728,0.38728323699421974,0.1849710982658959,0.09826589595375722,0.49132947976878616,0.3583815028901734,0.1502890173410405,0.19653179190751457,0.1271676300578036,0.005780346820809249,0.2947976878612716,0.2312138728323698,0.14450867052023125
666176,"Adell, Jo",2026,307,0.39739413680781766,0.6026058631921825,0.26058631921824094,0.24755700325732904,0.09446254071661238,0.3778501628664494,0.3583061889250812,0.2638436482084689,0.21824104234527686,0.14006514657980465,0.03908794788273615,0.15960912052117254,0.21824104234527655,0.22475570032573275
666182,"Bichette, Bo",2026,336,0.4791666666666666,0.5208333333333331,0.24107142857142846,0.25892857142857134,0.020833333333333322,0.25595238095238093,0.3541666666666665,0.3898809523809524,0.1369047619047619,0.19940476190476206,0.14285714285714288,0.11904761904761904,0.15476190476190446,0.2470238095238095
666397,"Julien, Edouard",2026,156,0.5064102564102564,0.4935897435897435,0.1923076923076924,0.27564102564102544,0.025641025641025644,0.3717948717948719,0.4102564102564104,0.217948717948718,0.2499999999999998,0.19230769230769235,0.0641025641025641,0.12179487179487211,0.21794871794871806,0.1538461538461539
666969,"García, Adolis",2026,150,0.39333333333333337,0.6066666666666667,0.23333333333333342,0.2866666666666666,0.08666666666666667,0.36,0.4066666666666666,0.23333333333333345,0.22666666666666666,0.14666666666666672,0.020000000000000004,0.13333333333333333,0.2599999999999999,0.21333333333333343
666971,"Gurriel Jr., Lourdes",2026,143,0.4195804195804194,0.5804195804195806,0.21678321678321694,0.23776223776223782,0.12587412587412583,0.3986013986013985,0.3706293706293706,0.2307692307692307,0.2097902097902098,0.16083916083916094,0.04895104895104898,0.1888111888111887,0.20979020979020968,0.1818181818181817
667670,"Rooker, Brent",2026,117,0.34188034188034194,0.6581196581196582,0.41025641025641035,0.2051282051282052,0.04273504273504272,0.3931623931623932,0.3589743589743591,0.24786324786324782,0.18803418803418812,0.11965811965811966,0.0341880341880342,0.2051282051282051,0.2393162393162394,0.2136752136752136
668227,"Arozarena, Randy",2026,269,0.5204460966542757,0.4795539033457249,0.1970260223048328,0.245353159851301,0.03717472118959108,0.34200743494423774,0.3643122676579926,0.29368029739776924,0.20817843866171012,0.22304832713754644,0.08921933085501858,0.13382899628252762,0.14126394052044614,0.20446096654275064
668709,"Bleday, JJ",2026,206,0.2718446601941748,0.7281553398058251,0.3252427184466019,0.3155339805825243,0.08737864077669905,0.4514563106796116,0.3592233009708738,0.18932038834951448,0.1601941747572816,0.08737864077669903,0.024271844660194178,0.29126213592233,0.27184466019417475,0.16504854368932032
668715,"Steer, Spencer",2026,256,0.42968750000000006,0.5703124999999999,0.29687499999999983,0.19140625,0.08203125000000004,0.47265625,0.3085937499999999,0.21875000000000008,0.24218749999999992,0.15625,0.031249999999999986,0.23046875000000008,0.1523437499999999,0.1875000000000001
668723,"Vilade, Ryan",2026,120,0.3999999999999999,0.6000000000000003,0.3000000000000002,0.20833333333333345,0.09166666666666669,0.35000000000000003,0.45,0.2000000000000001,0.14166666666666664,0.19999999999999996,0.05833333333333338,0.2083333333333334,0.25000000000000006,0.14166666666666672
668804,"Reynolds, Bryan",2026,275,0.48000000000000015,0.52,0.2545454545454545,0.2400000000000001,0.025454545454545452,0.40363636363636374,0.3309090909090907,0.2654545454545452,0.25090909090909097,0.16727272727272727,0.061818181818181876,0.15272727272727277,0.16363636363636344,0.20363636363636334
668885,"Martin, Austin",2026,192,0.4739583333333333,0.5260416666666669,0.25000000000000017,0.234375,0.041666666666666664,0.38020833333333326,0.3697916666666667,0.24999999999999983,0.21875,0.18749999999999997,0.06770833333333334,0.16145833333333326,0.1822916666666667,0.1822916666666665
668901,"Vientos, Mark",2026,178,0.4269662921348313,0.5730337078651684,0.31460674157303364,0.16853932584269657,0.08988764044943819,0.37078651685393277,0.40449438202247184,0.22471910112359553,0.18539325842696625,0.16853932584269662,0.07303370786516857,0.18539325842696652,0.23595505617977522,0.15168539325842695
668904,"Lewis, Royce",2026,184,0.315217391304348,0.684782608695652,0.30978260869565183,0.2391304347826088,0.13586956521739132,0.4728260869565218,0.34782608695652173,0.17934782608695662,0.1684782608695652,0.11956521739130435,0.02717391304347826,0.3043478260869566,0.22826086956521738,0.15217391304347835
668930,"Turang, Brice",2026,278,0.4640287769784173,0.5359712230215831,0.24100719424460462,0.28417266187050355,0.010791366906474817,0.27697841726618705,0.40287769784172656,0.3201438848920863,0.2050359712230216,0.1906474820143885,0.06834532374100719,0.07194244604316544,0.21223021582733806,0.2517985611510791
668939,"Rutschman, Adley",2026,212,0.3867924528301886,0.6132075471698115,0.28773584905660393,0.2877358490566039,0.03773584905660378,0.37735849056603754,0.41037735849056595,0.21226415094339632,0.18396226415094327,0.160377358490566,0.042452830188679236,0.19339622641509427,0.24999999999999994,0.16981132075471708
668952,"Kreidler, Ryan",2026,121,0.5206611570247934,0.4793388429752066,0.2314049586776859,0.14049586776859505,0.10743801652892566,0.40495867768595045,0.4214876033057852,0.17355371900826447,0.2644628099173553,0.23140495867768598,0.024793388429752074,0.14049586776859513,0.19008264462809923,0.1487603305785124
669003,"Mitchell, Garrett",2026,190,0.5315789473684208,0.46842105263157896,0.18421052631578944,0.2578947368421053,0.026315789473684213,0.3421052631578949,0.36842105263157904,0.2894736842105263,0.23684210526315788,0.21052631578947376,0.0842105263157895,0.10526315789473703,0.15789473684210528,0.20526315789473681
669016,"Marsh, Brandon",2026,264,0.4128787878787878,0.5871212121212119,0.2651515151515152,0.2765151515151513,0.04545454545454544,0.38257575757575746,0.3484848484848486,0.268939393939394,0.20454545454545456,0.15530303030303033,0.05303030303030304,0.1780303030303029,0.1931818181818183,0.21590909090909094
669065,"Stowers, Kyle",2026,192,0.3802083333333336,0.6197916666666665,0.296875,0.24479166666666657,0.07812500000000003,0.47395833333333365,0.33333333333333337,0.19270833333333331,0.23958333333333337,0.10937499999999994,0.03125,0.23437500000000028,0.22395833333333343,0.16145833333333331
669127,"Langeliers, Shea",2026,281,0.34519572953736655,0.6548042704626335,0.3131672597864768,0.24199288256227758,0.09964412811387897,0.40213523131672574,0.35231316725978634,0.2455516014234875,0.18505338078291822,0.11032028469750886,0.049822064056939515,0.21708185053380752,0.24199288256227747,0.195729537366548
669224,"Wells, Austin",2026,145,0.3586206896551723,0.6413793103448279,0.3241379310344828,0.18620689655172426,0.13103448275862087,0.5034482758620689,0.2620689655172414,0.23448275862068968,0.26206896551724146,0.06206896551724138,0.034482758620689655,0.2413793103448274,0.2,0.2
669236,"Jackson, Jeremiah",2026,170,0.5176470588235293,0.4823529411764706,0.2352941176470589,0.1941176470588235,0.052941176470588214,0.4294117647058823,0.31176470588235283,0.25882352941176473,0.28235294117647053,0.17647058823529405,0.05882352941176475,0.1470588235294118,0.1352941176470588,0.19999999999999998
669257,"Smith, Will",2026,142,0.2816901408450704,0.7183098591549292,0.380281690140845,0.28873239436619685,0.049295774647887335,0.30281690140845086,0.4154929577464789,0.28169014084507044,0.147887323943662,0.11971830985915495,0.014084507042253528,0.15492957746478886,0.29577464788732394,0.26760563380281693
669357,"Gorman, Nolan",2026,130,0.31538461538461543,0.6846153846153846,0.36923076923076925,0.23846153846153845,0.07692307692307691,0.43076923076923096,0.2999999999999999,0.2692307692307691,0.1615384615384615,0.1153846153846154,0.038461538461538484,0.2692307692307695,0.18461538461538446,0.23076923076923062
669364,"Edwards, Xavier",2026,330,0.4696969696969699,0.5303030303030302,0.22424242424242433,0.2606060606060604,0.045454545454545435,0.303030303030303,0.38484848484848483,0.3121212121212122,0.18484848484848482,0.19393939393939386,0.09090909090909087,0.11818181818181817,0.19090909090909097,0.2212121212121213
669394,"Burger, Jake",2026,264,0.4507575757575756,0.5492424242424244,0.2689393939393942,0.20075757575757566,0.07954545454545456,0.46212121212121204,0.3522727272727273,0.18560606060606058,0.2083333333333335,0.18560606060606058,0.05681818181818184,0.25378787878787856,0.1666666666666667,0.12878787878787873
669477,"Schmitt, Casey",2026,307,0.29641693811074926,0.7035830618892507,0.3452768729641693,0.25081433224755695,0.1074918566775245,0.3941368078175897,0.37133550488599315,0.23452768729641696,0.13029315960912055,0.1237785016286645,0.04234527687296419,0.2638436482084692,0.24755700325732866,0.19218241042345277
669701,"Smith, Josh",2026,100,0.39000000000000007,0.6100000000000001,0.3200000000000001,0.20000000000000004,0.08999999999999998,0.34,0.30999999999999994,0.35000000000000003,0.19000000000000006,0.11,0.08999999999999998,0.14999999999999997,0.19999999999999996,0.26000000000000006
669707,"Triolo, Jared",2026,162,0.5370370370370371,0.4629629629629628,0.19135802469135804,0.2530864197530862,0.018518518518518528,0.3765432098765431,0.4012345679012346,0.2222222222222223,0.2962962962962962,0.16666666666666666,0.07407407407407408,0.08024691358024688,0.23456790123456792,0.1481481481481482
670032,"Lopez, Nicky",2026,126,0.6190476190476188,0.38095238095238115,0.13492063492063497,0.21428571428571444,0.03174603174603176,0.30158730158730157,0.47619047619047616,0.22222222222222227,0.20634920634920645,0.34920634920634913,0.06349206349206349,0.09523809523809512,0.12698412698412703,0.15873015873015878
670042,"Raley, Luke",2026,168,0.3690476190476189,0.6309523809523809,0.29166666666666663,0.2738095238095239,0.06547619047619047,0.4642857142857142,0.29761904761904767,0.23809523809523828,0.1845238095238095,0.14285714285714285,0.041666666666666664,0.27976190476190466,0.15476190476190482,0.19642857142857162
670541,"Alvarez, Yordan",2026,304,0.2960526315789477,0.7039473684210525,0.3914473684210528,0.25986842105263136,0.05263157894736841,0.4276315789473684,0.31578947368421056,0.2565789473684213,0.1776315789473685,0.07565789473684213,0.042763157894736885,0.24999999999999992,0.24013157894736842,0.2138157894736844
670623,"Paredes, Isaac",2026,302,0.26821192052980136,0.731788079470199,0.31456953642384083,0.28145695364238443,0.1357615894039736,0.5099337748344372,0.27152317880794696,0.2185430463576159,0.1655629139072848,0.056291390728476824,0.04635761589403971,0.3443708609271524,0.21523178807947013,0.1721854304635762
670764,"Walls, Taylor",2026,183,0.4316939890710383,0.5683060109289619,0.28415300546448097,0.1967213114754099,0.08743169398907105,0.37704918032786894,0.33879781420765037,0.28415300546448097,0.2240437158469945,0.14207650273224048,0.06557377049180337,0.15300546448087443,0.1967213114754099,0.21857923497267762
670770,"Friedl, TJ",2026,151,0.45033112582781437,0.5496688741721856,0.2450331125827815,0.19867549668874174,0.10596026490066231,0.3642384105960263,0.4105960264900662,0.22516556291390735,0.21854304635761593,0.16556291390728492,0.06622516556291386,0.14569536423841037,0.2450331125827813,0.1589403973509935
671056,"Herrera, Iván",2026,304,0.4934210526315789,0.5065789473684212,0.1940789473684211,0.21381578947368426,0.09868421052631583,0.36513157894736864,0.4144736842105263,0.22039473684210528,0.22697368421052647,0.20723684210526333,0.05921052631578952,0.13815789473684217,0.207236842105263,0.16118421052631576
671218,"Ramos, Heliot",2026,184,0.5271739130434785,0.4728260869565218,0.22282608695652184,0.22826086956521735,0.02173913043478261,0.35869565217391314,0.4184782608695652,0.22282608695652187,0.266304347826087,0.2173913043478261,0.04347826086956522,0.09239130434782616,0.20108695652173908,0.17934782608695665
671277,"García Jr., Luis",2026,272,0.44852941176470607,0.5514705882352942,0.20588235294117654,0.27205882352941163,0.0735294117647059,0.40808823529411786,0.378676470588235,0.21323529411764705,0.23897058823529407,0.16544117647058826,0.04411764705882353,0.1691176470588238,0.21323529411764675,0.1691176470588235
671289,"Freeman, Tyler",2026,210,0.5142857142857147,0.48571428571428543,0.20476190476190476,0.2380952380952379,0.042857142857142844,0.35238095238095196,0.3333333333333335,0.3142857142857145,0.22857142857142856,0.17619047619047623,0.10952380952380948,0.1238095238095234,0.15714285714285725,0.20476190476190503
671732,"Butler, Lawrence",2026,184,0.53804347826087,0.46195652173913054,0.1902173913043479,0.2336956521739131,0.03804347826086957,0.358695652173913,0.35869565217391297,0.28260869565217384,0.27173913043478254,0.17934782608695646,0.08695652173913043,0.08695652173913049,0.1793478260869565,0.1956521739130434
671739,"Harris II, Michael",2026,299,0.4381270903010035,0.5618729096989967,0.24749163879598668,0.2508361204013378,0.06354515050167227,0.3645484949832775,0.42474916387959843,0.21070234113712374,0.1705685618729097,0.20735785953177263,0.06020066889632111,0.19397993311036782,0.2173913043478258,0.15050167224080263
671976,"Peters, Tristan",2026,227,0.4273127753303965,0.5726872246696038,0.2687224669603524,0.22907488986784164,0.07488986784140969,0.5198237885462553,0.2907488986784139,0.18942731277533037,0.24669603524229086,0.13656387665198244,0.04405286343612337,0.27312775330396444,0.15418502202643147,0.145374449339207
672275,"Bailey, Patrick",2026,148,0.45945945945945943,0.5405405405405405,0.23648648648648646,0.22972972972972966,0.07432432432432433,0.3108108108108107,0.40540540540540554,0.28378378378378377,0.18918918918918912,0.19594594594594603,0.07432432432432437,0.12162162162162157,0.2094594594594595,0.2094594594594594
672515,"Moreno, Gabriel",2026,229,0.43231441048034913,0.5676855895196508,0.24890829694323133,0.26637554585152856,0.052401746724890834,0.3624454148471616,0.2794759825327512,0.3580786026200872,0.19650655021834057,0.15720524017467258,0.07860262008733629,0.16593886462882101,0.12227074235807861,0.27947598253275097
672580,"Garcia, Maikel",2026,225,0.44888888888888906,0.5511111111111112,0.2133333333333333,0.2666666666666668,0.07111111111111112,0.3511111111111114,0.40444444444444433,0.24444444444444438,0.19111111111111115,0.2044444444444444,0.05333333333333332,0.16000000000000023,0.19999999999999993,0.19111111111111106
672640,"Lopez, Otto",2026,350,0.5228571428571425,0.4771428571428573,0.22285714285714295,0.21714285714285722,0.03714285714285714,0.3199999999999998,0.3942857142857144,0.2857142857142858,0.19714285714285718,0.22857142857142865,0.09714285714285716,0.12285714285714261,0.16571428571428576,0.18857142857142867
672695,"Perdomo, Geraldo",2026,312,0.43589743589743585,0.5641025641025639,0.2628205128205126,0.2564102564102563,0.04487179487179488,0.4583333333333332,0.2948717948717951,0.2467948717948718,0.26282051282051244,0.12500000000000014,0.048076923076923093,0.19551282051282076,0.16987179487179496,0.1987179487179487
672724,"Peraza, Oswald",2026,187,0.49732620320855614,0.502673796791444,0.2192513368983957,0.23529411764705893,0.0481283422459893,0.3529411764705883,0.4278074866310161,0.21925133689839563,0.22994652406417113,0.20855614973262038,0.058823529411764705,0.12299465240641719,0.2192513368983957,0.16042780748663094
672761,"Pérez, Wenceel",2026,132,0.41666666666666663,0.5833333333333334,0.3181818181818182,0.13636363636363644,0.12878787878787878,0.4469696969696968,0.2803030303030304,0.27272727272727276,0.24999999999999992,0.11363636363636367,0.05303030303030303,0.19696969696969688,0.1666666666666667,0.21969696969696972
672960,"Okamoto, Kazuma",2026,243,0.39094650205761317,0.6090534979423867,0.3333333333333332,0.18930041152263374,0.08641975308641976,0.5144032921810703,0.30864197530864174,0.17695473251028804,0.2510288065843622,0.10699588477366255,0.032921810699588494,0.26337448559670806,0.20164609053497917,0.14403292181069954
673237,"Diaz, Yainer",2026,156,0.5576923076923078,0.44230769230769235,0.18589743589743588,0.21153846153846156,0.044871794871794865,0.3525641025641025,0.44230769230769257,0.20512820512820515,0.24358974358974358,0.25641025641025633,0.057692307692307696,0.10897435897435889,0.18589743589743624,0.14743589743589747
673548,"Suzuki, Seiya",2026,234,0.3461538461538465,0.653846153846154,0.2820512820512821,0.2735042735042736,0.09829059829059826,0.43589743589743574,0.3333333333333335,0.23076923076923078,0.20085470085470097,0.11965811965811965,0.02564102564102564,0.23504273504273476,0.21367521367521383,0.20512820512820515
673962,"Jung, Josh",2026,286,0.43006993006993,0.5699300699300698,0.2202797202797204,0.311188811188811,0.03846153846153845,0.38811188811188807,0.37062937062937074,0.24125874125874128,0.2272727272727272,0.1678321678321679,0.03496503496503497,0.16083916083916086,0.20279720279720284,0.2062937062937063
676356,"DeLuca, Jonny",2026,151,0.40397350993377495,0.5960264900662253,0.21854304635761582,0.23841059602649012,0.1390728476821194,0.43708609271523163,0.304635761589404,0.2582781456953644,0.23178807947019875,0.13245033112582785,0.03973509933774835,0.20529801324503288,0.17218543046357612,0.21854304635761604
676391,"Clement, Ernie",2026,357,0.3753501400560224,0.6246498599439776,0.2773109243697478,0.2549019607843138,0.09243697478991596,0.4397759103641458,0.3809523809523811,0.1792717086834735,0.19607843137254907,0.15966386554621848,0.01960784313725488,0.24369747899159674,0.22128851540616262,0.15966386554621861
676475,"Burleson, Alec",2026,332,0.44879518072289143,0.5512048192771085,0.27108433734939763,0.22590361445783133,0.0542168674698795,0.4789156626506023,0.29216867469879537,0.22891566265060243,0.2801204819277111,0.1234939759036145,0.045180722891566286,0.1987951807228912,0.16867469879518088,0.18373493975903615
676609,"Caballero, José",2026,224,0.5,0.4999999999999999,0.20089285714285707,0.19642857142857137,0.10267857142857144,0.4285714285714287,0.3437500000000001,0.22767857142857134,0.24553571428571425,0.18750000000000008,0.06696428571428574,0.18303571428571447,0.15625000000000003,0.1607142857142856
676694,"Meyers, Jake",2026,107,0.4205607476635515,0.5794392523364488,0.28971962616822444,0.1962616822429907,0.09345794392523367,0.39252336448598135,0.31775700934579443,0.2897196261682243,0.24299065420560753,0.15887850467289727,0.018691588785046728,0.14953271028037382,0.15887850467289716,0.27102803738317754
676724,"Young, Jared",2026,123,0.4878048780487806,0.5121951219512196,0.2195121951219513,0.21951219512195125,0.07317073170731707,0.42276422764227656,0.41463414634146356,0.1626016260162602,0.22764227642276424,0.21951219512195133,0.040650406504065054,0.1951219512195123,0.19512195121951223,0.12195121951219513
677587,"Rocchio, Brayan",2026,307,0.42671009771986973,0.5732899022801302,0.23778501628664483,0.24755700325732896,0.08794788273615638,0.44299674267100975,0.3322475570032572,0.22475570032573292,0.2442996742671011,0.1400651465798047,0.04234527687296418,0.19869706840390863,0.1921824104234525,0.18241042345276873
677588,"Tena, José",2026,123,0.4878048780487805,0.5121951219512197,0.1788617886178863,0.2845528455284554,0.04878048780487806,0.3414634146341463,0.3983739837398374,0.2601626016260162,0.20325203252032523,0.2357723577235773,0.04878048780487805,0.13821138211382109,0.1626016260162601,0.21138211382113814
677594,"Rodríguez, Julio",2026,287,0.42160278745644597,0.5783972125435541,0.250871080139373,0.254355400696864,0.0731707317073171,0.37630662020905936,0.3937282229965159,0.22996515679442506,0.20209059233449467,0.16027874564459932,0.05923344947735194,0.1742160278745647,0.23344947735191657,0.1707317073170731
677649,"Duran, Ezequiel",2026,245,0.4653061224489794,0.5346938775510204,0.20408163265306126,0.26530612244897955,0.06530612244897961,0.35102040816326546,0.3836734693877553,0.2653061224489794,0.21224489795918358,0.19591836734693877,0.05714285714285718,0.13877551020408188,0.18775510204081655,0.2081632653061222
677800,"Abreu, Wilyer",2026,302,0.32450331125827775,0.6754966887417218,0.36754966887417206,0.23509933774834432,0.07284768211920532,0.3443708609271522,0.370860927152318,0.28476821192053003,0.15562913907284778,0.13245033112582782,0.036423841059602655,0.1887417218543044,0.23841059602649017,0.24834437086092737
677942,"Alexander, Blaze",2026,170,0.4705882352941177,0.5294117647058822,0.21176470588235294,0.2999999999999999,0.01764705882352941,0.311764705882353,0.38235294117647045,0.3058823529411765,0.19411764705882362,0.20588235294117657,0.07058823529411767,0.11764705882352938,0.17647058823529388,0.23529411764705882
677951,"Witt Jr., Bobby",2026,299,0.3578595317725751,0.6421404682274245,0.26086956521739124,0.2842809364548493,0.09698996655518405,0.28093645484949825,0.4180602006688962,0.30100334448160554,0.14715719063545157,0.1638795986622072,0.04682274247491639,0.13377926421404668,0.254180602006689,0.2541806020066891
678218,"Valenzuela, Brandon",2026,127,0.3700787401574803,0.6299212598425198,0.2755905511811024,0.2755905511811025,0.07874015748031496,0.4173228346456692,0.3779527559055117,0.20472440944881895,0.14960629921259838,0.17322834645669286,0.04724409448818901,0.26771653543307083,0.20472440944881884,0.15748031496062995
678246,"Vargas, Miguel",2026,305,0.3016393442622954,0.698360655737705,0.3672131147540985,0.23606557377049167,0.09508196721311478,0.4360655737704919,0.3311475409836065,0.23278688524590177,0.18032786885245913,0.08852459016393441,0.03278688524590168,0.2557377049180327,0.24262295081967208,0.2000000000000001
678391,"Vivas, Jorbit",2026,165,0.46060606060606046,0.5393939393939392,0.21212121212121213,0.2606060606060604,0.06666666666666667,0.41818181818181815,0.30303030303030304,0.27878787878787853,0.24848484848484848,0.1393939393939394,0.07272727272727278,0.16969696969696968,0.16363636363636364,0.20606060606060575
678554,"Mead, Curtis",2026,222,0.37387387387387383,0.6261261261261262,0.3063063063063063,0.23423423423423423,0.08558558558558557,0.4684684684684684,0.3333333333333334,0.1981981981981983,0.2432432432432433,0.10810810810810811,0.02252252252252253,0.2252252252252251,0.2252252252252253,0.17567567567567577
678662,"Tovar, Ezequiel",2026,249,0.38152610441767076,0.6184738955823293,0.30923694779116456,0.23293172690763056,0.07630522088353416,0.36947791164658617,0.3815261044176707,0.24899598393574318,0.18072289156626498,0.16867469879518082,0.032128514056224924,0.1887550200803212,0.2128514056224899,0.21686746987951827
678882,"Rafaela, Ceddanne",2026,302,0.43377483443708603,0.5662251655629139,0.2516556291390728,0.26158940397350994,0.05298013245033115,0.34437086092715224,0.31125827814569573,0.34437086092715236,0.18543046357615892,0.1589403973509933,0.08940397350993379,0.15894039735099333,0.15231788079470243,0.25496688741721857
679529,"Torkelson, Spencer",2026,222,0.30630630630630634,0.6936936936936937,0.36936936936936937,0.25675675675675685,0.0675675675675676,0.4729729729729731,0.3198198198198199,0.20720720720720734,0.17567567567567574,0.09909909909909904,0.03153153153153155,0.29729729729729737,0.22072072072072085,0.1756756756756758
679845,"Loftin, Nick",2026,178,0.43820224719101125,0.5617977528089887,0.28651685393258425,0.2303370786516854,0.04494382022471911,0.4719101123595503,0.32022471910112377,0.20786516853932596,0.26404494382022453,0.11235955056179778,0.06179775280898877,0.2078651685393258,0.207865168539326,0.14606741573033719
680574,"McLain, Matt",2026,187,0.3475935828877006,0.6524064171122992,0.3368983957219249,0.21390374331550802,0.1016042780748663,0.3422459893048129,0.39037433155080226,0.26737967914438493,0.1657754010695188,0.15508021390374335,0.0267379679144385,0.17647058823529413,0.2352941176470589,0.24064171122994643
680700,"Palacios, Richie",2026,174,0.4195402298850574,0.5804597701149427,0.18965517241379315,0.27011494252873564,0.12068965517241384,0.35057471264367834,0.4137931034482758,0.23563218390804605,0.14942528735632182,0.20114942528735635,0.06896551724137931,0.20114942528735652,0.21264367816091945,0.16666666666666674
680728,"Del Castillo, Adrian",2026,112,0.3749999999999999,0.6250000000000001,0.2946428571428572,0.2321428571428572,0.09821428571428571,0.3482142857142858,0.4285714285714286,0.2232142857142858,0.17857142857142863,0.16071428571428575,0.035714285714285726,0.16964285714285718,0.26785714285714285,0.18750000000000008
680757,"Kwan, Steven",2026,295,0.40338983050847455,0.5966101694915253,0.22372881355932198,0.3084745762711864,0.06440677966101699,0.27457627118644073,0.39322033898305087,0.3322033898305085,0.1525423728813558,0.1694915254237288,0.08135593220338982,0.12203389830508493,0.22372881355932206,0.2508474576271187
680776,"Duran, Jarren",2026,257,0.4669260700389107,0.5330739299610895,0.2101167315175097,0.21789883268482493,0.10505836575875487,0.41634241245136183,0.3618677042801556,0.22178988326848262,0.26459143968871607,0.16731517509727614,0.035019455252918316,0.15175097276264576,0.19455252918287944,0.18677042801556432
680777,"Jeffers, Ryan",2026,124,0.3467741935483869,0.653225806451613,0.30645161290322587,0.217741935483871,0.12903225806451607,0.39516129032258074,0.3387096774193547,0.26612903225806456,0.19354838709677424,0.11290322580645169,0.040322580645161296,0.2016129032258065,0.22580645161290303,0.22580645161290325
680779,"Davis, Henry",2026,139,0.3884892086330935,0.6115107913669067,0.2517985611510793,0.18705035971223025,0.1726618705035971,0.5683453237410071,0.2805755395683453,0.15107913669064738,0.25179856115107907,0.12230215827338133,0.014388489208633098,0.31654676258992803,0.158273381294964,0.1366906474820143
680869,"Gelof, Zack",2026,167,0.4311377245508981,0.5688622754491018,0.2634730538922156,0.2155688622754491,0.08982035928143713,0.407185628742515,0.3772455089820357,0.21556886227544908,0.2095808383233533,0.19760479041916176,0.02395209580838324,0.1976047904191617,0.17964071856287392,0.19161676646706585
681082,"Stott, Bryson",2026,282,0.4042553191489363,0.595744680851064,0.294326241134752,0.22695035460992916,0.07446808510638296,0.3617021276595745,0.42198581560283666,0.21631205673758858,0.2092198581560284,0.16312056737588645,0.03191489361702128,0.1524822695035461,0.25886524822695023,0.1843971631205673
681198,"Rumfield, TJ",2026,306,0.39215686274509787,0.6078431372549018,0.281045751633987,0.26470588235294096,0.0620915032679739,0.4411764705882354,0.3104575163398693,0.2483660130718957,0.2156862745098038,0.1307189542483662,0.04575163398692809,0.2254901960784316,0.1797385620915031,0.20261437908496763
681297,"Cowser, Colton",2026,144,0.43749999999999983,0.5625,0.33333333333333326,0.1805555555555556,0.04861111111111112,0.3819444444444444,0.3888888888888888,0.2291666666666666,0.19444444444444445,0.1875000000000001,0.05555555555555556,0.18749999999999997,0.20138888888888867,0.17361111111111105
681351,"O'Hoppe, Logan",2026,169,0.3846153846153846,0.6153846153846155,0.29585798816568065,0.21301775147928992,0.10650887573964496,0.43786982248520695,0.30769230769230776,0.25443786982248506,0.2189349112426037,0.11242603550295857,0.05325443786982249,0.21893491124260325,0.1952662721893492,0.20118343195266258
681393,"Norby, Connor",2026,131,0.38931297709923657,0.6106870229007635,0.3740458015267175,0.15267175572519093,0.08396946564885496,0.396946564885496,0.3816793893129772,0.2213740458015267,0.21374045801526725,0.13740458015267185,0.03816793893129771,0.18320610687022876,0.24427480916030533,0.18320610687022898
681481,"Carpenter, Kerry",2026,157,0.32484076433121034,0.6751592356687898,0.38216560509554126,0.21019108280254786,0.08280254777070066,0.43312101910828005,0.3121019108280254,0.2547770700636944,0.1974522292993631,0.10191082802547768,0.025477707006369428,0.23566878980891695,0.21019108280254772,0.22929936305732496
681624,"Pages, Andy",2026,315,0.3619047619047618,0.6380952380952383,0.27301587301587316,0.2698412698412699,0.09523809523809522,0.34285714285714286,0.3809523809523808,0.27619047619047604,0.16507936507936533,0.1555555555555557,0.0412698412698413,0.17777777777777753,0.22539682539682512,0.23492063492063475
681715,"Hernández, Heriberto",2026,171,0.39181286549707595,0.6081871345029237,0.3274853801169589,0.22222222222222215,0.05847953216374268,0.4385964912280703,0.39181286549707595,0.1695906432748539,0.21637426900584808,0.1403508771929825,0.035087719298245626,0.22222222222222224,0.25146198830409344,0.1345029239766083
682177,"Schneemann, Daniel",2026,171,0.4385964912280702,0.5614035087719296,0.29239766081871327,0.22222222222222215,0.046783625730994156,0.4736842105263161,0.35087719298245623,0.17543859649122803,0.2807017543859648,0.14035087719298248,0.017543859649122816,0.1929824561403513,0.21052631578947376,0.15789473684210523
682622,"Marte, Noelvi",2026,105,0.5904761904761906,0.4095238095238095,0.18095238095238098,0.1333333333333333,0.09523809523809526,0.45714285714285724,0.37142857142857155,0.17142857142857149,0.3142857142857143,0.2285714285714286,0.04761904761904761,0.14285714285714296,0.14285714285714296,0.12380952380952387
682626,"Alvarez, Francisco",2026,160,0.4687499999999999,0.5312500000000001,0.25625000000000003,0.20625000000000007,0.06875000000000002,0.4437499999999998,0.42500000000000004,0.13125,0.26874999999999993,0.18750000000000008,0.0125,0.17499999999999988,0.23749999999999996,0.11875000000000001
682657,"Martínez, Angel",2026,185,0.4378378378378379,0.5621621621621622,0.26486486486486477,0.2324324324324325,0.06486486486486488,0.4540540540540543,0.35675675675675683,0.18918918918918917,0.2108108108108108,0.15675675675675688,0.07027027027027029,0.2432432432432435,0.19999999999999996,0.11891891891891888
682668,"Acuña, Luisangel",2026,127,0.5826771653543307,0.4173228346456692,0.16535433070866135,0.2125984251968504,0.03937007874015749,0.37007874015748027,0.3937007874015749,0.23622047244094474,0.30708661417322847,0.2362204724409449,0.03937007874015748,0.0629921259842518,0.15748031496062997,0.19685039370078727
682818,"Piñango, Yohendrick",2026,118,0.4152542372881355,0.5847457627118645,0.2203389830508476,0.3050847457627119,0.05932203389830507,0.28813559322033916,0.44067796610169496,0.2711864406779661,0.11864406779661019,0.22881355932203382,0.0677966101694915,0.16949152542372897,0.21186440677966115,0.2033898305084746
682829,"De La Cruz, Elly",2026,234,0.4786324786324786,0.5213675213675217,0.27777777777777796,0.23076923076923087,0.012820512820512832,0.35897435897435886,0.39743589743589763,0.24358974358974358,0.24358974358974367,0.19230769230769226,0.042735042735042736,0.1153846153846152,0.20512820512820537,0.20085470085470086
682928,"Abrams, CJ",2026,293,0.33447098976109235,0.665529010238908,0.2969283276450512,0.24573378839590443,0.12286689419795233,0.44027303754266217,0.33105802047781585,0.22866894197952228,0.1877133105802047,0.12969283276450505,0.017064846416382267,0.25255972696245743,0.2013651877133108,0.21160409556314003
682985,"Greene, Riley",2026,263,0.3536121673003802,0.6463878326996201,0.3384030418250952,0.2623574144486693,0.045627376425855536,0.3954372623574144,0.3612167300380228,0.24334600760456268,0.19391634980988595,0.12927756653992395,0.03041825095057038,0.20152091254752844,0.23193916349809884,0.2129277566539923
682998,"Carroll, Corbin",2026,279,0.4372759856630827,0.5627240143369172,0.2974910394265228,0.18637992831541225,0.07885304659498212,0.4659498207885307,0.32616487455197146,0.2078853046594983,0.23655913978494628,0.16487455197132625,0.03584229390681007,0.22939068100358442,0.1612903225806452,0.17204301075268824
683002,"Henderson, Gunnar",2026,321,0.46105919003115264,0.5389408099688473,0.26168224299065423,0.20560747663551396,0.07165109034267918,0.4361370716510905,0.34890965732087253,0.21495327102803735,0.19003115264797507,0.20872274143302183,0.062305295950155805,0.24610591900311543,0.1401869158878507,0.15264797507788155
683011,"Volpe, Anthony",2026,110,0.4454545454545455,0.5545454545454547,0.2,0.2636363636363638,0.09090909090909093,0.32727272727272716,0.48181818181818187,0.19090909090909094,0.1545454545454545,0.2363636363636365,0.05454545454545454,0.17272727272727265,0.24545454545454537,0.1363636363636364
683083,"Nuñez, Nasim",2026,227,0.5286343612334801,0.4713656387665197,0.171806167400881,0.25550660792951535,0.04405286343612336,0.34361233480176184,0.4361233480176211,0.22026431718061673,0.22026431718061673,0.23348017621145375,0.07488986784140973,0.12334801762114511,0.20264317180616734,0.145374449339207
683146,"Baty, Brett",2026,218,0.43119266055045874,0.5688073394495412,0.2568807339449542,0.25229357798165125,0.05963302752293576,0.3761467889908257,0.35321100917431186,0.27064220183486276,0.23394495412844038,0.14220183486238536,0.055045871559633024,0.14220183486238533,0.2110091743119265,0.21559633027522973
683357,"Caissie, Owen",2026,129,0.3720930232558138,0.6279069767441862,0.3333333333333334,0.25581395348837216,0.03875968992248063,0.31782945736434104,0.4728682170542638,0.20930232558139547,0.13178294573643415,0.20155038759689933,0.03875968992248061,0.1860465116279069,0.2713178294573645,0.17054263565891487
683734,"Vaughn, Andrew",2026,143,0.41958041958041964,0.5804195804195804,0.2307692307692308,0.3006993006993007,0.048951048951048966,0.33566433566433573,0.3986013986013984,0.2657342657342658,0.17482517482517484,0.1818181818181818,0.06293706293706297,0.1608391608391609,0.21678321678321663,0.2027972027972028
683737,"Busch, Michael",2026,279,0.4086021505376342,0.5913978494623658,0.3440860215053766,0.21146953405017926,0.035842293906810055,0.3727598566308242,0.36200716845878117,0.2652329749103942,0.20430107526881716,0.14695340501792123,0.05734767025089608,0.16845878136200707,0.21505376344085994,0.20788530465949814
683953,"Bazzana, Travis",2026,211,0.41706161137440767,0.5829383886255926,0.29383886255924174,0.18957345971563985,0.09952606635071094,0.3886255924170617,0.38388625592417047,0.22748815165876773,0.23696682464454988,0.1327014218009479,0.047393364928909956,0.1516587677725118,0.25118483412322257,0.1800947867298578
685133,"Meckler, Wade",2026,104,0.47115384615384603,0.528846153846154,0.2115384615384616,0.3173076923076924,0,0.346153846153846,0.4615384615384614,0.19230769230769235,0.16346153846153852,0.27884615384615413,0.028846153846153848,0.18269230769230746,0.18269230769230727,0.1634615384615385
686217,"Frelick, Sal",2026,249,0.5060240963855421,0.4939759036144579,0.20481927710843376,0.20080321285140562,0.08835341365461852,0.39357429718875475,0.36546184738955845,0.24096385542168677,0.24497991967871485,0.1887550200803213,0.07228915662650606,0.1485943775100399,0.17670682730923715,0.1686746987951807
686469,"Pasquantino, Vinnie",2026,235,0.3319148936170213,0.6680851063829785,0.26382978723404243,0.2680851063829786,0.13617021276595742,0.4212765957446809,0.3659574468085107,0.21276595744680846,0.19148936170212763,0.10638297872340427,0.034042553191489376,0.22978723404255327,0.2595744680851064,0.17872340425531907
686527,"Canzone, Dominic",2026,195,0.46153846153846134,0.5384615384615384,0.27179487179487166,0.23589743589743598,0.030769230769230795,0.4153846153846152,0.38461538461538447,0.2000000000000001,0.23589743589743595,0.17948717948717943,0.04615384615384615,0.17948717948717924,0.20512820512820504,0.15384615384615394
686555,"Collins, Isaac",2026,221,0.3846153846153847,0.6153846153846156,0.28054298642533937,0.24886877828054318,0.085972850678733,0.40271493212669707,0.321266968325792,0.27601809954751116,0.21719457013574658,0.10407239819004523,0.0633484162895928,0.18552036199095048,0.21719457013574678,0.21266968325791835
686611,"Crews, Dylan",2026,148,0.4121621621621622,0.5878378378378377,0.3108108108108107,0.21621621621621623,0.060810810810810786,0.3243243243243243,0.4662162162162162,0.20945945945945943,0.17567567567567569,0.19594594594594597,0.04054054054054052,0.1486486486486486,0.2702702702702702,0.16891891891891891
686681,"Massey, Michael",2026,215,0.38139534883720927,0.6186046511627908,0.33953488372093027,0.2325581395348838,0.04651162790697673,0.4883720930232558,0.34883720930232526,0.16279069767441862,0.2558139534883722,0.10697674418604651,0.0186046511627907,0.23255813953488358,0.24186046511627873,0.14418604651162792
686780,"Pagés, Pedro",2026,112,0.43750000000000006,0.5625,0.2767857142857142,0.18750000000000008,0.09821428571428573,0.38392857142857156,0.34821428571428575,0.2678571428571428,0.2142857142857144,0.1696428571428572,0.05357142857142856,0.16964285714285715,0.17857142857142855,0.21428571428571425
686797,"Lee, Brooks",2026,309,0.40453074433656966,0.5954692556634307,0.2686084142394824,0.24595469255663435,0.0809061488673139,0.4142394822006473,0.343042071197411,0.24271844660194156,0.19417475728155326,0.1650485436893205,0.04530744336569581,0.22006472491909407,0.17799352750809047,0.19741100323624575
686948,"Baldwin, Drake",2026,239,0.4476987447698747,0.5523012552301255,0.24686192468619247,0.25104602510460255,0.05439330543933055,0.3054393305439332,0.44769874476987465,0.24686192468619264,0.1757322175732219,0.2301255230125524,0.04184100418410043,0.12970711297071127,0.21757322175732224,0.2050209205020922
687093,"Grissom, Vaughn",2026,183,0.4098360655737703,0.5901639344262295,0.26775956284153,0.26775956284153013,0.05464480874316939,0.39890710382513683,0.37158469945355194,0.22950819672131156,0.23497267759562857,0.15300546448087432,0.021857923497267763,0.16393442622950827,0.21857923497267762,0.2076502732240438
687221,"Rushing, Dalton",2026,139,0.32374100719424465,0.6762589928057553,0.26618705035971224,0.3165467625899279,0.09352517985611508,0.4532374100719426,0.3381294964028776,0.20863309352517992,0.18705035971223027,0.10791366906474831,0.028776978417266195,0.26618705035971235,0.2302158273381293,0.17985611510791372
687231,"Hernaiz, Darell",2026,97,0.4226804123711339,0.577319587628866,0.23711340206185577,0.2474226804123711,0.09278350515463919,0.25773195876288657,0.3814432989690723,0.36082474226804123,0.19587628865979378,0.13402061855670103,0.0927835051546392,0.061855670103092786,0.24742268041237128,0.268041237113402
687263,"Neto, Zach",2026,259,0.3243243243243243,0.6756756756756757,0.3667953667953668,0.20849420849420855,0.10038610038610035,0.48262548262548294,0.2934362934362936,0.22393822393822393,0.20077220077220084,0.09266409266409265,0.03088803088803089,0.28185328185328207,0.20077220077220098,0.19305019305019305
687363,"Scott II, Victor",2026,122,0.5573770491803277,0.44262295081967223,0.1721311475409836,0.22131147540983617,0.049180327868852444,0.36065573770491793,0.42622950819672134,0.21311475409836075,0.2622950819672131,0.23770491803278695,0.05737704918032786,0.09836065573770486,0.18852459016393439,0.1557377049180329
687401,"Ortiz, Joey",2026,193,0.507772020725389,0.4922279792746113,0.22279792746113988,0.2124352331606217,0.05699481865284972,0.310880829015544,0.4041450777202072,0.2849740932642487,0.2124352331606217,0.20207253886010368,0.09326424870466318,0.09844559585492227,0.2020725388601035,0.19170984455958553
687462,"Horwitz, Spencer",2026,210,0.39523809523809494,0.6047619047619047,0.27619047619047615,0.2095238095238095,0.11904761904761903,0.40476190476190455,0.2904761904761904,0.3047619047619046,0.2190476190476192,0.10476190476190471,0.07142857142857142,0.18571428571428533,0.18571428571428567,0.2333333333333332
687551,"Gilbert, Drew",2026,176,0.4715909090909089,0.528409090909091,0.18181818181818185,0.2386363636363638,0.1079545454545454,0.414772727272727,0.3181818181818181,0.2670454545454546,0.23863636363636367,0.14204545454545459,0.0909090909090909,0.17613636363636334,0.17613636363636354,0.1761363636363637
687637,"Beavers, Dylan",2026,113,0.4247787610619471,0.5752212389380532,0.24778761061946908,0.23893805309734514,0.08849557522123895,0.415929203539823,0.30973451327433615,0.2743362831858406,0.21238938053097337,0.14159292035398233,0.07079646017699114,0.20353982300884962,0.16814159292035383,0.20353982300884943
687859,"Johnston, Troy",2026,245,0.4000000000000001,0.6000000000000001,0.23673469387755103,0.3306122448979592,0.0326530612244898,0.3795918367346938,0.3918367346938776,0.2285714285714286,0.2040816326530611,0.1591836734693878,0.03673469387755102,0.17551020408163273,0.23265306122448978,0.19183673469387758
689414,"Hicks, Liam",2026,297,0.46464646464646436,0.5353535353535352,0.2424242424242423,0.1952861952861952,0.09764309764309771,0.4511784511784511,0.3468013468013468,0.20202020202020218,0.24915824915824913,0.16498316498316498,0.05050505050505054,0.202020202020202,0.1818181818181818,0.15151515151515166
690976,"Freeland, Alex",2026,132,0.4696969696969696,0.5303030303030305,0.25757575757575774,0.23484848484848486,0.03787878787878789,0.340909090909091,0.3787878787878789,0.28030303030303044,0.20454545454545467,0.21969696969696975,0.04545454545454547,0.13636363636363633,0.15909090909090914,0.23484848484848497
690993,"Keith, Colt",2026,219,0.4018264840182649,0.5981735159817353,0.2739726027397262,0.2511415525114155,0.07305936073059364,0.3835616438356163,0.415525114155251,0.20091324200913238,0.20547945205479443,0.1780821917808219,0.018264840182648408,0.17808219178082188,0.2374429223744291,0.18264840182648398
691016,"Soderstrom, Tyler",2026,263,0.4676806083650189,0.5323193916349811,0.26615969581749066,0.18631178707224333,0.07984790874524714,0.3726235741444869,0.4030418250950573,0.2243346007604561,0.20912547528517092,0.21673003802281376,0.0418250950570342,0.16349809885931596,0.18631178707224355,0.1825095057034219
691023,"Walker, Jordan",2026,289,0.4256055363321801,0.57439446366782,0.23183391003460205,0.26643598615916947,0.07612456747404844,0.39446366782006886,0.39100346020761273,0.21453287197231835,0.22837370242214536,0.1695501730103807,0.027681660899653987,0.1660899653979235,0.22145328719723203,0.18685121107266436
691026,"Winn, Masyn",2026,275,0.44,0.5599999999999999,0.1963636363636364,0.2690909090909089,0.09454545454545461,0.29818181818181844,0.43272727272727285,0.26909090909090916,0.16363636363636364,0.22181818181818183,0.05454545454545458,0.1345454545454548,0.21090909090909102,0.2145454545454546
691176,"Domínguez, Jasson",2026,128,0.4140625,0.5859375000000001,0.22656250000000006,0.25781250000000006,0.10156250000000001,0.46874999999999983,0.3203125,0.21093749999999997,0.2578125000000001,0.1171875,0.03906250000000001,0.21093749999999972,0.203125,0.17187499999999997
691406,"Caminero, Junior",2026,314,0.4936305732484073,0.5063694267515924,0.2165605095541401,0.21337579617834385,0.07643312101910833,0.47452229299363036,0.340764331210191,0.18471337579617841,0.22929936305732485,0.21656050955414013,0.04777070063694266,0.2452229299363055,0.12420382165605087,0.13694267515923575
691594,"Sanoja, Javier",2026,239,0.44351464435146437,0.5564853556485354,0.1799163179916318,0.2635983263598325,0.1129707112970712,0.4016736401673639,0.3765690376569038,0.2217573221757322,0.19246861924686187,0.18410041841004188,0.06694560669456066,0.20920502092050203,0.19246861924686193,0.15481171548117156
691718,"Crow-Armstrong, Pete",2026,272,0.3419117647058826,0.6580882352941178,0.334558823529412,0.21691176470588225,0.1066176470588235,0.4963235294117649,0.29779411764705893,0.2058823529411764,0.1764705882352941,0.12500000000000006,0.04044117647058825,0.3198529411764708,0.17279411764705888,0.16544117647058815
691720,"Karros, Kyle",2026,231,0.4155844155844157,0.5844155844155847,0.23376623376623384,0.2900432900432903,0.06060606060606058,0.4025974025974027,0.3419913419913422,0.25541125541125564,0.23376623376623384,0.1428571428571429,0.03896103896103899,0.16883116883116883,0.19913419913419927,0.21645021645021667
691723,"Mayo, Coby",2026,152,0.37500000000000006,0.6250000000000001,0.33552631578947373,0.1776315789473684,0.11184210526315794,0.5131578947368424,0.30263157894736836,0.1842105263157896,0.21052631578947376,0.125,0.03947368421052633,0.3026315789473686,0.17763157894736836,0.14473684210526327
691777,"Muncy, Max",2026,99,0.46464646464646464,0.5353535353535352,0.24242424242424235,0.20202020202020202,0.0909090909090909,0.4343434343434343,0.3232323232323232,0.24242424242424235,0.25252525252525254,0.17171717171717168,0.040404040404040414,0.18181818181818177,0.15151515151515152,0.20202020202020193
691781,"House, Brady",2026,114,0.5087719298245615,0.49122807017543857,0.2719298245614034,0.21052631578947373,0.008771929824561405,0.35964912280701744,0.43859649122807015,0.2017543859649123,0.25438596491228077,0.20175438596491238,0.052631578947368425,0.10526315789473667,0.23684210526315777,0.14912280701754388
691785,"Mayer, Marcelo",2026,164,0.5182926829268295,0.4817073170731707,0.2499999999999999,0.15243902439024393,0.07926829268292687,0.3536585365853659,0.3780487804878048,0.2682926829268292,0.2560975609756096,0.1890243902439025,0.0731707317073171,0.0975609756097563,0.18902439024390233,0.1951219512195121
691788,"Mack, Joe",2026,131,0.4732824427480916,0.5267175572519084,0.282442748091603,0.19083969465648856,0.05343511450381679,0.48091603053435106,0.29770992366412224,0.22137404580152678,0.29007633587786263,0.14503816793893132,0.03816793893129771,0.19083969465648842,0.15267175572519093,0.18320610687022906
693304,"Gonzales, Nick",2026,301,0.5415282392026577,0.45847176079734225,0.19933554817275748,0.23255813953488375,0.026578073089701004,0.4119601328903656,0.3056478405315615,0.28239202657807316,0.2857142857142854,0.17607973421926912,0.07973421926910298,0.12624584717608017,0.1295681063122924,0.20265780730897018
693307,"Dingler, Dillon",2026,272,0.36397058823529416,0.636029411764706,0.2977941176470588,0.2573529411764707,0.08088235294117647,0.41911764705882365,0.37867647058823506,0.2022058823529413,0.1985294117647059,0.13602941176470587,0.029411764705882356,0.22058823529411775,0.2426470588235292,0.17279411764705893
694192,"Chourio, Jackson",2026,213,0.4507042253521129,0.5492957746478873,0.2910798122065727,0.19718309859154928,0.0610328638497653,0.3192488262910799,0.4507042253521127,0.2300469483568076,0.21126760563380279,0.23474178403755863,0.004694835680751173,0.10798122065727714,0.21596244131455405,0.22535211267605643
694208,"Ballesteros, Moisés",2026,122,0.4672131147540984,0.5327868852459017,0.22131147540983606,0.24590163934426235,0.06557377049180327,0.37704918032786877,0.36065573770491793,0.26229508196721324,0.2131147540983608,0.20491803278688522,0.04918032786885242,0.16393442622950796,0.1557377049180327,0.2131147540983608
694212,"Basallo, Samuel",2026,202,0.4504950495049507,0.5495049504950491,0.272277227722772,0.22772277227722765,0.04950495049504949,0.4356435643564355,0.3564356435643565,0.20792079207920794,0.28217821782178215,0.14356435643564353,0.024752475247524764,0.15346534653465332,0.21287128712871295,0.18316831683168316
694249,"Carrigg, Cole",2026,100,0.3700000000000001,0.6299999999999998,0.29999999999999993,0.27999999999999997,0.049999999999999975,0.46999999999999986,0.2600000000000001,0.27000000000000013,0.22000000000000003,0.09999999999999998,0.04999999999999999,0.24999999999999983,0.16000000000000014,0.22000000000000014
694362,"Dunn, Blake",2026,110,0.46363636363636385,0.5363636363636364,0.21818181818181825,0.2545454545454545,0.06363636363636363,0.24545454545454554,0.49090909090909085,0.26363636363636367,0.1454545454545455,0.21818181818181828,0.10000000000000005,0.10000000000000003,0.2727272727272726,0.16363636363636364
694384,"Schanuel, Nolan",2026,267,0.4644194756554306,0.5355805243445692,0.18352059925093625,0.30337078651685384,0.048689138576779076,0.4119850187265915,0.38202247191011207,0.20599250936329594,0.22097378277153545,0.19475655430711603,0.04868913857677902,0.19101123595505604,0.18726591760299605,0.1573033707865169
694497,"Carter, Evan",2026,179,0.4078212290502792,0.5921787709497205,0.31843575418994396,0.17318435754189948,0.10055865921787709,0.3798882681564249,0.3687150837988827,0.2513966480446928,0.22346368715083811,0.1284916201117319,0.055865921787709494,0.1564245810055868,0.24022346368715078,0.1955307262569833
694671,"Langford, Wyatt",2026,162,0.3456790123456791,0.654320987654321,0.3024691358024691,0.24074074074074084,0.11111111111111108,0.40123456790123446,0.345679012345679,0.25308641975308643,0.17283950617283955,0.11111111111111109,0.06172839506172838,0.2283950617283949,0.2345679012345679,0.19135802469135804
694728,"Matthews, Brice",2026,140,0.49999999999999967,0.5000000000000001,0.24285714285714302,0.1785714285714286,0.07857142857142854,0.34285714285714286,0.47857142857142837,0.1785714285714286,0.2214285714285715,0.22142857142857147,0.05714285714285717,0.12142857142857136,0.2571428571428569,0.12142857142857144
695506,"Caglianone, Jac",2026,238,0.4453781512605042,0.5546218487394958,0.23949579831932769,0.277310924369748,0.037815126050420166,0.4411764705882353,0.3865546218487394,0.17226890756302532,0.26050420168067245,0.15966386554621845,0.025210084033613446,0.18067226890756283,0.22689075630252095,0.14705882352941188
695578,"Wood, James",2026,263,0.4220532319391636,0.5779467680608361,0.28517110266159684,0.2775665399239541,0.01520912547528517,0.31178707224334595,0.365019011406844,0.32319391634981,0.19391634980988603,0.16349809885931557,0.06463878326996197,0.11787072243345992,0.20152091254752844,0.258555133079848
695600,"Jensen, Carter",2026,239,0.3305439330543932,0.6694560669456067,0.35564853556485354,0.21338912133891222,0.10041841004184095,0.38075313807531375,0.3263598326359832,0.2928870292887026,0.17154811715481189,0.11297071129707108,0.046025104602510455,0.20920502092050186,0.21338912133891214,0.2468619246861921
695657,"Montgomery, Colson",2026,237,0.30379746835443033,0.6962025316455698,0.3670886075949367,0.19831223628691996,0.130801687763713,0.49789029535865,0.3164556962025315,0.18565400843881835,0.21518987341772158,0.07172995780590721,0.016877637130801686,0.28270042194092837,0.2447257383966243,0.16877637130801668
695731,"Montgomery, Braden",2026,107,0.5981308411214948,0.4018691588785047,0.18691588785046734,0.17757009345794394,0.03738317757009346,0.31775700934579426,0.38317757009345804,0.2990654205607477,0.24299065420560748,0.23364485981308417,0.12149532710280377,0.07476635514018679,0.14953271028037388,0.17757009345794394
695734,"Lile, Daylen",2026,323,0.3560371517027864,0.6439628482972134,0.34984520123838997,0.23219814241486056,0.061919504643962876,0.41486068111455127,0.30030959752321995,0.284829721362229,0.22910216718266246,0.10216718266253866,0.024767801857585144,0.1857585139318888,0.1981424148606813,0.26006191950464386
696030,"Osuna, Alejandro",2026,151,0.49668874172185484,0.5033112582781458,0.15231788079470196,0.27814569536423855,0.07284768211920534,0.25165562913907297,0.38410596026490057,0.36423841059602646,0.15894039735099336,0.2119205298013246,0.12582781456953634,0.09271523178807961,0.17218543046357598,0.23841059602649012
696100,"Goodman, Hunter",2026,234,0.3333333333333335,0.6666666666666664,0.329059829059829,0.2521367521367519,0.08547008547008547,0.48290598290598297,0.3205128205128204,0.19658119658119658,0.17948717948717952,0.11965811965811973,0.03418803418803421,0.30341880341880345,0.20085470085470064,0.16239316239316237
696285,"Young, Jacob",2026,234,0.41025641025641035,0.5897435897435896,0.26495726495726474,0.2777777777777778,0.04700854700854701,0.37179487179487214,0.37606837606837634,0.25213675213675213,0.21367521367521378,0.16239316239316248,0.0341880341880342,0.15811965811965836,0.21367521367521386,0.21794871794871792
699912,"Fernandez, Jose",2026,129,0.49612403100775204,0.5038759689922482,0.13178294573643418,0.22480620155038764,0.1472868217054264,0.4496124031007753,0.31007751937984485,0.24031007751937986,0.2713178294573643,0.15503875968992248,0.06976744186046514,0.178294573643411,0.15503875968992237,0.1705426356589147
700250,"Rice, Ben",2026,268,0.4253731343283582,0.5746268656716418,0.2985074626865672,0.23134328358208953,0.044776119402985065,0.48134328358208955,0.32835820895522416,0.19029850746268656,0.27238805970149244,0.13805970149253727,0.014925373134328356,0.20895522388059712,0.1902985074626869,0.17537313432835822
700337,"Quero, Edgar",2026,122,0.5163934426229506,0.4836065573770491,0.27868852459016397,0.17213114754098352,0.032786885245901634,0.30327868852459017,0.46721311475409844,0.2295081967213114,0.1967213114754099,0.237704918032787,0.0819672131147541,0.10655737704918028,0.22950819672131142,0.1475409836065573
700932,"Manzardo, Kyle",2026,190,0.35789473684210515,0.6421052631578947,0.331578947368421,0.22105263157894736,0.08947368421052634,0.43157894736842106,0.41052631578947374,0.15789473684210523,0.20000000000000004,0.13684210526315785,0.02105263157894737,0.23157894736842102,0.27368421052631586,0.13684210526315785
701358,"Smith, Cam",2026,253,0.47035573122529617,0.5296442687747037,0.24901185770751,0.2134387351778656,0.06719367588932809,0.3715415019762846,0.3873517786561265,0.24110671936758865,0.23320158102766803,0.17786561264822134,0.05928853754940714,0.13833992094861658,0.20948616600790518,0.18181818181818152
701398,"Stewart, Sal",2026,306,0.4542483660130717,0.5457516339869279,0.2875816993464052,0.20588235294117632,0.05228758169934642,0.330065359477124,0.38888888888888895,0.28104575163398715,0.1928104575163398,0.21241830065359477,0.04901960784313725,0.13725490196078421,0.17647058823529418,0.2320261437908499
701538,"Merrill, Jackson",2026,294,0.3911564625850341,0.6088435374149662,0.2789115646258504,0.261904761904762,0.06802721088435378,0.3775510204081633,0.336734693877551,0.2857142857142856,0.19727891156462599,0.14285714285714288,0.05102040816326532,0.1802721088435373,0.19387755102040813,0.23469387755102028
701675,"Church, Nathan",2026,207,0.49758454106280187,0.502415458937198,0.18840579710144914,0.20289855072463764,0.11111111111111113,0.33816425120772947,0.40579710144927533,0.2560386473429953,0.2077294685990339,0.22705314009661845,0.06280193236714977,0.13043478260869557,0.17874396135265688,0.19323671497584555
701678,"Lee, Hao-Yu",2026,131,0.3511450381679391,0.6488549618320609,0.27480916030534364,0.29770992366412186,0.07633587786259544,0.29007633587786275,0.3740458015267174,0.3358778625954198,0.11450381679389315,0.18320610687022906,0.05343511450381678,0.1755725190839696,0.19083969465648834,0.282442748091603
701762,"Kurtz, Nick",2026,204,0.4117647058823531,0.588235294117647,0.2892156862745097,0.2647058823529412,0.03431372549019609,0.3333333333333334,0.38235294117647056,0.28431372549019635,0.21078431372549036,0.13725490196078433,0.06372549019607844,0.12254901960784306,0.24509803921568624,0.22058823529411792
701807,"Benge, Carson",2026,290,0.4482758620689654,0.5517241379310344,0.25517241379310335,0.26206896551724146,0.034482758620689655,0.32413793103448296,0.3827586206896549,0.293103448275862,0.20344827586206893,0.18275862068965523,0.062068965517241406,0.12068965517241403,0.19999999999999965,0.2310344827586206
702222,"Crawford, Justin",2026,220,0.5545454545454547,0.4454545454545453,0.1681818181818181,0.22727272727272724,0.049999999999999996,0.2727272727272725,0.390909090909091,0.33636363636363636,0.18636363636363634,0.22272727272727266,0.14545454545454553,0.08636363636363614,0.16818181818181832,0.19090909090909083
702284,"Young, Cole",2026,310,0.4,0.6,0.26129032258064533,0.2451612903225804,0.09354838709677428,0.4419354838709679,0.3548387096774192,0.2032258064516131,0.21290322580645155,0.14193548387096783,0.04516129032258063,0.22903225806451638,0.21290322580645138,0.15806451612903247
702332,"Durbin, Caleb",2026,273,0.5018315018315022,0.498168498168498,0.1684981684981684,0.21978021978021975,0.1098901098901099,0.41758241758241754,0.39194139194139177,0.19047619047619047,0.2454212454212455,0.20146520146520153,0.05494505494505493,0.17216117216117205,0.19047619047619024,0.13553113553113555
702616,"Holliday, Jackson",2026,101,0.4257425742574259,0.5742574257425744,0.27722772277227725,0.25742574257425754,0.0396039603960396,0.38613861386138615,0.3762376237623763,0.23762376237623759,0.23762376237623772,0.14851485148514854,0.039603960396039646,0.14851485148514842,0.22772277227722776,0.19801980198019795
703607,"Bolte, Henry",2026,137,0.627737226277372,0.37226277372262767,0.18248175182481755,0.16058394160583933,0.029197080291970802,0.313868613138686,0.43065693430656937,0.2554744525547446,0.24817518248175194,0.2627737226277373,0.11678832116788329,0.06569343065693409,0.16788321167883208,0.1386861313868613
800050,"DeLauter, Chase",2026,283,0.4098939929328625,0.5901060070671377,0.20494699646643097,0.27915194346289757,0.10600706713780918,0.381625441696113,0.34982332155477047,0.26855123674911646,0.20494699646643105,0.16607773851590105,0.03886925795053007,0.17667844522968196,0.18374558303886943,0.2296819787985864
802139,"Wetherholt, JJ",2026,318,0.42767295597484284,0.5723270440251573,0.30188679245283034,0.23270440251572327,0.03773584905660381,0.36792452830188693,0.3867924528301884,0.2452830188679246,0.22641509433962265,0.15408805031446546,0.04716981132075474,0.14150943396226429,0.23270440251572297,0.19811320754716988
802415,"Simpson, Chandler",2026,335,0.6089552238805972,0.3910447761194032,0.14328358208955236,0.22089552238805976,0.026865671641791045,0.27164179104477615,0.4149253731343281,0.3134328358208958,0.21194029850746268,0.25970149253731367,0.1373134328358209,0.059701492537313466,0.15522388059701442,0.17611940298507492
803011,"Antonacci, Sam",2026,243,0.510288065843621,0.48971193415637837,0.21810699588477353,0.24279835390946497,0.028806584362139922,0.3333333333333333,0.41975308641975295,0.24691358024691357,0.20987654320987661,0.24691358024691368,0.05349794238683127,0.1234567901234567,0.17283950617283927,0.1934156378600823
804606,"Griffin, Konnor",2026,162,0.5308641975308642,0.46913580246913583,0.1790123456790125,0.2530864197530863,0.03703703703703705,0.41358024691358025,0.3333333333333333,0.2530864197530864,0.2592592592592593,0.1790123456790124,0.09259259259259256,0.15432098765432095,0.15432098765432092,0.16049382716049382
805300,"Marsee, Jakob",2026,256,0.38671875000000006,0.6132812500000001,0.22656249999999992,0.25390625000000006,0.13281250000000008,0.4140625,0.33203124999999983,0.2539062499999999,0.19531250000000006,0.14062500000000003,0.05078125,0.21874999999999994,0.1914062499999998,0.2031249999999999
805367,"Meidroth, Chase",2026,277,0.516245487364621,0.48375451263537894,0.19855595667870038,0.2418772563176894,0.043321299638989175,0.3935018050541521,0.34657039711191356,0.259927797833935,0.23465703971119145,0.22382671480144406,0.05776173285198554,0.15884476534296066,0.1227436823104695,0.20216606498194944
805779,"Wilson, Jacob",2026,231,0.5108225108225106,0.4891774891774892,0.22510822510822517,0.23376623376623368,0.03030303030303033,0.3333333333333335,0.40692640692640686,0.25974025974025977,0.1991341991341991,0.22077922077922082,0.09090909090909094,0.13419913419913437,0.18614718614718603,0.16883116883116883
805808,"McGonigle, Kevin",2026,319,0.3260188087774296,0.6739811912225706,0.3479623824451411,0.2351097178683386,0.09090909090909091,0.38557993730407525,0.36363636363636354,0.25078369905956127,0.1912225705329154,0.10658307210031343,0.028213166144200642,0.19435736677115986,0.2570532915360501,0.22257053291536064
805811,"Eldridge, Bryce",2026,153,0.37908496732026153,0.6209150326797385,0.3333333333333334,0.24183006535947704,0.045751633986928095,0.4313725490196078,0.3333333333333335,0.23529411764705888,0.2287581699346406,0.1045751633986928,0.045751633986928095,0.2026143790849672,0.22875816993464068,0.18954248366013077
805999,"Ewing, A.J.",2026,165,0.4545454545454546,0.5454545454545456,0.25454545454545463,0.24242424242424254,0.04848484848484847,0.32121212121212117,0.36363636363636365,0.3151515151515151,0.1696969696969697,0.2,0.08484848484848485,0.15151515151515146,0.16363636363636364,0.2303030303030303
806068,"Emerson, Colt",2026,110,0.4727272727272728,0.5272727272727273,0.21818181818181823,0.21818181818181817,0.0909090909090909,0.409090909090909,0.30909090909090914,0.2818181818181819,0.2454545454545455,0.1636363636363636,0.06363636363636364,0.1636363636363635,0.14545454545454553,0.21818181818181825
807712,"Keaschall, Luke",2026,273,0.38461538461538447,0.6153846153846153,0.27472527472527464,0.24908424908424903,0.09157509157509161,0.380952380952381,0.31868131868131866,0.3003663003663005,0.2307692307692308,0.10989010989010987,0.043956043956043946,0.15018315018315018,0.20879120879120877,0.25641025641025655
807713,"Shaw, Matt",2026,105,0.4190476190476191,0.5809523809523811,0.23809523809523822,0.24761904761904768,0.09523809523809525,0.31428571428571433,0.39047619047619037,0.29523809523809513,0.18095238095238098,0.1904761904761905,0.04761904761904761,0.13333333333333336,0.19999999999999987,0.24761904761904752
807799,"Yoshida, Masataka",2026,179,0.49162011173184356,0.5083798882681563,0.24022346368715075,0.223463687150838,0.0446927374301676,0.4245810055865923,0.3575418994413407,0.21787709497206717,0.25139664804469275,0.17877094972067045,0.06145251396648048,0.17318435754189954,0.17877094972067023,0.1564245810055867
808959,"Murakami, Munetaka",2026,142,0.40845070422535207,0.5915492957746482,0.40140845070422554,0.14788732394366205,0.04225352112676057,0.4366197183098591,0.37323943661971837,0.19014084507042261,0.23943661971830973,0.1267605633802817,0.04225352112676057,0.19718309859154934,0.24647887323943668,0.14788732394366205
808982,"Lee, Jung Hoo",2026,326,0.4509202453987728,0.5490797546012269,0.20858895705521477,0.30368098159509194,0.03680981595092024,0.39570552147239246,0.3527607361963189,0.2515337423312882,0.2300613496932515,0.14723926380368094,0.07361963190184052,0.16564417177914095,0.205521472392638,0.1779141104294477
810938,"Williamson, Ben",2026,180,0.5444444444444443,0.45555555555555555,0.12777777777777774,0.2777777777777778,0.05,0.2666666666666667,0.3833333333333333,0.3499999999999999,0.1611111111111111,0.23888888888888898,0.14444444444444438,0.10555555555555562,0.14444444444444432,0.20555555555555555